{"type":"FeatureCollection","features":[{"type":"Feature","id":30047,"geometry":{"type":"Polygon","coordinates":[[[-111.52979400037104,45.674079999867608],[-111.52972400005081,45.673874999758993],[-111.52945899973696,45.67359800001158],[-111.52912800019915,45.673276999867348],[-111.52877699967156,45.672921999728487],[-111.52833900000365,45.672605999766922],[-111.5278219997947,45.672349999967722],[-111.5277309995581,45.672310999871002],[-111.52736800023325,45.672152000016283],[-111.52698900011657,45.671863999863675],[-111.52683299958267,45.67166999987576],[-111.52660099977905,45.671381999753677],[-111.52655100044866,45.67131600017089],[-111.52636499977751,45.67107400019767],[-111.52621400016477,45.670565999729547],[-111.52620699959377,45.669999000270288],[-111.52620699959377,45.668838999807406],[-111.52619900009614,45.668273999823803],[-111.52621599981458,45.667177000074616],[-111.5263150004471,45.66670300008839],[-111.52642599987688,45.666462000301792],[-111.52653600038005,45.666222000152707],[-111.52674300006929,45.665733000031217],[-111.52688799983424,45.665189000213623],[-111.5270119996828,45.664641999905648],[-111.527378000279,45.663154000312709],[-111.52749899975451,45.662694999936001],[-111.52756599970166,45.662241000155014],[-111.52745699992172,45.661824000103614],[-111.5272090002246,45.661648000288089],[-111.526673999574,45.661404000313496],[-111.52619300024837,45.661125000096995],[-111.52571299984936,45.660801000186808],[-111.52521400008206,45.660552999694112],[-111.52463400012391,45.660413000075167],[-111.52403700044734,45.660315999784082],[-111.52350699981962,45.660258999838867],[-111.52295000032602,45.660119000112637],[-111.52241200020066,45.659874000220313],[-111.52188900014393,45.659540999734396],[-111.52148599973781,45.659149999788383],[-111.52113199973546,45.658711999907915],[-111.52093199971893,45.658421999922368],[-111.52083100033492,45.658276000118946],[-111.52063299996819,45.657759999956816],[-111.52058299973947,45.657160000140884],[-111.52055299960223,45.656528000037866],[-111.52050999994455,45.655320999788337],[-111.52045999971583,45.654227000046916],[-111.52046300008887,45.653898999966373],[-111.52046999976159,45.653806000141451],[-111.52048900002815,45.653572999766958],[-111.52061700007467,45.653198000303256],[-111.52090800032779,45.652775999909998],[-111.52128900009431,45.652312000259386],[-111.52209199963521,45.651360999820888],[-111.52241999969827,45.650871000190151],[-111.52255699996562,45.650357999976585],[-111.52265700042304,45.649832999777367],[-111.52277200005078,45.649279000217504],[-111.52295500034889,45.648223000089438],[-111.52313100007598,45.647315000169357],[-111.52319999967295,45.646920999715235],[-111.52321100044193,45.646861000027734],[-111.52329900030547,45.646390000060173],[-111.52337999959802,45.64604299971981],[-111.52341999978097,45.645709000096595],[-111.52338399979595,45.645446999758093],[-111.52354399962952,45.64534399991026],[-111.52379399987478,45.645157999955238],[-111.5241179997399,45.644902000236286],[-111.52429199981715,45.644752999689508],[-111.52463099975087,45.644434000178997],[-111.52479200030767,45.644266000090497],[-111.52509400043147,45.64391099998462],[-111.52522900015067,45.643726999938018],[-111.52534499960331,45.643538999989786],[-111.52556700025949,45.643152000057924],[-111.52603800043768,45.642290999932996],[-111.52124999973626,45.642307999835239],[-111.52117199991845,45.642302000128936],[-111.51951999990757,45.642319999873948],[-111.51944499956451,45.642315000015103],[-111.49975699987657,45.642311999848424],[-111.49799699991068,45.642306999988882],[-111.49766800002271,45.642346000262975],[-111.49692099965998,45.642327999898264],[-111.49543199985573,45.642323999886223],[-111.49019799998879,45.642307999835239],[-111.4820030002318,45.642274999872598],[-111.47952400039058,45.642273000178726],[-111.47843899991908,45.642262999824254],[-111.47667399993031,45.64225600026591],[-111.47249700004748,45.642237999872329],[-111.47124500006969,45.642237000024721],[-111.47002099968098,45.642229999835102],[-111.4654799997501,45.642217999777131],[-111.46352999981339,45.642212999909241],[-111.46238199959271,45.642203000172081],[-111.46181300040352,45.642203000172081],[-111.46057200029638,45.642191999956708],[-111.45725800022892,45.642180999739224],[-111.45655299969899,45.642178000193375],[-111.45655400042222,45.642227000291882],[-111.45652299956176,45.642456999976496],[-111.45653900035362,45.642572000092713],[-111.4566089997755,45.642719999692908],[-111.4566869995933,45.642841000174613],[-111.45685999984566,45.643010999807757],[-111.4569460000594,45.643072000311392],[-111.45710199969498,45.643159000132329],[-111.45718000041111,45.643188000251975],[-111.45695600010512,45.643286999724353],[-111.45606999982525,45.643680000167066],[-111.45377199973399,45.644629999959548],[-111.44883599979289,45.646659999790018],[-111.44762499982298,45.64715400013214],[-111.44641300002819,45.647518999828819],[-111.44549400013632,45.647667000175701],[-111.44473500007803,45.647712999991676],[-111.44386999971454,45.647737000262929],[-111.44251399997968,45.647783000021462],[-111.44149800000346,45.647959000086608],[-111.44090399980161,45.64810800026968],[-111.44021199969048,45.64830899970751],[-111.43900900011651,45.648753000220736],[-111.43782400008587,45.649216999841947],[-111.43680700028473,45.649574000294493],[-111.43497199997577,45.650277000141323],[-111.43129700023326,45.651731000007665],[-111.43036900012059,45.652082999892002],[-111.42983400036829,45.652280000206773],[-111.42933100040304,45.652450000080769],[-111.42884599998115,45.652560999867767],[-111.42796300007433,45.652731999804963],[-111.42713799989377,45.652801999841664],[-111.42597200012975,45.652886000021311],[-111.42406200037601,45.653012999709851],[-111.42295599998809,45.65303299971864],[-111.42197099997401,45.652933000231329],[-111.42104600023436,45.652711000028113],[-111.42002000021239,45.652390000036391],[-111.41902699980237,45.652027000029847],[-111.41811499958321,45.651707000191891],[-111.41660300021276,45.651214999817967],[-111.4154440001214,45.650807000303757],[-111.41437600026663,45.650368999844446],[-111.41257500029283,45.649546000058045],[-111.41242100030705,45.649479999848978],[-111.41187899998374,45.649245999965359],[-111.41135099990414,45.649066000017655],[-111.41090999986318,45.648944999793947],[-111.4108410002662,45.648930999834221],[-111.41054300034037,45.64887099978781],[-111.41031499983643,45.648828999842657],[-111.40960099998398,45.648744999857946],[-111.40883899955266,45.648721000018575],[-111.40788399967579,45.648793000133765],[-111.40514100024394,45.649104999982114],[-111.40425300031423,45.649189000054967],[-111.40354500030956,45.649223999786486],[-111.40201299994931,45.649214999767885],[-111.39139100022963,45.64918699997996],[-111.38873599976303,45.649187999703486],[-111.38617699955586,45.6491809997544],[-111.38506199984543,45.649168999929437],[-111.38194500031977,45.649155999749844],[-111.38001899977421,45.649152999949472],[-111.3783719997862,45.649141999842847],[-111.37780400042197,45.649141999842847],[-111.37650899988813,45.649141999842847],[-111.37466500025666,45.649130999734069],[-111.37227400027901,45.64913299981108],[-111.3639029998966,45.649123999777871],[-111.36284599991247,45.649118000173587],[-111.36159200028486,45.649113000293532],[-111.36084400009725,45.649104000257104],[-111.35991900035761,45.649077000139194],[-111.35908699960608,45.649043999768033],[-111.35789800027581,45.648934000274423],[-111.35673199961343,45.64880099986177],[-111.35574199957648,45.648713000279152],[-111.35469399981319,45.648631000215424],[-111.35456900013972,45.648627999758951],[-111.35381699975413,45.648606999699226],[-111.35131600017162,45.648516999712896],[-111.35073799986331,45.648520000175267],[-111.35020999978369,45.64852799994226],[-111.34949900030431,45.648539000169464],[-111.34867099975074,45.648574000307136],[-111.34774099998822,45.648624000196726],[-111.34765999979736,45.648629000120437],[-111.34672900020995,45.648683999879736],[-111.34614699970369,45.648721000018575],[-111.3456470001115,45.648784000045922],[-111.34520000022273,45.648851000176712],[-111.34473099969436,45.648935000002503],[-111.344204000338,45.649047000202224],[-111.34344699992954,45.649239000023563],[-111.34280199967408,45.649448999781022],[-111.34233700024197,45.649628000038206],[-111.34178400004801,45.649860000158824],[-111.34144400028939,45.650020999953774],[-111.34113600031783,45.650171999715347],[-111.34086400033127,45.650324000029009],[-111.34051100015384,45.650534000114213],[-111.3402559998857,45.65069099981303],[-111.3400149998613,45.650855999762165],[-111.33966699970675,45.651105999881636],[-111.33934500038978,45.651356000141057],[-111.33892100006724,45.651721999764],[-111.33871600002783,45.651913999834719],[-111.33828699968244,45.652342999998623],[-111.33797000038837,45.65274000022626],[-111.33763499975429,45.653168999714339],[-111.33714400038292,45.653857000024061],[-111.33655000018108,45.654656000074574],[-111.33597900044377,45.655403999716654],[-111.33584899984911,45.655563000052823],[-111.33548999982391,45.655953999930844],[-111.3353259997924,45.656125000182044],[-111.33493199960708,45.656494000068577],[-111.33458900037371,45.656785000209091],[-111.33418699979252,45.657103000122241],[-111.33376800039116,45.657397999801191],[-111.33338400025161,45.65765700014726],[-111.33290800005055,45.657940999784906],[-111.3320739996492,45.658389000034489],[-111.33156999985904,45.658607000227342],[-111.33099300027395,45.658840999927655],[-111.3306450001194,45.658966999747605],[-111.33043099985917,45.659055999718639],[-111.3303000003379,45.659096999982204],[-111.32987699984031,45.659218999792635],[-111.32903400011641,45.659443999816176],[-111.3280609997979,45.659647999876455],[-111.32726900012764,45.65978000011031],[-111.32627900009069,45.659894000290166],[-111.32521600025879,45.659936000099627],[-111.32438799970521,45.659941999800765],[-111.32327700019276,45.659914999884883],[-111.32093600044379,45.659831000202956],[-111.31815100028084,45.659724999946057],[-111.3175639997517,45.659710000006029],[-111.31698700016661,45.659731000297661],[-111.31622200026054,45.659804000233542],[-111.31584399996876,45.659846000110512],[-111.31532000008713,45.659950999979102],[-111.31462799997598,45.660119000112637],[-111.31406100043665,45.660318000089561],[-111.31370499988618,45.660453999972937],[-111.3132639998452,45.660673999952763],[-111.31267700021439,45.660999000110579],[-111.31209999973096,45.661366000257793],[-111.31136599978707,45.661849000103885],[-111.31111499971689,45.662006000101506],[-111.31085399960099,45.662166000018054],[-111.3106100001018,45.662284999694734],[-111.31039300036684,45.662403000258699],[-111.30981000003565,45.662636000306712],[-111.30975800015713,45.662652000201696],[-111.30904500012959,45.662865000212037],[-111.30822599979686,45.663052999960478],[-111.30715000044448,45.663291999784555],[-111.30572400038943,45.66361199997138],[-111.30554100009132,45.663653000037776],[-111.30488099976725,45.663841999741031],[-111.30363399981233,45.664107999753867],[-111.30311900015153,45.664224000076487],[-111.30258699987397,45.66432400011837],[-111.3018720001966,45.664457000079352],[-111.30117400023769,45.664540000277228],[-111.30047499955555,45.664589999724363],[-111.29974399998468,45.66460599968871],[-111.29887899962118,45.66460599968871],[-111.29816399994382,45.664573000306625],[-111.29728299968681,45.664473000081713],[-111.29572399956238,45.664210000169383],[-111.29440800001049,45.663970999869733],[-111.29320399971328,45.663805000174868],[-111.29248499983798,45.663722000142911],[-111.29188999981122,45.663681000127092],[-111.29144700012043,45.663653000037776],[-111.29079600001718,45.663638999987839],[-111.28978599988874,45.663624999934449],[-111.28903699987619,45.663630999868055],[-111.28895599968533,45.663631999961609],[-111.28843600000168,45.663630999868055],[-111.28793499968624,45.663629000308802],[-111.28261499960558,45.663673000013304],[-111.2801659999016,45.663689000239692],[-111.27840799958553,45.663683999777064],[-111.27509299969314,45.663732999897036],[-111.27436700014512,45.663780999883294],[-111.27362200033055,45.66386499991718],[-111.27250599989689,45.664039000124475],[-111.27156100006576,45.664240000145433],[-111.26918400033182,45.664840000057026],[-111.26642299955998,45.665549000102907],[-111.26436399984333,45.666095000287882],[-111.26337299998147,45.666340999996883],[-111.26255700002177,45.666545000038091],[-111.26238899979229,45.666585999839675],[-111.2619040002687,45.666708999692148],[-111.2614120001741,45.666841000228388],[-111.26062299997861,45.66708999989315],[-111.25989900008042,45.667360000274748],[-111.25928399996218,45.667612000209225],[-111.25847499967519,45.667978999693858],[-111.25667799989937,45.668993000297078],[-111.25598900016129,45.669369000063128],[-111.2553000004232,45.669691999993965],[-111.25423199967013,45.670122000155935],[-111.25344400019785,45.670349000250745],[-111.25270000020818,45.670529000213477],[-111.25199700022638,45.670660999901941],[-111.25119299996226,45.670774999895912],[-111.25049099980539,45.670826999981259],[-111.25026900004752,45.670826999981259],[-111.2493800002929,45.670869999713574],[-111.24875199975587,45.670869999713574],[-111.24832599978353,45.670869999713574],[-111.24814900023152,45.670868999749366],[-111.2390940001339,45.67094800000492],[-111.23790699955512,45.67093499985927],[-111.22796699990087,45.670964999997658],[-111.22736100000344,45.670972999697078],[-111.2273290002164,45.670985999833853],[-111.2273290002164,45.67097400028711],[-111.22625399979063,45.67098299994742],[-111.22547100034122,45.670987999758054],[-111.22497099985071,45.670999999929528],[-111.22375800023097,45.671014999983313],[-111.21824300015663,45.671061000081288],[-111.21755699989329,45.671072000276546],[-111.21744499974031,45.671073000237115],[-111.21322199982671,45.671116999740221],[-111.21260199968559,45.671157999959362],[-111.2120159998797,45.671222999770642],[-111.21136499977644,45.671318000083296],[-111.20997600042963,45.671604000004827],[-111.20945599984762,45.671716000063128],[-111.20900700030906,45.671817999797902],[-111.20895600025543,45.671829999791427],[-111.20908299957873,45.67194499986023],[-111.21040200040198,45.673879999938976],[-111.21043300036412,45.67423000012959],[-111.21027299963222,45.674869999784931],[-111.21003499998085,45.675075000014751],[-111.20978999975847,45.675193999868],[-111.20975200012363,45.675371000289246],[-111.20971699996353,45.676803999926129],[-111.20969900042019,45.676861999829477],[-111.20978200026086,45.677534000213257],[-111.20980400000218,45.677978999821683],[-111.20977499968984,45.678057000247449],[-111.20969299967409,45.678251000062481],[-111.20959599958971,45.678469000113232],[-111.20944099977901,45.678653000249447],[-111.20931399955741,45.678754999893727],[-111.20918800005903,45.678852000244376],[-111.20897999964656,45.679026000309712],[-111.20890699985162,45.679099000190412],[-111.20876700010953,45.679229999935302],[-111.20865999997942,45.67932700009014],[-111.20854899965136,45.679530999873606],[-111.20851500021446,45.679719999941412],[-111.20826199959616,45.679691999715942],[-111.20802999979257,45.679628000134272],[-111.20785499989037,45.679618000173399],[-111.20775399960804,45.679631999992587],[-111.20760600036836,45.679677000104952],[-111.20735100010023,45.679943000183314],[-111.2072990002217,45.680001999772209],[-111.20722100040389,45.680091999993195],[-111.20712799961915,45.680195999747518],[-111.20697899965624,45.68037099982115],[-111.20692699977769,45.680507999733464],[-111.20689400016576,45.680663999701622],[-111.20687499989917,45.680780000232787],[-111.20686400002852,45.680875999797991],[-111.20678200001274,45.680973000237344],[-111.20669599979902,45.681129000164184],[-111.20658500036926,45.68118499979046],[-111.20640299989606,45.68120399999836],[-111.20624600043554,45.681169999952097],[-111.20617899959007,45.681110999712075],[-111.20609400009957,45.681055000011732],[-111.20596699987796,45.681025000261272],[-111.20585899992294,45.681035999753227],[-111.20573699972419,45.681084999746091],[-111.20555099995136,45.681155000109719],[-111.20537600004918,45.681186000197961],[-111.20508200032131,45.681361000313103],[-111.20469499980871,45.681689000180604],[-111.20453499997512,45.681912000106088],[-111.20452099973143,45.68199099983547],[-111.20449700034031,45.68212399986681],[-111.20457799963283,45.68268899998602],[-111.20474500003743,45.683170000241859],[-111.20471700044833,45.683271000067727],[-111.20468800013599,45.683378999779173],[-111.2050470001612,45.684079000268902],[-111.20513300037491,45.684429000053314],[-111.20512099978106,45.684519999776633],[-111.20510599971243,45.684639999971687],[-111.20490900006895,45.685009999894049],[-111.20467800009028,45.685245000015712],[-111.20420899956189,45.685447999854865],[-111.20382600014557,45.685540999834977],[-111.2036040003877,45.685685999745239],[-111.20343699998314,45.685925000200875],[-111.20333400005097,45.686258999686366],[-111.20330899993661,45.686704999869335],[-111.2033509997694,45.686919000276212],[-111.20339000012746,45.687218999966809],[-111.20332400000524,45.687445999740667],[-111.20316400017165,45.687706999707835],[-111.20312700036175,45.687776999943914],[-111.20303199992719,45.687957999986956],[-111.20294499988853,45.688471000216694],[-111.20299699976709,45.688789999883085],[-111.20305200001867,45.688959999971374],[-111.20312200033887,45.689102999900264],[-111.2032160000502,45.689223000304423],[-111.20323199994371,45.68927300029226],[-111.20374599977963,45.689557000178475],[-111.20396699971255,45.689679999748016],[-111.20430900001932,45.689842000130433],[-111.20496000012257,45.689957000206277],[-111.20526100042144,45.690245999729534],[-111.20537199985122,45.690488999864527],[-111.20532400017063,45.690729000115844],[-111.20521399966748,45.690862000080905],[-111.20511099973531,45.690975999709622],[-111.20501799984889,45.691111000174892],[-111.20487399990884,45.6913670001112],[-111.2048499996194,45.691598999845304],[-111.2048980001983,45.691833000306275],[-111.20492199958942,45.691951000070858],[-111.2051380003978,45.692238999748447],[-111.20568200037093,45.692334999729731],[-111.20597899957355,45.692271000178835],[-111.20641899978959,45.692230999951754],[-111.20680100027931,45.692311999958392],[-111.20698200002929,45.692468000268157],[-111.20715500028166,45.692615999773672],[-111.2071589995813,45.69269999982756],[-111.20717100017517,45.692960000180776],[-111.2070539999993,45.693165000017281],[-111.20701100034162,45.693240000029917],[-111.20632300042844,45.693750999764539],[-111.20624800008537,45.693806999932889],[-111.20623499966659,45.693816000313269],[-111.20605899993947,45.693927999836312],[-111.20601899975649,45.694104999975409],[-111.20607499983299,45.69420099989096],[-111.20610699962006,45.694314000070598],[-111.20617000026758,45.694469999815745],[-111.2062449997123,45.694594000042805],[-111.20632000005538,45.6947199996984],[-111.2065250000948,45.694872000169987],[-111.20669300032428,45.695059999702885],[-111.20672699976116,45.695079000217937],[-111.20673500015708,45.695106000113178],[-111.20674500020283,45.695178999718117],[-111.20683800008923,45.69598400003526],[-111.20693500017362,45.696374999934051],[-111.20735799977292,45.696894999769711],[-111.20766599974451,45.697168999892789],[-111.20785400006545,45.697346999931156],[-111.20794199992903,45.697484000307966],[-111.20797299989117,45.697553000114191],[-111.20807699964823,45.697748000197386],[-111.20811099998342,45.698017000000512],[-111.20806599977756,45.698205999729566],[-111.20796799986829,45.698384000231364],[-111.20762999975949,45.698607000109774],[-111.20730400024456,45.698739000068933],[-111.20705200034949,45.698892999836573],[-111.20662800002695,45.699101000144999],[-111.20631099983456,45.699286000266881],[-111.20622700016895,45.69936399984654],[-111.20619700003174,45.699391000182416],[-111.20610199959718,45.699591999972753],[-111.20612900025968,45.699796999966601],[-111.20615900039691,45.700018999785584],[-111.20622399979592,45.70018999968957],[-111.20625200028331,45.700264000252695],[-111.20651099985109,45.70049399997027],[-111.2067510000506,45.700567000070173],[-111.20720899981001,45.700672000089725],[-111.20756700001029,45.700773999740605],[-111.20827699966478,45.701204000085944],[-111.20862399999442,45.70158400003131],[-111.20867599987295,45.701689000023073],[-111.20871699988082,45.701888000261143],[-111.20864099971286,45.702197000251523],[-111.20857200011586,45.702410999729196],[-111.20856999956773,45.702452000230423],[-111.20855399967421,45.702532999862221],[-111.20856600026809,45.702594000142589],[-111.20866800037534,45.702792000275124],[-111.20882200036112,45.702957999763527],[-111.20900599958583,45.703074999877749],[-111.20921099962524,45.703173000106723],[-111.2093279998011,45.703246999858521],[-111.2093910004486,45.703292999807459],[-111.20941700038789,45.703328000220615],[-111.20943699958104,45.703382000187638],[-111.2094399999541,45.70341299987799],[-111.20944800035002,45.70345600029016],[-111.20944800035002,45.703475999843249],[-111.20932699997618,45.703620000303907],[-111.20916999961737,45.703767999780901],[-111.20914200002828,45.703810999920016],[-111.20919599955663,45.703897000099097],[-111.20935100026563,45.703983000145826],[-111.20945099982475,45.704043000100121],[-111.20952000032005,45.704089000021462],[-111.2095880000921,45.704154999842444],[-111.20962599972694,45.704221000212925],[-111.20961999987915,45.704321000302549],[-111.2095880000921,45.704355000078955],[-111.20952799981764,45.704403999720405],[-111.20948299961179,45.704477999724816],[-111.20945400019779,45.704547000310434],[-111.2094249998855,45.704627000055396],[-111.20941700038789,45.704670000161158],[-111.20941400001483,45.704686999945814],[-111.20947099991625,45.704875999713053],[-111.20957999969619,45.704937999929015],[-111.20972899965909,45.704959000188914],[-111.20982900011653,45.704956000241872],[-111.20992299982784,45.705028000180839],[-111.20997200023164,45.705073999918994],[-111.21001800026244,45.70510499992578],[-111.21008699985939,45.705157000100932],[-111.21010699995087,45.705164999930524],[-111.21014600030894,45.705184000148634],[-111.21021699955574,45.705194999908741],[-111.2103270000589,45.705199999799035],[-111.21036999971662,45.705208000249812],[-111.21043300036412,45.705208000249812],[-111.21050699998395,45.705230999735939],[-111.21059300019769,45.705305999876408],[-111.21075100038144,45.705448000067555],[-111.21096499974335,45.705548999816152],[-111.21121400016371,45.70574800011596],[-111.21127899956271,45.705767000135928],[-111.21139900011163,45.705814999827389],[-111.21142300040106,45.705917000132757],[-111.21126600004224,45.706072000166628],[-111.21114100036877,45.706107000094555],[-111.21108299974414,45.706171000121195],[-111.21099400005568,45.706288999742981],[-111.21088399955249,45.706442000088543],[-111.2107070000005,45.706648999963292],[-111.21060900009121,45.706830999729021],[-111.21063500003048,45.707020999720896],[-111.21080800028284,45.707258000086576],[-111.21101599979698,45.707460999698789],[-111.21116399993498,45.707727000021528],[-111.21121900018657,45.708023999975765],[-111.21123099988213,45.708231000265279],[-111.21121900018657,45.708348999929711],[-111.21113799999573,45.708565000158544],[-111.21097300013928,45.708709000056501],[-111.2107699997497,45.70879799996915],[-111.2103339997316,45.708904000124214],[-111.2099460002924,45.708996000083999],[-111.20966400026009,45.709179000269849],[-111.20964900019148,45.709197999750891],[-111.20957499967331,45.709334000040826],[-111.20950299970328,45.709516999747301],[-111.20945099982475,45.71004699984956],[-111.20949900040362,45.710554000148733],[-111.21035200017326,45.71262699984019],[-111.21039999985383,45.712757000257035],[-111.21043500001392,45.712939000207157],[-111.21043599983884,45.713119999728278],[-111.21039099963299,45.71329500029163],[-111.21030000029472,45.713494999816433],[-111.21018099957074,45.713749999693555],[-111.2100940004304,45.713967000197684],[-111.21009899955494,45.714231999849744],[-111.21008699985939,45.714494000064526],[-111.21008199983653,45.714776000206399],[-111.21018999979155,45.714867000104149],[-111.21020800023322,45.714941999860265],[-111.21022999997452,45.715090999896688],[-111.21028799970084,45.715330999932497],[-111.21033299990668,45.715629999834036],[-111.21039800020401,45.715829999783509],[-111.21040400005178,45.715846000149959],[-111.21129399963132,45.716097000202971],[-111.2125039997763,45.715823000013778],[-111.21304600009962,45.715596999808035],[-111.21336800031492,45.71535100025482],[-111.21384299979273,45.7151479998182],[-111.21384600016579,45.715172000031828],[-111.21508399989986,45.715596999808035],[-111.21523500041093,45.716253999792926],[-111.21522600019009,45.716307000038348],[-111.21450999978953,45.717626000082753],[-111.21449100042125,45.718248999960295],[-111.2146429998589,45.718626999967363],[-111.21554000000945,45.719286999882357],[-111.21643700015998,45.719286999882357],[-111.21684800006373,45.719470999962773],[-111.21663200015367,45.719567999948751],[-111.21688099967568,45.719730000293424],[-111.21707700039259,45.719797999895533],[-111.21725899996746,45.720195000218418],[-111.2174099995802,45.720367999909556],[-111.21744300009047,45.720616999688353],[-111.21726999983812,45.72085400010188],[-111.21704300005739,45.721103000223465],[-111.21685899993436,45.721297999694983],[-111.21676199985001,45.721611000253965],[-111.21702100031609,45.721913999761924],[-111.21761600034284,45.722313999743946],[-111.2175510000455,45.722552000152298],[-111.21743200021982,45.722864999957451],[-111.21730199962516,45.723071000182742],[-111.21710800035473,45.723417000033059],[-111.21684800006373,45.72384899983242],[-111.21696699988941,45.724140999953207],[-111.21742100034916,45.72438999984923],[-111.21794000020795,45.72448700007503],[-111.21831199975361,45.724696999734697],[-111.21855500032619,45.724896000215693],[-111.21867900017473,45.725020000062401],[-111.21876399966523,45.725179999781552],[-111.21876399966523,45.725319000168973],[-111.21874399957373,45.72546100031137],[-111.21850400027253,45.725900999979757],[-111.21847400013533,45.726015999891935],[-111.2184799999831,45.726169000166031],[-111.21851900034117,45.726350000104908],[-111.21859799998388,45.726512999821722],[-111.21877899973386,45.726693999900199],[-111.2188809998411,45.72677299970902],[-111.21892400039711,45.726856999867394],[-111.21898999962104,45.72706899982493],[-111.21903499982689,45.727368999833381],[-111.21900399986475,45.727425999772009],[-111.21878999960451,45.728842999825638],[-111.21905599974328,45.729342000032048],[-111.21942900001218,45.729542999981646],[-111.21970299964858,45.729931999988459],[-111.21982700039545,45.730870999896851],[-111.22030100004837,45.731801999916868],[-111.22102099974859,45.732417000045231],[-111.22126699979587,45.733418000159269],[-111.22172100025566,45.734149000235639],[-111.22251399975079,45.734699999712333],[-111.22256599962934,45.734756000244651],[-111.22283900033912,45.734907000258225],[-111.22301400024131,45.735223000011608],[-111.22324299967185,45.735838000087952],[-111.22358499997861,45.736443999875327],[-111.2238579997901,45.737101999903309],[-111.22313700026496,45.738260999891999],[-111.22305000022632,45.73837600006226],[-111.22330399977123,45.738841000271123],[-111.22427000041705,45.739746000064962],[-111.22462199987123,45.740694000210567],[-111.22370800000226,45.741054000104292],[-111.22350399978777,45.741256999827229],[-111.22346000030514,45.741600000016632],[-111.22389100030037,45.742322000100053],[-111.22474800026795,45.742933000009721],[-111.22542500031047,45.743175999961146],[-111.22546799996815,45.743225999969546],[-111.22550999980095,45.743276999856782],[-111.22561799975598,45.743404999958585],[-111.22567499965739,45.743474000126838],[-111.22572499988611,45.743534000312827],[-111.22613999998781,45.744123000261439],[-111.22638199983714,45.744463999965021],[-111.22644600030958,45.744900000182639],[-111.22641699999724,45.745329000295357],[-111.22649599963995,45.745649000148362],[-111.22670200040261,45.746082000267435],[-111.22695000009972,45.746436999935504],[-111.22756100002,45.74702000020649],[-111.2276890000665,45.747182999778012],[-111.22779600019663,45.747275999877921],[-111.22810099979517,45.747452999720892],[-111.22850599985111,45.747537999966639],[-111.22886099967835,45.747595000007301],[-111.2293300002067,45.747744000091579],[-111.22967800036128,45.747780000090152],[-111.22999100035571,45.747844000030298],[-111.23043800024445,45.748006999703115],[-111.23077899982799,45.748227000175845],[-111.23095700010325,45.74833399996124],[-111.23112000030984,45.748540000282837],[-111.23135499958818,45.748773999969316],[-111.23148199980979,45.748937999882834],[-111.23159700033582,45.749233999745421],[-111.23166699975771,45.749318999786425],[-111.23178499975849,45.749566000019207],[-111.23177700026088,45.749665000018808],[-111.23173000040521,45.74974699998053],[-111.23165900026011,45.74983499991243],[-111.23159599961261,45.749944999788923],[-111.2315529999549,45.750051000239765],[-111.23150299972617,45.750228000059039],[-111.23148699983265,45.750309999820423],[-111.2315179997948,45.750486000277526],[-111.23157399987129,45.750689000179648],[-111.23162099972697,45.750788000067899],[-111.23174600029874,45.750907999696999],[-111.23185599990359,45.750962999858629],[-111.23197399990438,45.751002000270944],[-111.23216200022534,45.751034000283489],[-111.23221599975371,45.751055999928894],[-111.23224000004315,45.751088999694176],[-111.23237700031051,45.75116800009765],[-111.23249100011331,45.751256000296436],[-111.23256200025843,45.751334000057483],[-111.23260099971819,45.751405999788382],[-111.2326369997032,45.751472999915947],[-111.23265799961958,45.751564999988105],[-111.23260800028919,45.751647000292536],[-111.23253700014408,45.751722000190284],[-111.23243099983887,45.75179999992686],[-111.23237700031051,45.751835000046484],[-111.23226400033259,45.751859999939363],[-111.23202900015598,45.751864000272207],[-111.23190199993435,45.751903000054917],[-111.23179900000218,45.751984000095121],[-111.2317449995755,45.752062999858595],[-111.23172000035947,45.752161000052453],[-111.23172600020726,45.752225999747154],[-111.23176600039021,45.752333000015071],[-111.23184800040599,45.752398000136225],[-111.23236700026476,45.752632999701582],[-111.23261199958884,45.752795999805812],[-111.23274700020634,45.752893999966197],[-111.23280400010776,45.752996999955663],[-111.23278599966609,45.753103999998991],[-111.23273299996265,45.753210000091507],[-111.23272600028996,45.753284000024962],[-111.23271500041929,45.75335900023007],[-111.23271100022136,45.75344400025714],[-111.23273999963536,45.753536999954036],[-111.23277499979544,45.753628999757851],[-111.23286799968187,45.753742999876671],[-111.23302400021579,45.753820999922716],[-111.23318700042242,45.753910000059122],[-111.23347100010453,45.75402000005267],[-111.23363799961079,45.754101000154328],[-111.23402199975035,45.754260999924497],[-111.23427399964544,45.754375000005865],[-111.23461900032525,45.754484999709661],[-111.23490300000739,45.754580999969107],[-111.23505199997028,45.754672999932254],[-111.23514800022976,45.754808000128129],[-111.23521900037487,45.754942999997432],[-111.23527700010119,45.755197999973831],[-111.23541400036855,45.755584000161946],[-111.23550700025497,45.755995999803844],[-111.23550700025497,45.756173999891722],[-111.23557099982905,45.756414999862933],[-111.2357060004466,45.756984000078695],[-111.2359259996563,45.757289000077115],[-111.23605399970283,45.757502000127182],[-111.23640000020754,45.757787000264159],[-111.23661199991965,45.757912999735325],[-111.23680799973823,45.75805600001911],[-111.23684500044646,45.758087000089262],[-111.23727800009152,45.758439999936328],[-111.23734900023661,45.758543999994487],[-111.23743499955204,45.758729999783881],[-111.2375380003825,45.759095000021482],[-111.23768800017034,45.759266000284995],[-111.23782299988953,45.759435999763681],[-111.23790800027835,45.759592999758574],[-111.23797199985246,45.759719999794477],[-111.23800000033987,45.759847999794765],[-111.23802100025628,45.759983000005739],[-111.23804299999757,45.760111000029461],[-111.23804299999757,45.760231999914062],[-111.23803600032488,45.760317000126676],[-111.23800700001256,45.760402000209851],[-111.23790800027835,45.760552000188127],[-111.23782299988953,45.760714999724073],[-111.23767300010172,45.760921000098129],[-111.2374599996664,45.761042000106286],[-111.23727600044168,45.761176999935088],[-111.23706200018144,45.761340000151961],[-111.23691300021854,45.761432000252562],[-111.23674300033922,45.761518000113973],[-111.23648700024619,45.761538999790368],[-111.23630200029824,45.761575000291607],[-111.23603199996151,45.761581999968548],[-111.23577000002069,45.761595999946557],[-111.23550700025497,45.761617000220269],[-111.23487399969505,45.761660999932609],[-111.23486700002238,45.76188600031201],[-111.23483600006024,45.761979999942746],[-111.23479599987725,45.762066999799899],[-111.23451499966986,45.762490000218996],[-111.2344679998142,45.762582999881062],[-111.23443600002715,45.76270400004492],[-111.23443600002715,45.762818999998849],[-111.2344679998142,45.76294000027751],[-111.23450700017226,45.76303299981614],[-111.23464799973925,45.763209000257284],[-111.2347270002803,45.763268999910458],[-111.23486000034967,45.763346000237718],[-111.23506399966585,45.76342800015199],[-111.2351659997731,45.763449999925044],[-111.23525199998684,45.763444000044764],[-111.23533099962954,45.763416999948852],[-111.23540099994975,45.763372999741335],[-111.23545600020134,45.763379000255902],[-111.23563600012639,45.763461000121673],[-111.2359819997328,45.763902000122052],[-111.23606499957349,45.763971000019858],[-111.2362200002825,45.764204000006927],[-111.2363690002454,45.764427999986061],[-111.23650399996463,45.764489999922084],[-111.23661000026983,45.764613000046026],[-111.23664100023197,45.764810000214517],[-111.23663299983606,45.764902999769227],[-111.23664100023197,45.765023999914625],[-111.23669599958525,45.765167000146889],[-111.23693699960965,45.76544699984688],[-111.2370160001507,45.765496999958735],[-111.2370300003944,45.765515999713784],[-111.23705600033365,45.765561999786506],[-111.23709999981628,45.76566400005769],[-111.23723000041095,45.765875999950971],[-111.23731699955127,45.765968000091426],[-111.23742500040461,45.766124999878627],[-111.23750099967428,45.766298999689297],[-111.2375230003139,45.766460999846288],[-111.23752800033678,45.766586000276405],[-111.23750700042036,45.766748999729643],[-111.23811999999047,45.767367000035172],[-111.23828200037218,45.76747599970323],[-111.23859199999357,45.767633000259274],[-111.23881399975143,45.76781200030625],[-111.23897699995806,45.767926000274805],[-111.23911199967725,45.767974999936847],[-111.23920399973876,45.768007000242825],[-111.23926999986099,45.768066999748754],[-111.23928599975454,45.768120999812858],[-111.23930699967092,45.768344000254991],[-111.23932900031055,45.768451999794614],[-111.23932900031055,45.768516999938903],[-111.23925899999034,45.768609000110096],[-111.23918299982238,45.768657999798783],[-111.23904200025538,45.768711999917386],[-111.23890099979006,45.768756000300257],[-111.23851599982559,45.76883199985452],[-111.23818199991473,45.768889000078858],[-111.23821700007485,45.769354999981054],[-111.23826099955747,45.769528999742292],[-111.23838000028148,45.769680999773811],[-111.23853199971913,45.769821999824345],[-111.23879200001012,45.77000600009633],[-111.23925899999034,45.770299000179044],[-111.23942100037206,45.770406999692995],[-111.23960600031998,45.770591999975792],[-111.239670999719,45.770744000243454],[-111.23968199958966,45.770874000127229],[-111.23961700019065,45.771177999964465],[-111.23945399998401,45.771557000207061],[-111.23921499960942,45.771958999967623],[-111.23910699965437,45.772099999898685],[-111.23904200025538,45.772272999838101],[-111.23904200025538,45.772402999917553],[-111.23920100026403,45.77260400024403],[-111.23985200036726,45.77326000009738],[-111.24029599988297,45.773699999694756],[-111.24085599974963,45.774246999806444],[-111.24092199987186,45.774489000023671],[-111.24161499980791,45.775076999753807],[-111.2424659999277,45.775559000136177],[-111.24284300039456,45.775664000206312],[-111.24344199972094,45.775589999879102],[-111.24464000017039,45.775184000061984],[-111.24523799967187,45.775223999814095],[-111.24585000031537,45.775429999868862],[-111.24616300030983,45.775775999854332],[-111.24618000002826,45.775822000237632],[-111.24626299986893,45.776048999816211],[-111.24619599992178,45.776282000103556],[-111.24610300003536,45.776455000227649],[-111.24594999987448,45.776707999725183],[-111.24562400035956,45.777014000233486],[-111.24541799959694,45.777319999689141],[-111.24531499966477,45.777686999714653],[-111.24576400010166,45.778015000156799],[-111.24590999969151,45.778034999960937],[-111.24611700027906,45.778101000140701],[-111.24637599984683,45.778195000015053],[-111.24658900028217,45.77831400030184],[-111.24660199980264,45.77831400030184],[-111.24666200007711,45.778367999842828],[-111.24688200018514,45.778540999760367],[-111.24706100028527,45.778706999734375],[-111.24728700024109,45.778886999864781],[-111.24743399965587,45.779026000002972],[-111.24757400029627,45.779173000303935],[-111.24760000023554,45.77928599970074],[-111.24747999968662,45.779647999824697],[-111.24735400018824,45.779852000036016],[-111.24728800006601,45.779951000182784],[-111.24713900010308,45.78009899981496],[-111.24705700008731,45.780182000050551],[-111.24687499961412,45.780329999696072],[-111.24669399986415,45.780411999703027],[-111.24611700027906,45.780593999730741],[-111.24593599963079,45.780660000013988],[-111.24572100044394,45.7807420001621],[-111.24548999956697,45.780808000270149],[-111.24530899981698,45.780957000008414],[-111.24530899981698,45.781087999764722],[-111.24537499993923,45.781203999904143],[-111.24555599968919,45.781402000232596],[-111.24611700027906,45.782078000194119],[-111.24657900023642,45.782391000248957],[-111.24712300020956,45.782721000271188],[-111.24764999956592,45.783329999893496],[-111.24766499963454,45.783335000308256],[-111.2477459998254,45.783359000037706],[-111.24808599958402,45.783577999754087],[-111.24851800030248,45.783958999939365],[-111.24882100025118,45.784176000170127],[-111.24908200036707,45.784339000212285],[-111.24934199975976,45.784437000096659],[-111.24950499996639,45.784468999727515],[-111.2499710001217,45.784480000164137],[-111.25026400002467,45.784501999777902],[-111.25049199963028,45.784577999800604],[-111.2507739996626,45.784730000161666],[-111.25089300038663,45.784815999811414],[-111.25095799978563,45.784946999897087],[-111.25096899965627,45.785022000137481],[-111.25093699986921,45.785130999755758],[-111.25084999983059,45.785250000273798],[-111.25075199992131,45.785337000170713],[-111.25064399996626,45.785423999931808],[-111.25055699992764,45.785520999995036],[-111.25046999988899,45.7857709997092],[-111.25043800010194,45.786128999943507],[-111.2504480001477,45.786313000285823],[-111.25051400026992,45.786399999776599],[-111.25068699962397,45.786552000181153],[-111.25083899995994,45.786627999914764],[-111.25103399995361,45.786660999939926],[-111.25150099993385,45.786671000171488],[-111.25185900013413,45.786682000173585],[-111.25219499969479,45.786757999729957],[-111.25251000023736,45.786898999827649],[-111.25304099979171,45.78725200027182],[-111.25306300043134,45.787329999825317],[-111.25336300000698,45.787708000162901],[-111.25337300005272,45.787733000268894],[-111.2533930001442,45.787754000098651],[-111.25342800030431,45.787777000052287],[-111.25346000009137,45.787787999836148],[-111.25351699999277,45.787800999748661],[-111.25362300029798,45.787828999694611],[-111.25371600018441,45.787895999933191],[-111.25380800024591,45.787948000090871],[-111.25458700039567,45.788110999752888],[-111.2555899999531,45.788352999935981],[-111.25609999959104,45.788493999757577],[-111.25633899996565,45.788581000229222],[-111.25656699957129,45.788710999874588],[-111.25680500012099,45.788884000271899],[-111.25693599964224,45.789089999972269],[-111.25700099993955,45.789264000172111],[-111.2569680003276,45.789459000268948],[-111.25688100028896,45.789610999848826],[-111.2567299997779,45.789763000266944],[-111.25656699957129,45.78988200029265],[-111.25644699992068,45.789979999828269],[-111.25624100005635,45.790295000032117],[-111.25611200018494,45.790514999764866],[-111.25602400032137,45.790902999899174],[-111.25603400036712,45.791087000142298],[-111.25618699962969,45.791465999743352],[-111.25632800009501,45.791758999818725],[-111.25658900021091,45.79209500006349],[-111.25683799973292,45.792420999710799],[-111.25726100023054,45.792876000245954],[-111.25745600022422,45.79308299988223],[-111.25780900040164,45.793643000058559],[-111.25793499990003,45.793990000031819],[-111.25811700037322,45.794428000256133],[-111.25816300040397,45.79460700010624],[-111.25827700020679,45.794904999956486],[-111.25829700029828,45.794973000081534],[-111.25832599971228,45.795201999846391],[-111.2583270004355,45.795296999943062],[-111.25829200027542,45.795594000249075],[-111.25820500023676,45.795811000281695],[-111.2580749996421,45.795974000122762],[-111.25784700003648,45.796157999908402],[-111.25771700034014,45.796320999987124],[-111.25766200008854,45.796408000141369],[-111.25768399982985,45.796526999758058],[-111.2578140004245,45.796699999694901],[-111.25801000024309,45.796939000146871],[-111.25816099985583,45.797025999962578],[-111.25843299984238,45.797101999820001],[-111.2587359997911,45.797166999764187],[-111.25886700021066,45.797210000032443],[-111.25905100033367,45.797361999768036],[-111.25917000015937,45.797525000082722],[-111.25921399964197,45.797665999874297],[-111.25924600032735,45.79820800002431],[-111.25925700019801,45.798305999950877],[-111.25932199959702,45.798413999708572],[-111.25947399993298,45.798565999917656],[-111.25964800001026,45.798686000119481],[-111.25975599996529,45.798739999969385],[-111.26001700008119,45.798793999766964],[-111.26041799993918,45.798848000138499],[-111.26091699970647,45.7988699997182],[-111.26101499961577,45.798912999924831],[-111.26122100037841,45.799033000005601],[-111.26139399973245,45.799206000303919],[-111.26144800015912,45.799314999741817],[-111.26144800015912,45.799456000014111],[-111.26140499960312,45.799564000047994],[-111.26136199994539,45.799759999969147],[-111.26138299986181,45.799955000292883],[-111.26151900030423,45.800691000199258],[-111.26177700004709,45.800737000066306],[-111.26196700001789,45.800721000225757],[-111.26234600013458,45.800662999825924],[-111.26255199999892,45.800622000014329],[-111.26283300020631,45.80060499999194],[-111.2633189995548,45.800622000014329],[-111.26371500028823,45.800622000014329],[-111.2641570001541,45.80060499999194],[-111.26441599972189,45.800569000259038],[-111.26462999998212,45.800544000274208],[-111.26491899968711,45.800610000109586],[-111.2650509999316,45.800708999716086],[-111.26516599955931,45.80084900007391],[-111.26525699979592,45.801071999899499],[-111.26537300014688,45.801558999782891],[-111.26538999986532,45.80160799995209],[-111.26551299988897,45.801847000019144],[-111.26566199985189,45.802230999688319],[-111.26575700028644,45.802783999852188],[-111.26576499978404,45.802990000153173],[-111.26575700028644,45.803080000227993],[-111.26573600037004,45.80317500004486],[-111.26570299985976,45.80328299975853],[-111.26564699978326,45.803425000107225],[-111.26547600007905,45.803606000053463],[-111.26572899979904,45.80385100023414],[-111.26577800020281,45.803893999727826],[-111.26663199979735,45.804629000126312],[-111.26670700014041,45.804694000056926],[-111.26735300022079,45.804808999844767],[-111.26791599956219,45.804712000159221],[-111.26902100012519,45.804832999721548],[-111.26919400037755,45.805226000068352],[-111.26959900043352,45.805557000223629],[-111.26958000016694,45.805741000301332],[-111.2695709999461,45.805924999771221],[-111.26944200007468,45.806145999845668],[-111.26938400034835,45.806178000163492],[-111.26910200031604,45.806339000270206],[-111.26885399972062,45.806403000039516],[-111.268698000085,45.806632999836253],[-111.2688169999107,45.806880999963326],[-111.26924000040832,45.806908999716406],[-111.26938699982307,45.806891999733814],[-111.26964499956595,45.806862999935717],[-111.26997600000205,45.806926999729157],[-111.27034900027097,45.807172999737936],[-111.27088200037343,45.807031000175975],[-111.27163600040883,45.80718700016903],[-111.27208599977233,45.807500000121962],[-111.27234400041348,45.808051999942236],[-111.27214199984883,45.808354999948037],[-111.27166300017302,45.808593999874759],[-111.27149900014149,45.808664000209312],[-111.2712310003529,45.80877799993975],[-111.27085399988603,45.808979999998627],[-111.27035500011874,45.809207999811136],[-111.27040399962424,45.809323000299003],[-111.2705369996936,45.80963300018643],[-111.27063799997597,45.809747999796812],[-111.27154799964697,45.810446999736918],[-111.2719850003883,45.810581000225632],[-111.27210500003889,45.810603000181587],[-111.27256100014847,45.810689999950803],[-111.27294100009007,45.810980999832395],[-111.27295199996072,45.811046999826409],[-111.27296700002934,45.811138999953172],[-111.27300100036453,45.811462999734154],[-111.27304499984714,45.811714000120205],[-111.27189999999948,45.812429000045803],[-111.27154000014937,45.812613999897906],[-111.27123399982761,45.812767000116828],[-111.27147400002714,45.813083999719758],[-111.27147400002714,45.81333499968774],[-111.27146300015647,45.81356500028911],[-111.27169300031025,45.813641000126587],[-111.27198799986303,45.813575999991919],[-111.27222800006255,45.813585999776741],[-111.27244599962245,45.813707000099036],[-111.27276299981484,45.813892000088707],[-111.27280700019577,45.81434000004576],[-111.27269699969261,45.814711000109483],[-111.27263099957035,45.815022999841197],[-111.27310400029668,45.816290999923119],[-111.27306300028881,45.816359000243501],[-111.27283999980773,45.81639300005952],[-111.27272699982983,45.816453000089332],[-111.27248099978254,45.816586999901581],[-111.27229199963664,45.816815999736122],[-111.27230400023052,45.817226000023695],[-111.27220100029837,45.817158000135954],[-111.27201800000026,45.817089000312279],[-111.27176199990721,45.81711200005433],[-111.27147099965408,45.817226000023695],[-111.27126499978976,45.817420999941021],[-111.27108200038997,45.817642999949932],[-111.27090499993965,45.818134000179349],[-111.27087700035057,45.818567999746975],[-111.27124200022355,45.819138999701579],[-111.27001100016214,45.820285999803176],[-111.27028399997363,45.820559000269988],[-111.27074299955794,45.820853999687095],[-111.27091699963523,45.82113799996025],[-111.27049099966288,45.82173899982876],[-111.27007599956117,45.822186000123864],[-111.27000600013929,45.82223600006396],[-111.27033300037742,45.822786999947922],[-111.27094000009974,45.823097999758488],[-111.27219200007754,45.823740999841981],[-111.27218500040483,45.823829000103217],[-111.27216399959013,45.823899999799963],[-111.27207599972658,45.824205999775849],[-111.27200399975655,45.824455000251902],[-111.27199899973367,45.824504000312487],[-111.27199200006099,45.824585000088099],[-111.27201499962722,45.824840999995175],[-111.27202200019823,45.824917000093116],[-111.27199200006099,45.825051000194193],[-111.27185999981651,45.825169999976204],[-111.2718310004025,45.825249999702415],[-111.27137399956972,45.826127999737935],[-111.27122700015492,45.826171999877253],[-111.27081700007611,45.826294999769246],[-111.27063799997597,45.826348000086803],[-111.27054300043973,45.826376000068812],[-111.27037400038532,45.826617000270787],[-111.27043499958636,45.827108999908752],[-111.27052699964787,45.827844999717279],[-111.27093199970383,45.829087999811804],[-111.27147400002714,45.829546000242473],[-111.27153699977633,45.829639999733587],[-111.2716699998457,45.829766000227423],[-111.27187400006022,45.829876000206781],[-111.27221999966663,45.830002000166374],[-111.27237600020054,45.830101000113395],[-111.27267499995129,45.830419000174473],[-111.27329199971936,45.830622000214056],[-111.27399899989911,45.831122000067694],[-111.27487699978307,45.831404000094636],[-111.27564699971201,45.832371999766636],[-111.27597099957711,45.832882000247494],[-111.27587000019308,45.833340999688751],[-111.27584199970568,45.833401999791782],[-111.27570100013867,45.833706999929952],[-111.27580400007083,45.834878999925529],[-111.27583599985789,45.835444000057187],[-111.27600099971433,45.836072000043167],[-111.27617899998957,45.83661599977178],[-111.27668799980258,45.837094000104734],[-111.27762099993815,45.837851000283877],[-111.27808299989552,45.83987999973813],[-111.27824100007925,45.840066999885963],[-111.27831200022437,45.840132999824867],[-111.27848399975349,45.840248000280482],[-111.27861799964781,45.84026999978002],[-111.2788219998623,45.840286000150201],[-111.2790260000768,45.84029700020649],[-111.27948899985907,45.84030299995181],[-111.27965399971552,45.840329999736426],[-111.27979500018084,45.840373999913638],[-111.28003100018238,45.840467999891189],[-111.28037599996388,45.840627000257314],[-111.28134900028239,45.841153999725641],[-111.28160799985017,45.841258000084252],[-111.28186700031627,45.841346000187755],[-111.28199299981463,45.841378999721343],[-111.28243200020579,45.841455999808495],[-111.28255000020656,45.841499999721016],[-111.28265999981141,45.84155500003218],[-111.28281700017027,45.841676000274894],[-111.28290300038398,45.841758000129495],[-111.28295799973725,45.841823999939947],[-111.28299799992021,45.841894999838239],[-111.28304499977588,45.84200500025095],[-111.28305999984451,45.842114999820367],[-111.28308400013395,45.842163999979519],[-111.28315699992888,45.842446999773443],[-111.28324700034055,45.84240099993589],[-111.28319100026405,45.842554000282426],[-111.28311000007322,45.84277500017923],[-111.2833839997096,45.843089999752145],[-111.28369099985626,45.843588000224045],[-111.28420499969215,45.844672000158624],[-111.28426199959355,45.844872000207658],[-111.28431699984513,45.845172000184604],[-111.28414699996584,45.845730999895309],[-111.28394899959912,45.846385000193123],[-111.28421999976078,45.84718700010135],[-111.28509199979696,45.848008000133099],[-111.28526300039948,45.848547999896567],[-111.28543499992864,45.849088999953068],[-111.28537300000437,45.849380999899751],[-111.28536399978351,45.849423999903863],[-111.28520399994996,45.850214999825788],[-111.28532899962342,45.85157100006812],[-111.2858190000682,45.852718000118323],[-111.28633000042934,45.853460999768032],[-111.28802300044809,45.854195999754793],[-111.28877400011046,45.855207999937264],[-111.28921599997635,45.856627000276255],[-111.28896599973109,45.857817000301687],[-111.28954300021448,45.858340000010038],[-111.29002699991317,45.85869399982014],[-111.29156900031917,45.86029999973838],[-111.29193800039013,45.860697999949259],[-111.29225200020946,45.861035999733417],[-111.29299799984895,45.861460999844027],[-111.29499399981641,45.861523999757651],[-111.29532199987948,45.861679999713147],[-111.29637100036599,45.862178999823392],[-111.29861400020563,45.862934999951193],[-111.29902299956125,45.86318700000308],[-111.29990200016843,45.863564999815843],[-111.30005199995625,45.863615000114933],[-111.3002870001329,45.863674999914025],[-111.30057800038604,45.863718999767244],[-111.30093099966514,45.863725000114194],[-111.30100099998533,45.863734000007817],[-111.30115099977316,45.863751999790729],[-111.30129999973607,45.863850999743597],[-111.30147299998845,45.86410300002229],[-111.30195900023526,45.864899000072285],[-111.30228200027544,45.865569000155666],[-111.30243399971309,45.865978999762504],[-111.30244999960662,45.866332999727497],[-111.30242399966734,45.86641800016799],[-111.30233199960583,45.86671100004272],[-111.30217599997022,45.866884999850114],[-111.30215599987874,45.867000000045813],[-111.302145999833,45.867070000130049],[-111.30191499985432,45.868258000215725],[-111.30160000021004,45.868751000277022],[-111.30129100041357,45.869280000088949],[-111.30120400037492,45.869406000263091],[-111.30116699966669,45.869458000013402],[-111.30113099968167,45.869510999877214],[-111.30172599970844,45.869704999726736],[-111.30297500021146,45.869779999693392],[-111.30341999955209,45.869847000186844],[-111.30374799961514,45.869945999918613],[-111.30394799963169,45.870105999990507],[-111.3041109998383,45.870657000032857],[-111.30450800039665,45.871276999900523],[-111.30463800009301,45.871450000299021],[-111.30473000015449,45.871647000006732],[-111.30488400014029,45.871776000183104],[-111.3050049996158,45.871858000071654],[-111.30515100010399,45.871987999875913],[-111.30523999979243,45.872195000067272],[-111.30575500035157,45.872720999937215],[-111.30652100008254,45.873140000202433],[-111.30705599983484,45.873241999982959],[-111.30754799992943,45.873264000193132],[-111.30788699986313,45.873241999982959],[-111.30805599991754,45.873148999822689],[-111.30840999991987,45.873095000202973],[-111.30859599969271,45.873103999830519],[-111.30879700043248,45.873138000008666],[-111.30895200024317,45.873282000017497],[-111.30908299976444,45.873490999948572],[-111.30962300043791,45.874137000281515],[-111.31017200043391,45.874620000032429],[-111.31071200020908,45.875058000302616],[-111.31122299967191,45.875333999942143],[-111.31159799959066,45.875525999997748],[-111.3120169998903,45.875679999960354],[-111.3123190000141,45.875871000023693],[-111.312467999977,45.876097999762536],[-111.31250700033507,45.876274000285683],[-111.31249800011425,45.876452999737808],[-111.31229300007483,45.877005000049827],[-111.31245499955823,45.877640000012072],[-111.31237699974042,45.877921000015427],[-111.31223799982325,45.878071000187759],[-111.31207600033984,45.87815700019565],[-111.31088499956313,45.878535000150123],[-111.31063000019331,45.878717999809787],[-111.31054900000245,45.878984000116539],[-111.3106019997059,45.879363000058433],[-111.31081599996614,45.880073999772108],[-111.3108619999969,45.880489999736888],[-111.31086299982181,45.880499000042931],[-111.31110700021929,45.880440000233513],[-111.31130499968769,45.88027400008378],[-111.31101799963251,45.880564000195029],[-111.31052100041336,45.881179999795087],[-111.31022699978718,45.882167000116432],[-111.3102429996807,45.882423000248018],[-111.31039400019176,45.88260399975627],[-111.31056599972088,45.88301499994278],[-111.3106779998739,45.883200000312456],[-111.31079000002688,45.883378000052836],[-111.3107070001862,45.883676000105162],[-111.31045299974299,45.883974999711597],[-111.31014999979429,45.885001000248785],[-111.31013600044889,45.885305000242916],[-111.31027399964285,45.88558100026134],[-111.31071899988176,45.885708000241841],[-111.31149300000867,45.885542000199187],[-111.3121290000433,45.885485999741398],[-111.31305700015596,45.885181000232294],[-111.31399299976626,45.885094999840476],[-111.31471900021259,45.885002000132197],[-111.31607800032049,45.885022000297752],[-111.31684499987638,45.885093000076978],[-111.31758600039132,45.885139000246625],[-111.31810000022722,45.885074999701153],[-111.31857899990301,45.884851000025442],[-111.31862599975868,45.884767000148685],[-111.31879200033835,45.884466000016268],[-111.3189720002634,45.884372999880327],[-111.31915300001337,45.884306999911303],[-111.31959300022942,45.884196999997094],[-111.32005699983659,45.884098000013175],[-111.3201120000882,45.884092999889305],[-111.32027600011972,45.88410900015905],[-111.32056700037286,45.884208000123408],[-111.32077900008497,45.884323000119458],[-111.32085000023008,45.884377999979044],[-111.3209370002687,45.884499000228807],[-111.32095999983491,45.884553999914154],[-111.32098400012438,45.884746000003311],[-111.32096800023085,45.884888000176545],[-111.32090499958335,45.88506899978303],[-111.32084199983416,45.885189999778433],[-111.32077200041228,45.885271999883848],[-111.32062199972613,45.885414999839135],[-111.32059099976399,45.885480999742455],[-111.32056700037286,45.885579999763024],[-111.32058300026638,45.88566799977216],[-111.32063000012205,45.885766000215192],[-111.32065400041149,45.88578299987244],[-111.32068500037363,45.885787999844197],[-111.32076400001635,45.885787999844197],[-111.32089700008574,45.885772000058033],[-111.32094499976633,45.88578299987244],[-111.32132200023318,45.885957999867287],[-111.32150200015823,45.886078999802223],[-111.32209999965973,45.886511999885549],[-111.32240599998148,45.886692999828455],[-111.32260199980004,45.886780999950332],[-111.32298000009183,45.886896000247681],[-111.32323899965961,45.887005999819962],[-111.32402500038037,45.88730200011122],[-111.32437799965948,45.88742300024505],[-111.32456699980537,45.887444999843183],[-111.32463799995045,45.887460999772777],[-111.32474699973042,45.887505000180745],[-111.32482399972332,45.887571000102085],[-111.32482000042367,45.887639000242174],[-111.32457500020128,45.887636999944995],[-111.32477900041577,45.887741000296245],[-111.32488300017286,45.887829000008473],[-111.32518699994647,45.887954000191414],[-111.32536299967356,45.888006999923924],[-111.32578199997322,45.88820800026685],[-111.32617100013564,45.888294000216263],[-111.3265200001151,45.888245000057793],[-111.32711599996676,45.887906000189453],[-111.32751099997698,45.887366999807625],[-111.32784099968987,45.887210000189633],[-111.32805900014806,45.887294999966194],[-111.32821099958571,45.887436999876606],[-111.32854299984675,45.887533999862143],[-111.32951699999018,45.888123000011483],[-111.32989100008399,45.888415999886995],[-111.33056300010362,45.889136000205347],[-111.3308069996028,45.88956699999202],[-111.33107799976445,45.889779999763029],[-111.33195800019655,45.890259000065655],[-111.33332099960411,45.890566999805152],[-111.33358199972001,45.89067599982959],[-111.33366100026105,45.890761999709369],[-111.33407999966238,45.891076000306242],[-111.3347910000401,45.891485999946603],[-111.33499000023171,45.891600999881724],[-111.33502600021671,45.89164899981678],[-111.33510099966149,45.891750000248152],[-111.33527899993672,45.891821999942096],[-111.33548300015121,45.891819000034857],[-111.33554900027346,45.891803999871058],[-111.33562100024348,45.891787999941954],[-111.336551000006,45.891574999743263],[-111.33663200019684,45.891574999743263],[-111.33685300012978,45.891574999743263],[-111.3374160003695,45.891461000146663],[-111.34001900005924,45.891504999887076],[-111.34138499983985,45.891582999739022],[-111.34181400018525,45.891690999882321],[-111.34238900012052,45.891687000204939],[-111.34280800042016,45.891774000156502],[-111.34289999958337,45.891847000204748],[-111.34297699957625,45.891894999927239],[-111.34306299978999,45.892062999879748],[-111.3428660001465,45.892332999698965],[-111.34271299998562,45.89278499992718],[-111.34285100007789,45.892963000216433],[-111.34304199987359,45.893040999896463],[-111.34339199967796,45.893092000301337],[-111.34389399981829,45.892983999756296],[-111.34411800012427,45.892939999937177],[-111.34736199987155,45.892966999801921],[-111.34880600036826,45.893273999795248],[-111.34921200024914,45.893495000075838],[-111.34929000006694,45.893486999730257],[-111.34935199999121,45.893481000095491],[-111.34946699961893,45.893520999940705],[-111.34967300038159,45.893650999707653],[-111.3497179996891,45.893675999772263],[-111.34996899975927,45.893764999810784],[-111.35005300032317,45.893846999762133],[-111.35042200039413,45.893961000088112],[-111.35095200012356,45.893943000085144],[-111.3513360002631,45.893857999853161],[-111.3527249996099,45.893610000227618],[-111.35373399991346,45.893518000125248],[-111.35444600011608,45.893509000052703],[-111.356827000048,45.893766999887269],[-111.3576940000613,45.893739000060144],[-111.35878100018265,45.893823000124407],[-111.35932199978274,45.893986999734814],[-111.36015199998612,45.894237999954413],[-111.36183400013421,45.894589000222261],[-111.36342400022079,45.894834999814435],[-111.36420699967022,45.894676000004324],[-111.36574400005334,45.894187999694786],[-111.36646499957848,45.894013999715774],[-111.36655800036323,45.894084999880853],[-111.36722899965962,45.893927000147023],[-111.36778500022663,45.893859000202383],[-111.36861299988189,45.893668999805307],[-111.36965300014757,45.893275999889418],[-111.37014100004421,45.893030000268851],[-111.37090699977516,45.892605999946149],[-111.37161800015288,45.892139000063494],[-111.37215799992805,45.891861999731731],[-111.37372799992315,45.891057000219014],[-111.37431000042942,45.890443000285956],[-111.37447100008791,45.890300000143732],[-111.37479900015096,45.889932999816594],[-111.37533399990325,45.88959700027339],[-111.37545500027709,45.889544000182163],[-111.37555200036148,45.889503000171295],[-111.37587500040166,45.889120000132941],[-111.37667700011765,45.888241999957401],[-111.37675400011054,45.888127999772628],[-111.37779199982808,45.887246000177079],[-111.38000600025373,45.886415999849234],[-111.38089699965816,45.886614999987572],[-111.38130300043734,45.887115999799732],[-111.38181200025038,45.887939000234326],[-111.38230400034497,45.88850399978044],[-111.38417800011369,45.890062999853761],[-111.38461900015464,45.88885999971702],[-111.38613800009611,45.887843000163009],[-111.38484099991251,45.886391000268517],[-111.38524500014356,45.886391000268517],[-111.38569500040535,45.886450000011372],[-111.38633499973962,45.886579000216457],[-111.38708999959994,45.886800000249664],[-111.38771899996186,45.887106000094775],[-111.388375000088,45.887601000210957],[-111.38877599994599,45.887807999770082],[-111.38976199978499,45.887914000088436],[-111.39071800038509,45.888093000184526],[-111.39115699987792,45.888248000158065],[-111.39209400021143,45.888644000090956],[-111.39221399986202,45.888661999935536],[-111.39233500023585,45.888678999957108],[-111.39271500017745,45.888734999697114],[-111.39297200009538,45.888708000276161],[-111.39322900001335,45.888685000110613],[-111.39472399966537,45.889140999875359],[-111.39553700015033,45.88915200027315],[-111.3955699997623,45.889137000014344],[-111.39633800004141,45.889136000205347],[-111.39657900006584,45.889144999736033],[-111.39709200007682,45.889163000043588],[-111.39778500001286,45.889142000309491],[-111.39703199980235,45.889241999865298],[-111.39887499960894,45.889334000172994],[-111.39974199962225,45.889251000004087],[-111.4016460004265,45.889318000157616],[-111.40175799968118,45.889153000081862],[-111.40201499959915,45.88877400001865],[-111.40255100007465,45.888561999960814],[-111.40318700010928,45.88842699980318],[-111.4040549999475,45.888456000253754],[-111.40476100030236,45.888544000083826],[-111.40504699963428,45.888621999717159],[-111.40536600037484,45.888801000032799],[-111.4055889999576,45.889041000137702],[-111.40566099992763,45.889150999839202],[-111.40623099984003,45.890017999803149],[-111.4062929997643,45.890303999921002],[-111.40661400015468,45.89023699970631],[-111.40715099955679,45.889972999716129],[-111.40799099980593,45.889558999705827],[-111.40832899991472,45.889299999900338],[-111.40841699977828,45.889150000030455],[-111.4084250001742,45.889137000014344],[-111.40866000035082,45.888948000157569],[-111.40890899987286,45.888442000253725],[-111.40886399966701,45.887911999801162],[-111.40873999981848,45.887602000047544],[-111.40883000023014,45.887110000102034],[-111.40923000026324,45.886697999718308],[-111.40996599985696,45.886291999817324],[-111.41042299979145,45.886267000180759],[-111.41073999998387,45.886380999807734],[-111.41138100004137,45.886511999885549],[-111.4114870003466,45.886541999941059],[-111.41164299998219,45.886570000270027],[-111.41180899966355,45.886598999814247],[-111.4119319996872,45.886620999738724],[-111.41293699979276,45.886684999753626],[-111.41403300013495,45.886872999957134],[-111.41562300022153,45.887121000276814],[-111.4163889999525,45.887238000181888],[-111.41675399982549,45.88735600030688],[-111.41696800008573,45.887459999933625],[-111.41788899962742,45.887606999855613],[-111.41854499975354,45.887716999895794],[-111.41912499971167,45.887843000163009],[-111.41953999981337,45.887930999713639],[-111.41963199987487,45.887969999974402],[-111.4201340000152,45.888137000091916],[-111.42046999957586,45.888238000031649],[-111.42099099998279,45.888380999855116],[-111.42152999993303,45.888548999807078],[-111.42218500023425,45.888818000011831],[-111.42238000022792,45.888926999716965],[-111.42279100013164,45.889019999732213],[-111.42312699969233,45.889037000269497],[-111.42362299998486,45.889019999732213],[-111.42411099988149,45.888995000072853],[-111.42454000022688,45.888935999906792],[-111.42509500007068,45.888801000032799],[-111.42581499977089,45.888548999807078],[-111.42653899966908,45.888313999821882],[-111.42857999984237,45.887825000053027],[-111.4287580001176,45.887776999939604],[-111.4303909998619,45.887318000082011],[-111.43142199990675,45.886914999882421],[-111.43275500007539,45.886467000084615],[-111.43298699987896,45.886360000272504],[-111.43359199995146,45.886060999745894],[-111.43394599995378,45.88588600007553],[-111.43447300020848,45.885701999766802],[-111.43554400043629,45.885453000115163],[-111.43628900025088,45.885312999891163],[-111.43666199962146,45.885302999861686],[-111.43665599977368,45.885081000243957],[-111.4366719996672,45.884960000011191],[-111.43671100002527,45.884834000082982],[-111.43674000033758,45.884757999908693],[-111.43677700014749,45.884659000299173],[-111.43683099967585,45.884539000289607],[-111.43687599988169,45.884438999771],[-111.43695100022478,45.884318999911507],[-111.43703300024053,45.884186999766733],[-111.4373470000599,45.883803000063494],[-111.43759899995496,45.883419000207347],[-111.43773200002437,45.883182999864786],[-111.43785000002514,45.882896999976722],[-111.43794399973648,45.882595999717871],[-111.43794899975936,45.882574000075451],[-111.43795999963001,45.882524999874121],[-111.43799899998805,45.882348999764467],[-111.43801499988159,45.882184000249659],[-111.43803999999595,45.88204599979025],[-111.43802499992732,45.88193299996091],[-111.43805800043761,45.881891000021078],[-111.43810399957005,45.881843999723209],[-111.43813899973014,45.88180799998706],[-111.43856499970249,45.881432000306617],[-111.43876899991699,45.881307999780816],[-111.43890299981129,45.881228999931963],[-111.43915399988147,45.881103000296754],[-111.43938200038541,45.880997000114327],[-111.43989100019843,45.880748000011181],[-111.440303999752,45.880539999820584],[-111.44072999972435,45.880238999924877],[-111.44110299999325,45.879855999800583],[-111.44140900031501,45.879380999783479],[-111.44169999966982,45.878842999856268],[-111.44205500039537,45.878311999750103],[-111.44250499975885,45.877821000092531],[-111.44305799995281,45.877402000097362],[-111.44422100024215,45.876628999762019],[-111.44479799982723,45.876250999975341],[-111.4453679997396,45.875836000218371],[-111.44592500013155,45.875386999831562],[-111.44649599986884,45.874902999802025],[-111.44702499977336,45.874469999925992],[-111.44825599983474,45.873428999928315],[-111.44921800028263,45.87252900019778],[-111.45110399974691,45.870501000248247],[-111.45132100038019,45.870237000288945],[-111.45150299995508,45.869824999875043],[-111.45149600028236,45.869490999757517],[-111.45146199994718,45.868815000235813],[-111.45129999956548,45.863437999892355],[-111.45119499998349,45.862880999791457],[-111.45084500017914,45.861895000025171],[-111.45081000001903,45.86148400001936],[-111.45099300031714,45.86110900013513],[-111.45112399983839,45.860974000208223],[-111.45137800028159,45.86077599988932],[-111.45167700003233,45.860534000279785],[-111.45275900013081,45.859380999838734],[-111.45319400032398,45.859049000229398],[-111.45355300034919,45.858714000070876],[-111.45396699972765,45.858392000102164],[-111.45481299982458,45.857862999903894],[-111.45582200012812,45.857087000051195],[-111.45625099957522,45.856693999730865],[-111.45650099982046,45.856213999941666],[-111.4565319997826,45.855653000274557],[-111.45639700006339,45.855067000043562],[-111.45618000032842,45.854473000186736],[-111.45589200044832,45.853901999799554],[-111.45509300020706,45.852546999919674],[-111.45494900026702,45.852302999841868],[-111.45423899971421,45.850730999955125],[-111.45385200009993,45.848997999866377],[-111.45366299995405,45.847791000084172],[-111.4536319999919,45.847162999705475],[-111.45369700028924,45.846569999854381],[-111.45394300033652,45.845365999863191],[-111.45447999973865,45.843517999987142],[-111.4545469996858,45.842923000049701],[-111.45460799978517,45.841751999915267],[-111.45459199989163,45.841166999702857],[-111.45435400024027,45.839534000307431],[-111.45436500011093,45.838931999714696],[-111.45468499977807,45.836619000155871],[-111.45481700002254,45.836069000255428],[-111.45501600021419,45.835547999822971],[-111.45525600041368,45.835056000299112],[-111.45544899985923,45.834834000249963],[-111.4556589999215,45.834592999949635],[-111.45694500023447,45.833465000197393],[-111.45718200006094,45.83325700019676],[-111.45754699993391,45.83293699968884],[-111.45791299963182,45.832547999775862],[-111.45830299961915,45.831930999912828],[-111.45879399988883,45.830893999840285],[-111.45896700014119,45.830705999927552],[-111.45904499995899,45.830696000087492],[-111.45930199987696,45.830662999851597],[-111.46032100022622,45.830683999776362],[-111.46152200015038,45.83065499984837],[-111.46152600034834,45.828915000301677],[-111.46152600034834,45.828765000189897],[-111.46152799999815,45.828045000161019],[-111.46153300002103,45.826179999898869],[-111.46157800022687,45.824047000065811],[-111.46162500008253,45.823515999893175],[-111.46179499996185,45.82302300005373],[-111.46208500039009,45.822389000140049],[-111.46389499968637,45.818755999960878],[-111.46419799963509,45.818146999899611],[-111.46437500008541,45.817774999721799],[-111.46526700021307,45.815898000007891],[-111.46549599964361,45.815227000189587],[-111.46565100035262,45.81430000018495],[-111.46600199998191,45.812887999713993],[-111.46657400044245,45.811136000073965],[-111.46667599965139,45.810824999820291],[-111.46865900009834,45.804747999720071],[-111.46893500028288,45.804202000228315],[-111.46996299995467,45.802617000067542],[-111.47034200007137,45.80214399985821],[-111.47081800027243,45.801692999734442],[-111.47125199974239,45.801215999896783],[-111.4716540003236,45.800683000272947],[-111.47198099966343,45.800164999781941],[-111.47225000017526,45.799119000134176],[-111.4729919996168,45.795099000112359],[-111.47313599955685,45.794320000288941],[-111.47313899992989,45.794239999969491],[-111.4731539999985,45.794200999717319],[-111.47316900006712,45.794160999799729],[-111.47320500005212,45.79398800012298],[-111.47326399960336,45.793609000134474],[-111.47342299961203,45.79292899980242],[-111.47348700008442,45.792512000240258],[-111.47346299979499,45.792072999688124],[-111.47334499979421,45.791622000101341],[-111.47314800015072,45.791152000212357],[-111.47294300011131,45.790722999727166],[-111.4725349996823,45.78984399983834],[-111.4723659996279,45.789380999936249],[-111.47231200009954,45.788906999759284],[-111.47228699998517,45.788444999957775],[-111.47227000026673,45.788001999697343],[-111.47227000026673,45.787980999961015],[-111.47227899958926,45.787570000127943],[-111.47233300001595,45.787128999959123],[-111.47234899990947,45.786925000064407],[-111.47236700035113,45.786690000230656],[-111.47236700035113,45.786252999737087],[-111.4723380000388,45.785340999982687],[-111.47230899972649,45.784430000155396],[-111.4722810001374,45.783544999783203],[-111.4722459999773,45.783103999721625],[-111.47222000003802,45.783029999870919],[-111.47210399968706,45.782702999955845],[-111.47206199985428,45.782650999917131],[-111.47180300028651,45.782325999985822],[-111.47132500043563,45.781789999900383],[-111.47054000043808,45.780885000193003],[-111.47007199973461,45.780338000038192],[-111.46962499984588,45.779780000046635],[-111.46879399981758,45.77865600027048],[-111.46838200008892,45.778114999732111],[-111.4679519999186,45.77761400012735],[-111.46750699967967,45.777150000198851],[-111.46700999956224,45.776710000254042],[-111.46637000022793,45.776168000297062],[-111.46603799996693,45.775865000057614],[-111.46600899965459,45.775826000105695],[-111.46573599984313,45.775448999999867],[-111.4655430003976,45.774991000118547],[-111.46544100029035,45.774718999976521],[-111.46535799955137,45.774497999941566],[-111.46485799995916,45.773119999981667],[-111.46476199969969,45.772731000111158],[-111.46471499984405,45.772281000083098],[-111.46470300014846,45.771739999727885],[-111.46470599962319,45.770483000130689],[-111.46470200032354,45.769835000166573],[-111.46468300005697,45.768478999960145],[-111.46468200023206,45.768070000066992],[-111.46467100036141,45.767513999738647],[-111.46467399983615,45.766950999879029],[-111.46466299996548,45.765899000156978],[-111.46466600033854,45.76532800030278],[-111.46466200014059,45.764937000281996],[-111.46464100022419,45.763990999847131],[-111.46462399960743,45.763514000070117],[-111.46461899958456,45.762879000071401],[-111.4646200003078,45.762811000276741],[-111.46462299978253,45.762454999888185],[-111.46458900034565,45.760659999772415],[-111.46458500014768,45.759964999871166],[-111.46456800042924,45.757337000009301],[-111.46453499991898,45.756106000073032],[-111.46453400009406,45.7560090002344],[-111.46452599969815,45.75547400011731],[-111.46455199963741,45.75486800004073],[-111.46475000000413,45.754363999898231],[-111.46518500019732,45.753910000059122],[-111.46564899980449,45.753457000028646],[-111.46703600039982,45.752290999992923],[-111.46747999991551,45.75193500017771],[-111.46788999999433,45.751561000260665],[-111.46832799966224,45.751144000304272],[-111.46878100029707,45.750836999738645],[-111.46928699973708,45.750775000301545],[-111.46959300005884,45.750767000106258],[-111.46978600040266,45.750770999890648],[-111.4703160001321,45.750773000096139],[-111.47180599976124,45.750793000266512],[-111.47218400005301,45.75079700004904],[-111.47450399988557,45.750817999999349],[-111.4748360001466,45.750814000218377],[-111.4748360001466,45.749750000030325],[-111.47484299981929,45.749331999891908],[-111.47484399964419,45.749250999763973],[-111.47484399964419,45.748706999736058],[-111.47489100039819,45.745826000135274],[-111.47489700024597,45.745536000305925],[-111.47494199955348,45.743476999886909],[-111.47492400001013,45.742700000221454],[-111.47493599970571,45.741423999753138],[-111.47493200040607,45.739907000218501],[-111.47492999985791,45.73976199985178],[-111.47492400001013,45.739349000124854],[-111.47492900003301,45.73876399998499],[-111.47491300013948,45.73820899979718],[-111.47491599961423,45.737663999977677],[-111.47495999999515,45.737165000139562],[-111.47533800028692,45.736769000071121],[-111.47589999980342,45.736411000230028],[-111.47640199994373,45.736134999868078],[-111.47820100026769,45.735159000023408],[-111.47838299984257,45.73506100007571],[-111.47893100001366,45.734842999907869],[-111.47951799964449,45.734814999692333],[-111.4800330002036,45.734781000262679],[-111.48037799998511,45.734560000016785],[-111.4805389996436,45.734311000309134],[-111.48059399989518,45.734225999988588],[-111.48111399957885,45.733493000095464],[-111.48133299986198,45.733198999743891],[-111.48157399988639,45.732902000024573],[-111.48289100016152,45.73154500001128],[-111.48334499972296,45.731066999903639],[-111.48350299990669,45.730907000116026],[-111.48371899981677,45.730690000185113],[-111.48402699978834,45.730363000043326],[-111.48439699968419,45.729994000000382],[-111.48476099973227,45.729663000130849],[-111.48490899987026,45.729594999994383],[-111.48518699970461,45.729467999757503],[-111.48572900002792,45.729333999900554],[-111.48628700024474,45.729209000048364],[-111.48670300017136,45.729145000065905],[-111.48710599967916,45.729127000018451],[-111.48713900018944,45.729125000291489],[-111.48772599982028,45.72911800030608],[-111.49025200041547,45.729124000114489],[-111.49119100039881,45.729135999729358],[-111.4921499995753,45.729142999712558],[-111.49310399962725,45.729145000065905],[-111.49403099991503,45.729153999773914],[-111.49487000033926,45.729154999950424],[-111.49536599973351,45.729161999931243],[-111.49563000022245,45.729157999852717],[-111.49563400042041,45.727204999894624],[-111.49564199991802,45.72605500017373],[-111.49563900044329,45.725564000122539],[-111.49563799972006,45.72548400024305],[-111.49564100009312,45.724874000295088],[-111.49562900039754,45.724341999804516],[-111.49561900035179,45.723344000297352],[-111.49562100000162,45.722173000056692],[-111.49562900039754,45.721579000309326],[-111.49562900039754,45.720982000177045],[-111.49565799981156,45.719201000175474],[-111.49565799981156,45.718645000262299],[-111.49567999955285,45.717804000218933],[-111.4957320003297,45.716643000140486],[-111.49574099965221,45.716187000049842],[-111.49574300020036,45.715773999719268],[-111.49564299974293,45.715435999820059],[-111.49555900007734,45.715312999824427],[-111.49540199971851,45.715059999782923],[-111.4952479997327,45.714763000208912],[-111.49499099981476,45.71441000013423],[-111.49462599994179,45.714051000166606],[-111.49446600010822,45.713637999730942],[-111.49454599957583,45.713157999768164],[-111.49474899996542,45.712689000240779],[-111.49497999994411,45.712211999839397],[-111.49525199993067,45.711737000107185],[-111.4956400002682,45.711347000240664],[-111.49604299977601,45.710978999917039],[-111.49625500038644,45.710612000188014],[-111.49625500038644,45.710236000313145],[-111.49599699974524,45.709869000096411],[-111.49577599981232,45.709598999705896],[-111.49569799999452,45.709502999880065],[-111.49551600041964,45.709107000031679],[-111.49546000034316,45.708175000114132],[-111.49541000011443,45.707546999908573],[-111.49537199958129,45.70715199994666],[-111.49529999961126,45.706065999764519],[-111.49521299957263,45.704980999795566],[-111.49517800031083,45.704473999761007],[-111.49513499975482,45.703977000146864],[-111.49512700025721,45.703858000034288],[-111.49508899972405,45.703282000300476],[-111.49503199982266,45.702596000191804],[-111.49499400018783,45.702238000282314],[-111.49492999971541,45.70127899998257],[-111.49461699972098,45.697238000087694],[-111.49448899967445,45.695668999954492],[-111.49441900025255,45.694639000041995],[-111.49451700016185,45.694294999923109],[-111.49489499955531,45.694053000187651],[-111.49543100003082,45.693815000131679],[-111.49597300035413,45.693566000154213],[-111.49627799995265,45.693446000283302],[-111.49634400007488,45.693419999775315],[-111.49658699974913,45.69334300025146],[-111.49711499982875,45.693238999837988],[-111.49782100018359,45.69321700000328],[-111.50037399964462,45.693199999868355],[-111.50126900014536,45.693186000307037],[-111.50215899972487,45.693179999776874],[-111.50303400013412,45.693166999776302],[-111.50387500020817,45.693163999824051],[-111.50532399982944,45.693147999866603],[-111.50586199995479,45.693130000144301],[-111.50582500014485,45.688877000217992],[-111.50582299959673,45.687810999740144],[-111.50580599987828,45.686402000244861],[-111.50594300014563,45.68603299980925],[-111.50636499992002,45.685884000132269],[-111.50663400043186,45.685869999994821],[-111.5076579999057,45.685878999769784],[-111.50990199957026,45.68588699984749],[-111.51044999974135,45.685892000209257],[-111.5106649998265,45.685888000170898],[-111.51092900031547,45.685867999974896],[-111.51330900042247,45.685869000298602],[-111.51565199982123,45.685878000073778],[-111.5162329996043,45.685849000095807],[-111.51669000043709,45.685658999695214],[-111.51703500021858,45.685315000194926],[-111.51822199989904,45.68394799995319],[-111.52048300018036,45.681413999752259],[-111.52177399961791,45.67994499978748],[-111.52217899967384,45.679529000254639],[-111.52272099999715,45.679134999873014],[-111.52331500019901,45.678747999874808],[-111.52446800044257,45.6779740000079],[-111.52495299996616,45.677628999855521],[-111.52499200032422,45.677600999838994],[-111.52583199967502,45.677025000155822],[-111.52628199993683,45.676727999983406],[-111.52682699973488,45.676379000217828],[-111.52795200038935,45.675638999882736],[-111.52847999957064,45.675302000106498],[-111.52889899987031,45.675029000077537],[-111.52916199963603,45.674831000188917],[-111.52937099987342,45.674636999815164],[-111.52958500013365,45.674420999701383],[-111.52972300022591,45.674196000239363],[-111.52979400037104,45.674079999867608]]]},"properties":{"MTFCC":"G5020","OID":"20770230384901","GEOID":"30031000400","STATE":"30","COUNTY":"031","TRACT":"000400","BASENAME":"4","NAME":"Census Tract 4","LSADC":"CT","FUNCSTAT":"S","AREALAND":"464577454","AREAWATER":"1144408","UR":"R","CENTLAT":"+45.7547868","CENTLON":"-111.3660570","INTPTLAT":"+45.7446506","INTPTLON":"-111.3736407","HU100":2341,"POP100":5866,"OBJECTID":30047}},{"type":"Feature","id":30049,"geometry":{"type":"Polygon","coordinates":[[[-111.80534799977768,45.790384000236436],[-111.80537999956474,45.786748000140442],[-111.80365599958385,45.78675199985117],[-111.80018800042892,45.786762000066403],[-111.79358200003527,45.786775000218242],[-111.7889950000736,45.786773999821179],[-111.78458800003702,45.786773000050545],[-111.78426099979887,45.786775000218242],[-111.78350000009077,45.786775999988897],[-111.77921699990273,45.786787999740625],[-111.77903699997768,45.786803000053141],[-111.77722099993528,45.786800000116244],[-111.77446099988667,45.786792999845261],[-111.77437999969581,45.786802000282968],[-111.76893900013965,45.786814999799049],[-111.76852200038813,45.786816000195422],[-111.76332399960786,45.786827999938538],[-111.76331799976009,45.786160000074382],[-111.76329500019386,45.783663999928073],[-111.76330500023961,45.783504999735392],[-111.76330000021673,45.780232000110168],[-111.76329900039183,45.77982899994511],[-111.76328599997304,45.776105000221548],[-111.76327299955425,45.772554000236731],[-111.76026999983141,45.772522000033128],[-111.75945200022187,45.772514999849058],[-111.75825499959737,45.772504000184611],[-111.75810900000752,45.772502000131503],[-111.75294600028568,45.772449999977745],[-111.75000399976389,45.772419999770598],[-111.74778199984061,45.772397999775499],[-111.74317700033561,45.772351000298087],[-111.73742500043484,45.772351000298087],[-111.73223199967744,45.772356999846984],[-111.72703899981838,45.772363000021784],[-111.72308200004358,45.77236700013799],[-111.72184699978423,45.772369000195987],[-111.72182699969274,45.76962000004589],[-111.72182300039309,45.768756999767398],[-111.72181400017227,45.767434999916304],[-111.72175100042308,45.757867999912094],[-111.72171700008791,45.750572999878287],[-111.72169899964624,45.746780000270988],[-111.7216829997527,45.743277999780368],[-111.7213229999026,45.743273000162347],[-111.72116300006903,45.743269999764394],[-111.7203789998964,45.743252999805023],[-111.7201040004351,45.743242000012977],[-111.71943700043833,45.743233000067463],[-111.71917999962204,45.743225999969546],[-111.71889900031297,45.743225000045079],[-111.71869199972544,45.743225000045079],[-111.71796000032964,45.743208000071967],[-111.71722800003553,45.743205000297479],[-111.71610699957901,45.743190000168624],[-111.71564200014689,45.743185999841032],[-111.71454300033001,45.743176999886487],[-111.71369600040818,45.743161999750157],[-111.71135700030905,45.743133999944526],[-111.71074499966554,45.743132000092217],[-111.71058300018215,45.743132000092217],[-111.70904800034715,45.743105000198227],[-111.70551099979861,45.743059999718952],[-111.70487700031209,45.743062000200759],[-111.70469499983891,45.743058999791501],[-111.70336300039349,45.743036000200838],[-111.70271899996295,45.743028000150176],[-111.70212200028638,45.743021999954735],[-111.7017170002304,45.743021999954735],[-111.70136800025095,45.743024999739099],[-111.70129100025805,45.743050999744149],[-111.7011170001808,45.743108999904699],[-111.70012899979366,45.743114000164326],[-111.69608599980513,45.743147000236661],[-111.69053499974578,45.743192999943957],[-111.68621200027309,45.743228999742954],[-111.68007299985969,45.743274000085954],[-111.67471400031927,45.743294999732129],[-111.67035400013835,45.743312000305615],[-111.66895499984746,45.743314000151479],[-111.66236000022279,45.743337000254499],[-111.65973800026644,45.743343999711612],[-111.65973800026644,45.741125999929913],[-111.65974199956609,45.740516000279733],[-111.65973900009135,45.740334999852685],[-111.65973900009135,45.739898999719479],[-111.65973900009135,45.739297999784249],[-111.65973599971832,45.738450000226521],[-111.65973900009135,45.738353999808105],[-111.65973900009135,45.737838000139142],[-111.65973999991628,45.736088999988645],[-111.65974199956609,45.728834000067465],[-111.65816200042357,45.728832999885263],[-111.65715499976986,45.728831999702983],[-111.65344200039253,45.728828999783182],[-111.65218000036899,45.728828000227914],[-111.6453170000574,45.7288250003079],[-111.63974500008166,45.7288250003079],[-111.63973300038609,45.722657999934057],[-111.63973199966287,45.719484000119408],[-111.63972199961714,45.716870000275556],[-111.63971699959426,45.714305000200632],[-111.63949300018659,45.714305000200632],[-111.63815300034526,45.714309999903257],[-111.63648000041799,45.714315000232645],[-111.62971199964265,45.714333000034927],[-111.62494300010611,45.714346999946834],[-111.61903600039462,45.714363000110694],[-111.61903700021954,45.699862999835325],[-111.61396300018615,45.699886000265579],[-111.61021999977328,45.699901000104617],[-111.59831799958843,45.699962000119676],[-111.59824499979349,45.688738999818597],[-111.59823899994571,45.685120999770085],[-111.58401699992829,45.685219000088217],[-111.581390999774,45.685221000131349],[-111.57768699971918,45.685251000142102],[-111.57769299956698,45.676552999813723],[-111.57768400024445,45.673138999902314],[-111.57769799958983,45.670771000032225],[-111.57489099968558,45.670801000258514],[-111.57443100027635,45.670807000050729],[-111.57357699978351,45.670814999772738],[-111.57012200014904,45.670852999691974],[-111.56179000012469,45.670947000042112],[-111.55705400020013,45.670997000043847],[-111.55700599962123,45.670995000119966],[-111.55699599957548,45.667202000195552],[-111.55697200018435,45.657539000254509],[-111.5569689998113,45.656427000290272],[-111.55568800041952,45.65645299978268],[-111.55459299990227,45.656474000040063],[-111.55118400029856,45.656540999762129],[-111.54177100000065,45.656726000002884],[-111.54120299973808,45.656738000092439],[-111.53681499996804,45.656823999821725],[-111.53639700039162,45.656832000286286],[-111.53631600020077,45.656832999873359],[-111.53627000016999,45.647874000306132],[-111.5362409998577,45.642257000113126],[-111.52925600024567,45.642282000056589],[-111.5291669996589,45.642282999903394],[-111.52893200038058,45.642282000056589],[-111.5279690001078,45.642283999750134],[-111.52667500029722,45.642289000239742],[-111.52603800043768,45.642290999932996],[-111.52556700025949,45.643152000057924],[-111.52534499960331,45.643538999989786],[-111.52522900015067,45.643726999938018],[-111.52509400043147,45.64391099998462],[-111.52479200030767,45.644266000090497],[-111.52463099975087,45.644434000178997],[-111.52429199981715,45.644752999689508],[-111.5241179997399,45.644902000236286],[-111.52379399987478,45.645157999955238],[-111.52354399962952,45.64534399991026],[-111.52338399979595,45.645446999758093],[-111.52341999978097,45.645709000096595],[-111.52337999959802,45.64604299971981],[-111.52329900030547,45.646390000060173],[-111.52321100044193,45.646861000027734],[-111.52319999967295,45.646920999715235],[-111.52313100007598,45.647315000169357],[-111.52295500034889,45.648223000089438],[-111.52277200005078,45.649279000217504],[-111.52265700042304,45.649832999777367],[-111.52255699996562,45.650357999976585],[-111.52241999969827,45.650871000190151],[-111.52209199963521,45.651360999820888],[-111.52128900009431,45.652312000259386],[-111.52090800032779,45.652775999909998],[-111.52061700007467,45.653198000303256],[-111.52048900002815,45.653572999766958],[-111.52046999976159,45.653806000141451],[-111.52046300008887,45.653898999966373],[-111.52045999971583,45.654227000046916],[-111.52050999994455,45.655320999788337],[-111.52055299960223,45.656528000037866],[-111.52058299973947,45.657160000140884],[-111.52063299996819,45.657759999956816],[-111.52083100033492,45.658276000118946],[-111.52093199971893,45.658421999922368],[-111.52113199973546,45.658711999907915],[-111.52148599973781,45.659149999788383],[-111.52188900014393,45.659540999734396],[-111.52241200020066,45.659874000220313],[-111.52295000032602,45.660119000112637],[-111.52350699981962,45.660258999838867],[-111.52403700044734,45.660315999784082],[-111.52463400012391,45.660413000075167],[-111.52521400008206,45.660552999694112],[-111.52571299984936,45.660801000186808],[-111.52619300024837,45.661125000096995],[-111.526673999574,45.661404000313496],[-111.5272090002246,45.661648000288089],[-111.52745699992172,45.661824000103614],[-111.52756599970166,45.662241000155014],[-111.52749899975451,45.662694999936001],[-111.527378000279,45.663154000312709],[-111.5270119996828,45.664641999905648],[-111.52688799983424,45.665189000213623],[-111.52674300006929,45.665733000031217],[-111.52653600038005,45.666222000152707],[-111.52642599987688,45.666462000301792],[-111.5263150004471,45.66670300008839],[-111.52621599981458,45.667177000074616],[-111.52619900009614,45.668273999823803],[-111.52620699959377,45.668838999807406],[-111.52620699959377,45.669999000270288],[-111.52621400016477,45.670565999729547],[-111.52636499977751,45.67107400019767],[-111.52655100044866,45.67131600017089],[-111.52660099977905,45.671381999753677],[-111.52683299958267,45.67166999987576],[-111.52698900011657,45.671863999863675],[-111.52736800023325,45.672152000016283],[-111.5277309995581,45.672310999871002],[-111.5278219997947,45.672349999967722],[-111.52833900000365,45.672605999766922],[-111.52877699967156,45.672921999728487],[-111.52912800019915,45.673276999867348],[-111.52945899973696,45.67359800001158],[-111.52972400005081,45.673874999758993],[-111.52979400037104,45.674079999867608],[-111.52972300022591,45.674196000239363],[-111.52958500013365,45.674420999701383],[-111.52937099987342,45.674636999815164],[-111.52916199963603,45.674831000188917],[-111.52889899987031,45.675029000077537],[-111.52847999957064,45.675302000106498],[-111.52795200038935,45.675638999882736],[-111.52682699973488,45.676379000217828],[-111.52628199993683,45.676727999983406],[-111.52583199967502,45.677025000155822],[-111.52499200032422,45.677600999838994],[-111.52495299996616,45.677628999855521],[-111.52446800044257,45.6779740000079],[-111.52331500019901,45.678747999874808],[-111.52272099999715,45.679134999873014],[-111.52217899967384,45.679529000254639],[-111.52177399961791,45.67994499978748],[-111.52048300018036,45.681413999752259],[-111.51822199989904,45.68394799995319],[-111.51703500021858,45.685315000194926],[-111.51669000043709,45.685658999695214],[-111.5162329996043,45.685849000095807],[-111.51565199982123,45.685878000073778],[-111.51330900042247,45.685869000298602],[-111.51092900031547,45.685867999974896],[-111.5106649998265,45.685888000170898],[-111.51044999974135,45.685892000209257],[-111.50990199957026,45.68588699984749],[-111.5076579999057,45.685878999769784],[-111.50663400043186,45.685869999994821],[-111.50636499992002,45.685884000132269],[-111.50594300014563,45.68603299980925],[-111.50580599987828,45.686402000244861],[-111.50582299959673,45.687810999740144],[-111.50582500014485,45.688877000217992],[-111.50586199995479,45.693130000144301],[-111.50532399982944,45.693147999866603],[-111.50387500020817,45.693163999824051],[-111.50303400013412,45.693166999776302],[-111.50215899972487,45.693179999776874],[-111.50126900014536,45.693186000307037],[-111.50037399964462,45.693199999868355],[-111.49782100018359,45.69321700000328],[-111.49711499982875,45.693238999837988],[-111.49658699974913,45.69334300025146],[-111.49634400007488,45.693419999775315],[-111.49627799995265,45.693446000283302],[-111.49597300035413,45.693566000154213],[-111.49543100003082,45.693815000131679],[-111.49489499955531,45.694053000187651],[-111.49451700016185,45.694294999923109],[-111.49441900025255,45.694639000041995],[-111.49448899967445,45.695668999954492],[-111.49461699972098,45.697238000087694],[-111.49492999971541,45.70127899998257],[-111.49499400018783,45.702238000282314],[-111.49503199982266,45.702596000191804],[-111.49508899972405,45.703282000300476],[-111.49512700025721,45.703858000034288],[-111.49513499975482,45.703977000146864],[-111.49517800031083,45.704473999761007],[-111.49521299957263,45.704980999795566],[-111.49529999961126,45.706065999764519],[-111.49537199958129,45.70715199994666],[-111.49541000011443,45.707546999908573],[-111.49546000034316,45.708175000114132],[-111.49551600041964,45.709107000031679],[-111.49569799999452,45.709502999880065],[-111.49577599981232,45.709598999705896],[-111.49599699974524,45.709869000096411],[-111.49625500038644,45.710236000313145],[-111.49625500038644,45.710612000188014],[-111.49604299977601,45.710978999917039],[-111.4956400002682,45.711347000240664],[-111.49525199993067,45.711737000107185],[-111.49497999994411,45.712211999839397],[-111.49474899996542,45.712689000240779],[-111.49454599957583,45.713157999768164],[-111.49446600010822,45.713637999730942],[-111.49462599994179,45.714051000166606],[-111.49499099981476,45.71441000013423],[-111.4952479997327,45.714763000208912],[-111.49540199971851,45.715059999782923],[-111.49555900007734,45.715312999824427],[-111.49564299974293,45.715435999820059],[-111.49574300020036,45.715773999719268],[-111.49574099965221,45.716187000049842],[-111.4957320003297,45.716643000140486],[-111.49567999955285,45.717804000218933],[-111.49565799981156,45.718645000262299],[-111.49565799981156,45.719201000175474],[-111.49562900039754,45.720982000177045],[-111.49562900039754,45.721579000309326],[-111.49562100000162,45.722173000056692],[-111.49561900035179,45.723344000297352],[-111.49562900039754,45.724341999804516],[-111.49564100009312,45.724874000295088],[-111.49563799972006,45.72548400024305],[-111.49563900044329,45.725564000122539],[-111.49564199991802,45.72605500017373],[-111.49563400042041,45.727204999894624],[-111.49563000022245,45.729157999852717],[-111.49536599973351,45.729161999931243],[-111.49487000033926,45.729154999950424],[-111.49403099991503,45.729153999773914],[-111.49310399962725,45.729145000065905],[-111.4921499995753,45.729142999712558],[-111.49119100039881,45.729135999729358],[-111.49025200041547,45.729124000114489],[-111.48772599982028,45.72911800030608],[-111.48713900018944,45.729125000291489],[-111.48710599967916,45.729127000018451],[-111.48670300017136,45.729145000065905],[-111.48628700024474,45.729209000048364],[-111.48572900002792,45.729333999900554],[-111.48518699970461,45.729467999757503],[-111.48490899987026,45.729594999994383],[-111.48476099973227,45.729663000130849],[-111.48439699968419,45.729994000000382],[-111.48402699978834,45.730363000043326],[-111.48371899981677,45.730690000185113],[-111.48350299990669,45.730907000116026],[-111.48334499972296,45.731066999903639],[-111.48289100016152,45.73154500001128],[-111.48157399988639,45.732902000024573],[-111.48133299986198,45.733198999743891],[-111.48111399957885,45.733493000095464],[-111.48059399989518,45.734225999988588],[-111.4805389996436,45.734311000309134],[-111.48037799998511,45.734560000016785],[-111.4800330002036,45.734781000262679],[-111.47951799964449,45.734814999692333],[-111.47893100001366,45.734842999907869],[-111.47838299984257,45.73506100007571],[-111.47820100026769,45.735159000023408],[-111.47640199994373,45.736134999868078],[-111.47589999980342,45.736411000230028],[-111.47533800028692,45.736769000071121],[-111.47495999999515,45.737165000139562],[-111.47491599961423,45.737663999977677],[-111.47491300013948,45.73820899979718],[-111.47492900003301,45.73876399998499],[-111.47492400001013,45.739349000124854],[-111.47492999985791,45.73976199985178],[-111.47493200040607,45.739907000218501],[-111.47493599970571,45.741423999753138],[-111.47492400001013,45.742700000221454],[-111.47494199955348,45.743476999886909],[-111.47489700024597,45.745536000305925],[-111.47489100039819,45.745826000135274],[-111.47484399964419,45.748706999736058],[-111.47484399964419,45.749250999763973],[-111.47484299981929,45.749331999891908],[-111.4748360001466,45.749750000030325],[-111.4748360001466,45.750814000218377],[-111.47450399988557,45.750817999999349],[-111.47218400005301,45.75079700004904],[-111.47180599976124,45.750793000266512],[-111.4703160001321,45.750773000096139],[-111.46978600040266,45.750770999890648],[-111.46959300005884,45.750767000106258],[-111.46928699973708,45.750775000301545],[-111.46878100029707,45.750836999738645],[-111.46832799966224,45.751144000304272],[-111.46788999999433,45.751561000260665],[-111.46747999991551,45.75193500017771],[-111.46703600039982,45.752290999992923],[-111.46564899980449,45.753457000028646],[-111.46518500019732,45.753910000059122],[-111.46475000000413,45.754363999898231],[-111.46455199963741,45.75486800004073],[-111.46452599969815,45.75547400011731],[-111.46453400009406,45.7560090002344],[-111.46453499991898,45.756106000073032],[-111.46456800042924,45.757337000009301],[-111.46458500014768,45.759964999871166],[-111.46458900034565,45.760659999772415],[-111.46462299978253,45.762454999888185],[-111.4646200003078,45.762811000276741],[-111.46461899958456,45.762879000071401],[-111.46462399960743,45.763514000070117],[-111.46464100022419,45.763990999847131],[-111.46466200014059,45.764937000281996],[-111.46466600033854,45.76532800030278],[-111.46466299996548,45.765899000156978],[-111.46467399983615,45.766950999879029],[-111.46467100036141,45.767513999738647],[-111.46468200023206,45.768070000066992],[-111.46468300005697,45.768478999960145],[-111.46470200032354,45.769835000166573],[-111.46470599962319,45.770483000130689],[-111.46470300014846,45.771739999727885],[-111.46471499984405,45.772281000083098],[-111.46476199969969,45.772731000111158],[-111.46485799995916,45.773119999981667],[-111.46535799955137,45.774497999941566],[-111.46544100029035,45.774718999976521],[-111.4655430003976,45.774991000118547],[-111.46573599984313,45.775448999999867],[-111.46600899965459,45.775826000105695],[-111.46603799996693,45.775865000057614],[-111.46637000022793,45.776168000297062],[-111.46700999956224,45.776710000254042],[-111.46750699967967,45.777150000198851],[-111.4679519999186,45.77761400012735],[-111.46838200008892,45.778114999732111],[-111.46879399981758,45.77865600027048],[-111.46962499984588,45.779780000046635],[-111.47007199973461,45.780338000038192],[-111.47054000043808,45.780885000193003],[-111.47132500043563,45.781789999900383],[-111.47180300028651,45.782325999985822],[-111.47206199985428,45.782650999917131],[-111.47210399968706,45.782702999955845],[-111.47222000003802,45.783029999870919],[-111.4722459999773,45.783103999721625],[-111.4722810001374,45.783544999783203],[-111.47230899972649,45.784430000155396],[-111.4723380000388,45.785340999982687],[-111.47236700035113,45.786252999737087],[-111.47236700035113,45.786690000230656],[-111.47234899990947,45.786925000064407],[-111.47233300001595,45.787128999959123],[-111.47227899958926,45.787570000127943],[-111.47227000026673,45.787980999961015],[-111.47227000026673,45.788001999697343],[-111.47228699998517,45.788444999957775],[-111.47231200009954,45.788906999759284],[-111.4723659996279,45.789380999936249],[-111.4725349996823,45.78984399983834],[-111.47294300011131,45.790722999727166],[-111.47314800015072,45.791152000212357],[-111.47334499979421,45.791622000101341],[-111.47346299979499,45.792072999688124],[-111.47348700008442,45.792512000240258],[-111.47342299961203,45.79292899980242],[-111.47326399960336,45.793609000134474],[-111.47320500005212,45.79398800012298],[-111.47316900006712,45.794160999799729],[-111.4731539999985,45.794200999717319],[-111.47313899992989,45.794239999969491],[-111.47313599955685,45.794320000288941],[-111.4729919996168,45.795099000112359],[-111.47225000017526,45.799119000134176],[-111.47198099966343,45.800164999781941],[-111.4716540003236,45.800683000272947],[-111.47125199974239,45.801215999896783],[-111.47081800027243,45.801692999734442],[-111.47034200007137,45.80214399985821],[-111.46996299995467,45.802617000067542],[-111.46893500028288,45.804202000228315],[-111.46865900009834,45.804747999720071],[-111.46667599965139,45.810824999820291],[-111.46657400044245,45.811136000073965],[-111.46600199998191,45.812887999713993],[-111.46565100035262,45.81430000018495],[-111.46549599964361,45.815227000189587],[-111.46526700021307,45.815898000007891],[-111.46437500008541,45.817774999721799],[-111.46419799963509,45.818146999899611],[-111.46389499968637,45.818755999960878],[-111.46208500039009,45.822389000140049],[-111.46179499996185,45.82302300005373],[-111.46162500008253,45.823515999893175],[-111.46157800022687,45.824047000065811],[-111.46153300002103,45.826179999898869],[-111.46152799999815,45.828045000161019],[-111.46152600034834,45.828765000189897],[-111.46152600034834,45.828915000301677],[-111.46152200015038,45.83065499984837],[-111.46032100022622,45.830683999776362],[-111.45930199987696,45.830662999851597],[-111.45904499995899,45.830696000087492],[-111.45896700014119,45.830705999927552],[-111.45879399988883,45.830893999840285],[-111.45830299961915,45.831930999912828],[-111.45791299963182,45.832547999775862],[-111.45754699993391,45.83293699968884],[-111.45718200006094,45.83325700019676],[-111.45694500023447,45.833465000197393],[-111.4556589999215,45.834592999949635],[-111.45544899985923,45.834834000249963],[-111.45525600041368,45.835056000299112],[-111.45501600021419,45.835547999822971],[-111.45481700002254,45.836069000255428],[-111.45468499977807,45.836619000155871],[-111.45436500011093,45.838931999714696],[-111.45435400024027,45.839534000307431],[-111.45459199989163,45.841166999702857],[-111.45460799978517,45.841751999915267],[-111.4545469996858,45.842923000049701],[-111.45447999973865,45.843517999987142],[-111.45394300033652,45.845365999863191],[-111.45369700028924,45.846569999854381],[-111.4536319999919,45.847162999705475],[-111.45366299995405,45.847791000084172],[-111.45385200009993,45.848997999866377],[-111.45423899971421,45.850730999955125],[-111.45494900026702,45.852302999841868],[-111.45509300020706,45.852546999919674],[-111.45589200044832,45.853901999799554],[-111.45618000032842,45.854473000186736],[-111.45639700006339,45.855067000043562],[-111.4565319997826,45.855653000274557],[-111.45650099982046,45.856213999941666],[-111.45625099957522,45.856693999730865],[-111.45582200012812,45.857087000051195],[-111.45481299982458,45.857862999903894],[-111.45396699972765,45.858392000102164],[-111.45355300034919,45.858714000070876],[-111.45319400032398,45.859049000229398],[-111.45275900013081,45.859380999838734],[-111.45167700003233,45.860534000279785],[-111.45137800028159,45.86077599988932],[-111.45112399983839,45.860974000208223],[-111.45099300031714,45.86110900013513],[-111.45081000001903,45.86148400001936],[-111.45084500017914,45.861895000025171],[-111.45119499998349,45.862880999791457],[-111.45129999956548,45.863437999892355],[-111.45146199994718,45.868815000235813],[-111.45149600028236,45.869490999757517],[-111.45150299995508,45.869824999875043],[-111.45132100038019,45.870237000288945],[-111.45110399974691,45.870501000248247],[-111.44921800028263,45.87252900019778],[-111.44825599983474,45.873428999928315],[-111.44702499977336,45.874469999925992],[-111.44649599986884,45.874902999802025],[-111.44592500013155,45.875386999831562],[-111.4453679997396,45.875836000218371],[-111.44479799982723,45.876250999975341],[-111.44422100024215,45.876628999762019],[-111.44305799995281,45.877402000097362],[-111.44250499975885,45.877821000092531],[-111.44205500039537,45.878311999750103],[-111.44169999966982,45.878842999856268],[-111.44140900031501,45.879380999783479],[-111.44110299999325,45.879855999800583],[-111.44072999972435,45.880238999924877],[-111.440303999752,45.880539999820584],[-111.43989100019843,45.880748000011181],[-111.43938200038541,45.880997000114327],[-111.43915399988147,45.881103000296754],[-111.43890299981129,45.881228999931963],[-111.43876899991699,45.881307999780816],[-111.43856499970249,45.881432000306617],[-111.43813899973014,45.88180799998706],[-111.43810399957005,45.881843999723209],[-111.43805800043761,45.881891000021078],[-111.43802499992732,45.88193299996091],[-111.43803999999595,45.88204599979025],[-111.43801499988159,45.882184000249659],[-111.43799899998805,45.882348999764467],[-111.43795999963001,45.882524999874121],[-111.43794899975936,45.882574000075451],[-111.43794399973648,45.882595999717871],[-111.43785000002514,45.882896999976722],[-111.43773200002437,45.883182999864786],[-111.43759899995496,45.883419000207347],[-111.4373470000599,45.883803000063494],[-111.43703300024053,45.884186999766733],[-111.43695100022478,45.884318999911507],[-111.43687599988169,45.884438999771],[-111.43683099967585,45.884539000289607],[-111.43677700014749,45.884659000299173],[-111.43674000033758,45.884757999908693],[-111.43671100002527,45.884834000082982],[-111.4366719996672,45.884960000011191],[-111.43665599977368,45.885081000243957],[-111.43666199962146,45.885302999861686],[-111.43628900025088,45.885312999891163],[-111.43554400043629,45.885453000115163],[-111.43447300020848,45.885701999766802],[-111.43394599995378,45.88588600007553],[-111.43359199995146,45.886060999745894],[-111.43298699987896,45.886360000272504],[-111.43275500007539,45.886467000084615],[-111.43142199990675,45.886914999882421],[-111.4303909998619,45.887318000082011],[-111.4287580001176,45.887776999939604],[-111.42857999984237,45.887825000053027],[-111.42653899966908,45.888313999821882],[-111.42581499977089,45.888548999807078],[-111.42509500007068,45.888801000032799],[-111.42454000022688,45.888935999906792],[-111.42411099988149,45.888995000072853],[-111.42362299998486,45.889019999732213],[-111.42312699969233,45.889037000269497],[-111.42279100013164,45.889019999732213],[-111.42238000022792,45.888926999716965],[-111.42218500023425,45.888818000011831],[-111.42152999993303,45.888548999807078],[-111.42099099998279,45.888380999855116],[-111.42046999957586,45.888238000031649],[-111.4201340000152,45.888137000091916],[-111.41963199987487,45.887969999974402],[-111.41953999981337,45.887930999713639],[-111.41912499971167,45.887843000163009],[-111.41854499975354,45.887716999895794],[-111.41788899962742,45.887606999855613],[-111.41696800008573,45.887459999933625],[-111.41675399982549,45.88735600030688],[-111.4163889999525,45.887238000181888],[-111.41562300022153,45.887121000276814],[-111.41403300013495,45.886872999957134],[-111.41293699979276,45.886684999753626],[-111.4119319996872,45.886620999738724],[-111.41180899966355,45.886598999814247],[-111.41164299998219,45.886570000270027],[-111.4114870003466,45.886541999941059],[-111.41138100004137,45.886511999885549],[-111.41073999998387,45.886380999807734],[-111.41042299979145,45.886267000180759],[-111.40996599985696,45.886291999817324],[-111.40923000026324,45.886697999718308],[-111.40883000023014,45.887110000102034],[-111.40873999981848,45.887602000047544],[-111.40886399966701,45.887911999801162],[-111.40890899987286,45.888442000253725],[-111.40866000035082,45.888948000157569],[-111.4084250001742,45.889137000014344],[-111.40841699977828,45.889150000030455],[-111.40832899991472,45.889299999900338],[-111.40799099980593,45.889558999705827],[-111.40715099955679,45.889972999716129],[-111.40661400015468,45.89023699970631],[-111.4062929997643,45.890303999921002],[-111.40623099984003,45.890017999803149],[-111.40566099992763,45.889150999839202],[-111.4055889999576,45.889041000137702],[-111.40536600037484,45.888801000032799],[-111.40504699963428,45.888621999717159],[-111.40476100030236,45.888544000083826],[-111.4040549999475,45.888456000253754],[-111.40318700010928,45.88842699980318],[-111.40255100007465,45.888561999960814],[-111.40201499959915,45.88877400001865],[-111.40175799968118,45.889153000081862],[-111.4016460004265,45.889318000157616],[-111.39974199962225,45.889251000004087],[-111.39887499960894,45.889334000172994],[-111.39703199980235,45.889241999865298],[-111.39778500001286,45.889142000309491],[-111.39709200007682,45.889163000043588],[-111.39657900006584,45.889144999736033],[-111.39633800004141,45.889136000205347],[-111.3955699997623,45.889137000014344],[-111.39553700015033,45.88915200027315],[-111.39472399966537,45.889140999875359],[-111.39322900001335,45.888685000110613],[-111.39297200009538,45.888708000276161],[-111.39271500017745,45.888734999697114],[-111.39233500023585,45.888678999957108],[-111.39221399986202,45.888661999935536],[-111.39209400021143,45.888644000090956],[-111.39115699987792,45.888248000158065],[-111.39071800038509,45.888093000184526],[-111.38976199978499,45.887914000088436],[-111.38877599994599,45.887807999770082],[-111.388375000088,45.887601000210957],[-111.38771899996186,45.887106000094775],[-111.38708999959994,45.886800000249664],[-111.38633499973962,45.886579000216457],[-111.38569500040535,45.886450000011372],[-111.38524500014356,45.886391000268517],[-111.38484099991251,45.886391000268517],[-111.38613800009611,45.887843000163009],[-111.38461900015464,45.88885999971702],[-111.38417800011369,45.890062999853761],[-111.38230400034497,45.88850399978044],[-111.38181200025038,45.887939000234326],[-111.38130300043734,45.887115999799732],[-111.38089699965816,45.886614999987572],[-111.38000600025373,45.886415999849234],[-111.37779199982808,45.887246000177079],[-111.37675400011054,45.888127999772628],[-111.37667700011765,45.888241999957401],[-111.37587500040166,45.889120000132941],[-111.37555200036148,45.889503000171295],[-111.37545500027709,45.889544000182163],[-111.37533399990325,45.88959700027339],[-111.37479900015096,45.889932999816594],[-111.37447100008791,45.890300000143732],[-111.37431000042942,45.890443000285956],[-111.37372799992315,45.891057000219014],[-111.37215799992805,45.891861999731731],[-111.37161800015288,45.892139000063494],[-111.37090699977516,45.892605999946149],[-111.37014100004421,45.893030000268851],[-111.36965300014757,45.893275999889418],[-111.36861299988189,45.893668999805307],[-111.36778500022663,45.893859000202383],[-111.36722899965962,45.893927000147023],[-111.36655800036323,45.894084999880853],[-111.36646499957848,45.894013999715774],[-111.36574400005334,45.894187999694786],[-111.36420699967022,45.894676000004324],[-111.36342400022079,45.894834999814435],[-111.36183400013421,45.894589000222261],[-111.36015199998612,45.894237999954413],[-111.35932199978274,45.893986999734814],[-111.35878100018265,45.893823000124407],[-111.3576940000613,45.893739000060144],[-111.356827000048,45.893766999887269],[-111.35444600011608,45.893509000052703],[-111.35373399991346,45.893518000125248],[-111.3527249996099,45.893610000227618],[-111.3513360002631,45.893857999853161],[-111.35095200012356,45.893943000085144],[-111.35042200039413,45.893961000088112],[-111.35005300032317,45.893846999762133],[-111.34996899975927,45.893764999810784],[-111.3497179996891,45.893675999772263],[-111.34967300038159,45.893650999707653],[-111.34946699961893,45.893520999940705],[-111.34935199999121,45.893481000095491],[-111.34929000006694,45.893486999730257],[-111.34921200024914,45.893495000075838],[-111.34880600036826,45.893273999795248],[-111.34736199987155,45.892966999801921],[-111.34411800012427,45.892939999937177],[-111.34389399981829,45.892983999756296],[-111.34339199967796,45.893092000301337],[-111.34304199987359,45.893040999896463],[-111.34285100007789,45.892963000216433],[-111.34271299998562,45.89278499992718],[-111.3428660001465,45.892332999698965],[-111.34306299978999,45.892062999879748],[-111.34297699957625,45.891894999927239],[-111.34289999958337,45.891847000204748],[-111.34280800042016,45.891774000156502],[-111.34238900012052,45.891687000204939],[-111.34181400018525,45.891690999882321],[-111.34138499983985,45.891582999739022],[-111.34001900005924,45.891504999887076],[-111.3374160003695,45.891461000146663],[-111.33685300012978,45.891574999743263],[-111.33675500022049,45.891716999966484],[-111.33666900000676,45.891847000204748],[-111.33662600034906,45.891863999876762],[-111.33650400015033,45.891894999927239],[-111.33639100017243,45.891913999727784],[-111.33610900014011,45.89193500028955],[-111.33595900035229,45.891959999876079],[-111.33562799991617,45.892036000200775],[-111.33503500043756,45.892187999912899],[-111.33413999993685,45.892442999758451],[-111.33352499981861,45.892590999994901],[-111.33300599995984,45.89272199980752],[-111.33296300030212,45.892741999694493],[-111.33292599959391,45.892767000168249],[-111.33289600035496,45.89279699997163],[-111.33286600021776,45.892838000051903],[-111.33285399962388,45.892872999776181],[-111.3328550003471,45.892917000273634],[-111.3328760002635,45.892980000172088],[-111.33291800009629,45.89303500021353],[-111.33297300034788,45.89308699973656],[-111.33305600018856,45.893143000034144],[-111.33319599993064,45.89320900013378],[-111.33331200028159,45.893247000079754],[-111.33349499968136,45.893292999749221],[-111.33360699983434,45.893313999789555],[-111.33374699957645,45.893329000170759],[-111.33403100015691,45.893339999739162],[-111.33413400008907,45.893348000105966],[-111.33428700024994,45.893366000301832],[-111.33436000004487,45.893381999776281],[-111.33440799972544,45.893397999871411],[-111.3344889999163,45.893423999781696],[-111.33454499999279,45.893446999860508],[-111.33466899984136,45.893513000224054],[-111.33474699965917,45.893566000279215],[-111.33478600001723,45.893603000252391],[-111.33480799975854,45.8936330002294],[-111.33482399965204,45.893695000213953],[-111.33481899962918,45.893753999701325],[-111.33480500028379,45.893791000174431],[-111.33478199981926,45.893823000124407],[-111.33475099985711,45.893846999762133],[-111.33472200044312,45.893859999926306],[-111.33467999971202,45.893880000028645],[-111.33457099993208,45.893913000275546],[-111.33417300044711,45.894015000062126],[-111.33409300008118,45.894039000242152],[-111.33403700000468,45.894073000114666],[-111.33397799955515,45.894137000296396],[-111.33389399988954,45.894162999860697],[-111.33385799990454,45.894198000000401],[-111.33380699985091,45.894301999945988],[-111.33379599998024,45.89437299974287],[-111.33379900035331,45.894420000069196],[-111.33382899959223,45.894688999974434],[-111.33387499962298,45.89491700006154],[-111.33388100036906,45.894949999692237],[-111.33385399970658,45.895064999957093],[-111.33382500029258,45.89510099985511],[-111.33376900021608,45.89514899989129],[-111.33368499965216,45.895173000206412],[-111.333108999892,45.895163000076359],[-111.3329409996625,45.895177000257959],[-111.33285399962388,45.895198999910903],[-111.33274999986679,45.895202999960532],[-111.33266799985103,45.89519499986099],[-111.33248799992597,45.895161999750684],[-111.33200500005221,45.897161999962577],[-111.33209700011372,45.897441000061178],[-111.33240300043546,45.897844999812222],[-111.33248299990311,45.898528000013279],[-111.33270300001114,45.899639000201979],[-111.33297199962463,45.90099899988266],[-111.33230100032824,45.901727000022333],[-111.33307399973191,45.903293999795586],[-111.33400500021763,45.906941999884459],[-111.33364700001734,45.908649999940884],[-111.33357099984936,45.909338000086798],[-111.33380799967583,45.909389999969221],[-111.3339890003241,45.90957299986524],[-111.3341650000512,45.909595000064861],[-111.33434900017421,45.909736999836667],[-111.33440199987766,45.909886999729217],[-111.33409999975386,45.910872999933417],[-111.33406100029413,45.911315000158176],[-111.33377000004099,45.912233000051124],[-111.33369399987302,45.913050000129012],[-111.33372700038329,45.913671000043855],[-111.33414999998259,45.916181000090418],[-111.33445999960398,45.918341999778193],[-111.33447899987056,45.918690999724539],[-111.33323699993851,45.920389000099689],[-111.33345899969636,45.920379000136947],[-111.33439299965683,45.920362999692898],[-111.33475400023018,45.920352999725523],[-111.33512099975297,45.920336000026786],[-111.33576199981047,45.92028200003012],[-111.33787400012889,45.919995000080249],[-111.33873899959406,45.919885000235055],[-111.33891500021947,45.919855000068992],[-111.339079000251,45.919813999940793],[-111.33923700043476,45.919760000061068],[-111.33937999965156,45.919701000086071],[-111.33964300031562,45.919576000122454],[-111.33987000009634,45.919453000278331],[-111.34007500013574,45.91935499991267],[-111.34022200044885,45.919303999883489],[-111.34065300044405,45.919204000094538],[-111.34106699982253,45.91909999992285],[-111.34141300032725,45.918997999973747],[-111.34209799986738,45.918795999937771],[-111.34228000034058,45.918755000276931],[-111.34246399956525,45.918726000025998],[-111.34265699990912,45.918718000191184],[-111.3452520001013,45.918738000088553],[-111.34724100039602,45.918775000161006],[-111.34765599959943,45.918794000137922],[-111.34776899957733,45.918813000108379],[-111.34796799976895,45.918858999845362],[-111.34803300006628,45.918880000215275],[-111.34812900032574,45.918920999783808],[-111.34819299989987,45.91897200016502],[-111.34823300008281,45.9190210000828],[-111.34826400004496,45.919092000141916],[-111.34828599978626,45.919253999699066],[-111.34831300044875,45.920529999882042],[-111.34833199981703,45.920845999972066],[-111.34835500028154,45.920932999854905],[-111.34840399978705,45.921016000161913],[-111.34847400010725,45.921106999836276],[-111.34855799977284,45.921190999739714],[-111.34864999983434,45.921271000094912],[-111.34912000018763,45.921717000007845],[-111.34939100034927,45.921989000290822],[-111.34948099986265,45.922072000267853],[-111.3495829999699,45.922147999994863],[-111.34983099966701,45.922287999844379],[-111.35010199982867,45.922424999837197],[-111.35034000037835,45.922570999853967],[-111.35042400004393,45.922651000094028],[-111.35048199977027,45.922736999817211],[-111.35051399955731,45.922830000072622],[-111.35053600019694,45.922931999851031],[-111.35056499961092,45.923028999699106],[-111.35062099968745,45.923121000267997],[-111.3507019998783,45.923206000067125],[-111.35081300020637,45.923278000214125],[-111.35094000042798,45.923341000031748],[-111.35104099981201,45.923383999687651],[-111.35120900004149,45.923454999787687],[-111.35132200001941,45.923494999909622],[-111.35153499955642,45.923585999892197],[-111.35144599986795,45.923642000047607],[-111.35130399957774,45.923801000013384],[-111.35112299982777,45.924013999689677],[-111.35101700042087,45.92411299975366],[-111.35096800001706,45.924209000234015],[-111.35097200021502,45.924329999932404],[-111.35099800015431,45.924448999770803],[-111.35107299959905,45.92472399978616],[-111.35109000021581,45.924788000253152],[-111.35109400041375,45.924867999795715],[-111.35104300036015,45.925006000079023],[-111.3509920003065,45.925079999962747],[-111.35080700035859,45.925228000058908],[-111.35072000031997,45.925282000240578],[-111.35060099959594,45.925354000192691],[-111.35009799963071,45.9256150000951],[-111.34967300038159,45.925889000182039],[-111.34933600009769,45.92612399986033],[-111.34909400024836,45.926334000073339],[-111.34888500001098,45.926606000214889],[-111.34865900005516,45.92686699985029],[-111.34828099976338,45.927198000066007],[-111.34788999995114,45.927519000255657],[-111.34753199975084,45.927805000286661],[-111.34725100044177,45.92803799987945],[-111.34697000023439,45.928253999971304],[-111.34662799992763,45.928526000070654],[-111.34585999964852,45.929118999764],[-111.34540299971403,45.929480000263872],[-111.34505700010762,45.929783000114242],[-111.3449089999696,45.930059000250971],[-111.34484100019753,45.930418000250469],[-111.34472300019678,45.931413999773191],[-111.34469399988446,45.931781000201006],[-111.34466000044756,45.932100000164553],[-111.34463699998305,45.932426999901274],[-111.3446129996936,45.933096000096263],[-111.344605000196,45.933162999823416],[-111.34455800034033,45.933567000127539],[-111.34450499973855,45.933755000292486],[-111.3445080001116,45.934011000024029],[-111.34455900016525,45.934327999791613],[-111.34471700034899,45.93478700026818],[-111.34480100001458,45.935105000204011],[-111.34485399971801,45.935401999835172],[-111.34479699981659,45.935627000105967],[-111.34448100034743,45.935960999921313],[-111.34410700025362,45.936384000034373],[-111.34392399995552,45.936609000069204],[-111.34379599990901,45.936887999944062],[-111.34372399993899,45.937148999926571],[-111.34367200006042,45.937375999735877],[-111.34368200010617,45.937687999963714],[-111.34382900041928,45.938014000308634],[-111.3441130001014,45.9383179999381],[-111.34445899970781,45.938628999696199],[-111.34479099996882,45.938963000171455],[-111.34504700006187,45.939324999847258],[-111.34528300006343,45.939713999901763],[-111.34553300030868,45.94009200005263],[-111.34574800039383,45.940476999813143],[-111.34588700031101,45.940869000286746],[-111.34597500017456,45.941177999862049],[-111.34613199963506,45.941623000152632],[-111.34615900029758,45.941700000066412],[-111.34630800026048,45.941998000088006],[-111.34670900011848,45.942422999946899],[-111.34705800009792,45.942747999845444],[-111.34737899958998,45.943070000076425],[-111.34773400031553,45.94331599970662],[-111.34796000027134,45.943377999796716],[-111.34867199957566,45.943430000262069],[-111.34879999962219,45.943532999718506],[-111.34886499991948,45.943648999981015],[-111.34889099985877,45.943770999822874],[-111.34889000003385,45.943801000172947],[-111.34887300031541,45.943897999757084],[-111.34866200042821,45.944097000008306],[-111.34854400042744,45.944292999974941],[-111.34858999955988,45.944651000222329],[-111.34851599994005,45.944667999965418],[-111.34841399983279,45.944735000078104],[-111.34771699969879,45.94491800021558],[-111.347133000441,45.945142999976447],[-111.34582200001367,45.94572500021043],[-111.34456199963998,45.946228000134191],[-111.34433099966131,45.94636499971373],[-111.34415300028436,45.946506000304375],[-111.34364100009829,45.947316999709997],[-111.3433609997158,45.947599000061857],[-111.34307700003369,45.947782000114032],[-111.34270299993987,45.947983000161145],[-111.34231299995253,45.948142000306703],[-111.34154899987139,45.948391999880322],[-111.34123199967898,45.948465999792703],[-111.34088400042273,45.94851899984647],[-111.34018899993855,45.948562999958682],[-111.33946300039057,45.948570999861772],[-111.33892299971708,45.948506999980154],[-111.3385579998441,45.948448999965038],[-111.33827300033705,45.948425000199499],[-111.33803499978735,45.948449999955081],[-111.33783800014388,45.948494000122068],[-111.33780700018174,45.948509999946992],[-111.33758600024881,45.948625999788838],[-111.33716799977404,45.948906999745496],[-111.3369109998561,45.949027999903791],[-111.33662100032619,45.949120999799462],[-111.33635299963927,45.949154000309186],[-111.33614699977494,45.949142999933272],[-111.33597000022293,45.949117999865685],[-111.33583499960542,45.949109000063423],[-111.33564800000765,45.949144999888205],[-111.33544700016621,45.949211000234918],[-111.33504600030822,45.949430000226187],[-111.33468100043522,45.949706000017969],[-111.33377500006387,45.950239999990387],[-111.33322699989277,45.950501000203431],[-111.33202099994575,45.95087799993744],[-111.33149000039141,45.95109399976112],[-111.33099300027395,45.951400999932787],[-111.33028899956894,45.951836000069747],[-111.33013399975825,45.951906999973311],[-111.32992700006901,45.95194900004055],[-111.32826099981443,45.952167999831083],[-111.3274139998926,45.952317999932554],[-111.32699399976802,45.952455000074444],[-111.32686200042185,45.952522000143603],[-111.32669199964425,45.9525979999935],[-111.32624099955756,45.952784000139758],[-111.3254139997272,45.953295000182443],[-111.32493800042442,45.953527000204957],[-111.3246949998519,45.953598999712987],[-111.32444799997967,45.953637000161599],[-111.32395199968714,45.953646999749374],[-111.32377099993715,45.953691000162578],[-111.32364000041591,45.953756000198098],[-111.32360000023294,45.953823999836587],[-111.32331300017776,45.954315000104444],[-111.32310899996325,45.954590000048199],[-111.32277300040261,45.954810999770238],[-111.32248299997435,45.955001999967337],[-111.3221339999949,45.955197000228424],[-111.32140300042404,45.95553100018958],[-111.32072300000847,45.955842000190927],[-111.32008299977586,45.956221000140324],[-111.31991299989654,45.956285999706466],[-111.31971500042815,45.956334999761317],[-111.31929500030358,45.956401000289333],[-111.31895700019479,45.956572000014269],[-111.31808599998351,45.957265000235019],[-111.31765199961524,45.957751000256167],[-111.3170449998929,45.95814800005931],[-111.3167129996319,45.958342999866389],[-111.31633400041352,45.958490999873547],[-111.31530199964546,45.958717999728186],[-111.3151419998119,45.95878000007702],[-111.31496600008481,45.958982000007126],[-111.31480899972595,45.959247999867564],[-111.3146909997252,45.95938600015598],[-111.31453500008958,45.959501999716245],[-111.31423700016374,45.959696999754065],[-111.31381000036649,45.959896999896614],[-111.31352599978604,45.960000999760368],[-111.31339199989172,45.960051000057724],[-111.31202699993604,45.960722999725469],[-111.31143100008438,45.961174000293845],[-111.31097099977686,45.961464999751819],[-111.31081099994329,45.961565999910228],[-111.31039400019176,45.961674999769542],[-111.31007399962631,45.961801999896537],[-111.30991399979273,45.961844999706393],[-111.30883900026527,45.96213600001127],[-111.30840900009495,45.962215000263683],[-111.30823900021565,45.962264000071201],[-111.30804099984893,45.962348999825664],[-111.30736700017948,45.96274099987081],[-111.30696399977334,45.962935000020494],[-111.30675799990901,45.963010999951877],[-111.30654000034913,45.963063000107788],[-111.30568800040442,45.963199000188716],[-111.30486800024676,45.96343200030438],[-111.30447499988638,45.963553999689964],[-111.30373199972162,45.963872999813177],[-111.30329099968066,45.964014999907519],[-111.30232599975805,45.964244999974049],[-111.3009130001218,45.964425000283136],[-111.30052800015731,45.964530000089297],[-111.30015800026148,45.964671999748418],[-111.29936800024105,45.965054000190911],[-111.29918300029311,45.965115000004559],[-111.29893700024583,45.965157999740768],[-111.29811000041548,45.965217000065039],[-111.29718700032568,45.965362999824734],[-111.29623800029658,45.965431000205875],[-111.29605699964831,45.965461999755099],[-111.29567400023197,45.965594999900212],[-111.2955550004063,45.965664999979758],[-111.29526800035111,45.966025999824296],[-111.29515100017524,45.966135000274889],[-111.29499499964132,45.966221000003607],[-111.2947250002029,45.96626800005302],[-111.29425700039775,45.966328999778725],[-111.29393900038042,45.966393000309296],[-111.29378299984651,45.966461000050501],[-111.29364899995221,45.966541000043165],[-111.29345499978345,45.966709999749355],[-111.29329199957684,45.966822999985752],[-111.29311000000193,45.966899000202922],[-111.29289900011474,45.966957999921739],[-111.29269900009822,45.966997999885827],[-111.29229900006513,45.967048000112527],[-111.29218899956194,45.967050000045759],[-111.29142700002895,45.967545999982136],[-111.29096800044462,45.96754299979694],[-111.29086399978925,45.9676479999371],[-111.29079099999431,45.967740999805841],[-111.29072999989495,45.96784199976166],[-111.29068800006216,45.967948000222009],[-111.29065799992493,45.968060999806077],[-111.29063899965836,45.968180000085802],[-111.29051399998488,45.96996799988051],[-111.29052400003062,45.970150999744213],[-111.29057199971122,45.970500999815833],[-111.29058799960471,45.970657999862539],[-111.29060900041942,45.971101999904192],[-111.29060400039656,45.971237000025432],[-111.29058199975694,45.971365999861568],[-111.29054699959684,45.971493999823039],[-111.29046299993125,45.971750000107264],[-111.29042699994625,45.971893999747145],[-111.2900160000425,45.974106999917076],[-111.28996699963869,45.974251999820453],[-111.2899089999124,45.97439300000827],[-111.28984600016318,45.974528999743043],[-111.28957099980357,45.975053000152421],[-111.28940099992425,45.975426000277579],[-111.28925899963406,45.975782999701359],[-111.28913499978549,45.976126000211472],[-111.28890600035496,45.976612000219511],[-111.28877099973742,45.976849999988097],[-111.28869000044487,45.976968000013414],[-111.28794200025726,45.978180000171903],[-111.28784299962474,45.9783539996982],[-111.28778599972333,45.978432999919747],[-111.28771899977617,45.978501999934139],[-111.28764400033143,45.978570999862491],[-111.28755599956955,45.978632999842404],[-111.28660200041591,45.979396000244392],[-111.2865089996312,45.9794960001175],[-111.28642900016355,45.979594999757758],[-111.28639499982837,45.979644999849349],[-111.28629699991909,45.979791999707146],[-111.28614799995617,45.979993999805174],[-111.2858840003655,45.980303999783104],[-111.28560700035608,45.980604000183327],[-111.28533000034666,45.980878000081539],[-111.28447900022687,45.981786000285787],[-111.28398399975923,45.982314000077274],[-111.28328300032557,45.983060999859575],[-111.2832289998989,45.983108999964728],[-111.28317600019547,45.983142000207962],[-111.28312299959369,45.983157000028257],[-111.28289199961499,45.983429999793259],[-111.28283399988869,45.98349899982253],[-111.2826509995906,45.9836609997433],[-111.28239700004569,45.983860000156973],[-111.28227800021999,45.983977000251329],[-111.28215299964822,45.984166999803023],[-111.28192900024054,45.984567999909707],[-111.28173900026975,45.984950999788609],[-111.28167899999529,45.985098999868057],[-111.28167099959937,45.985337999932788],[-111.28169800026187,45.985661999772837],[-111.28178199992745,45.986165999777292],[-111.28177500025475,45.986246999951902],[-111.28173099987382,45.98639099996965],[-111.28172300037622,45.986458000196997],[-111.28173300042195,45.986517000302051],[-111.2818079998667,45.986620000197277],[-111.28202399977678,45.986866999928743],[-111.28205399991401,45.986935000123786],[-111.2820599997618,45.986998000018772],[-111.28204200021844,45.987060999842114],[-111.28200000038565,45.987119000012378],[-111.28180899969162,45.987273000018867],[-111.28172099982808,45.987402999861082],[-111.28170999995743,45.987475000285727],[-111.28172599985096,45.987546999992496],[-111.28176699985883,45.987606000185245],[-111.28188700040775,45.987703999773935],[-111.28217799976257,45.987896999972449],[-111.2826509995906,45.988243000027893],[-111.28337299983893,45.988717999777926],[-111.2834609997025,45.988785000309484],[-111.28395100014725,45.989261000279114],[-111.2841229996764,45.989390999821453],[-111.2842929995557,45.98950300009453],[-111.284650999756,45.98968700018488],[-111.28491199987191,45.989802999954577],[-111.28512799978198,45.989874999753965],[-111.28548199978431,45.989941000267933],[-111.28643300036151,45.990053999915496],[-111.28670799982281,45.990086999763562],[-111.28707299969579,45.990094999912863],[-111.28717300015322,45.990076000024452],[-111.28743500009404,45.989998999917034],[-111.28752799998047,45.98998599980726],[-111.28761099982113,45.989989999889367],[-111.28764099995837,45.989993999971198],[-111.28770999955536,45.990007999943188],[-111.28786100006639,45.990097000262089],[-111.28818400010658,45.990370999987668],[-111.28842799960574,45.990509999988198],[-111.28862900034551,45.990577000222963],[-111.28872999972953,45.990599000123979],[-111.28971399991872,45.990726999942176],[-111.28979699975937,45.990758000311907],[-111.28986999955433,45.990802999811137],[-111.28992599963082,45.990856999786061],[-111.28995699959297,45.990924000224908],[-111.28996900018683,45.990991999804876],[-111.28994700044552,45.991752000145816],[-111.28991499976017,45.991927999741712],[-111.28982000022394,45.992193999919834],[-111.28978599988874,45.992338000069431],[-111.28981699985087,45.992689000151699],[-111.28982500024681,45.9931029996918],[-111.28981000017816,45.993188000175955],[-111.289775999843,45.993278000179181],[-111.28958300039747,45.993597999906775],[-111.28956400013089,45.993680000237362],[-111.28956900015378,45.993764999835314],[-111.28963100007803,45.99391800028048],[-111.28968399978149,45.993989999719481],[-111.28982400042189,45.994111000030635],[-111.29008200016474,45.994276999872334],[-111.29049300006848,45.994465000076744],[-111.29077199972774,45.99462599995325],[-111.29091900004083,45.994752000262508],[-111.29097599994225,45.994823000087507],[-111.29101199992726,45.994904000075501],[-111.29102799982077,45.995061999980528],[-111.29100299970642,45.995228000089952],[-111.29085799994145,45.995638000309285],[-111.29074099976557,45.996038999695045],[-111.29065000042731,45.996237999919032],[-111.29061199989417,45.996287999956913],[-111.29059199980269,45.996347000193119],[-111.29057500008425,45.996380999782374],[-111.29051700035792,45.99647299970421],[-111.29040699985475,45.996590999719203],[-111.29034400010556,45.996653999856903],[-111.2888820000655,45.9979009999063],[-111.28881500011835,45.997949000248305],[-111.28832899987154,45.998244999773263],[-111.28766600007272,45.998623000081615],[-111.28665199974633,45.999149999957531],[-111.28641200044513,45.999282999699027],[-111.28572100015892,45.99966699979084],[-111.28437499957147,46.00058499992506],[-111.28422399995874,46.000727999786903],[-111.28410099993509,46.000821000262349],[-111.28397799991144,46.00088999982966],[-111.28383099959834,46.000940999698727],[-111.28357399968039,46.000994000100171],[-111.28303300008031,46.001098000175205],[-111.28198699996686,46.0012909998444],[-111.28145600041252,46.001373000007689],[-111.2813559999551,46.001380000114956],[-111.28123200010654,46.001374000290497],[-111.28114699971773,46.001347999795783],[-111.28108200031872,46.001307000022805],[-111.2809690003408,46.001189999742593],[-111.2810460003337,46.001176999765562],[-111.2810610004023,46.00115799993754],[-111.28110499988495,46.001055999928418],[-111.2811719998321,46.000964000138211],[-111.28127300011441,46.000857999851085],[-111.28141200003158,46.000755999912926],[-111.28174599994244,46.000525000165354],[-111.28190199957805,46.000406000126993],[-111.28211300036355,46.000290999794288],[-111.28234500016714,46.000200000284089],[-111.28249900015294,46.000114999961824],[-111.28266700038243,45.999996999973398],[-111.28280899977435,45.999872000060172],[-111.28290599985871,45.999776000174698],[-111.28295299971437,45.999698000145138],[-111.28293599999594,45.999654000079957],[-111.28289499998807,45.999630999719933],[-111.28282200019312,45.999634000038768],[-111.28274100000226,45.999656000083689],[-111.28261299995573,45.999710999845696],[-111.28253500013794,45.999728999858078],[-111.2823569998627,45.999756000177619],[-111.28230900018212,45.99974899986492],[-111.28227400002206,45.99972600016843],[-111.2822570003036,45.999694999829821],[-111.28227200037222,45.999658000087344],[-111.2823419997941,45.999599000261284],[-111.28253400031302,45.999506000227932],[-111.28268499992576,45.99942399979372],[-111.28284399993443,45.999318000300434],[-111.28297600017892,45.999182000299939],[-111.28140100016093,45.999158000044886],[-111.27959299961614,46.000002000263564],[-111.27937500005626,46.000780999768359],[-111.27925100020771,46.002381999731618],[-111.27972800023369,46.005949999998897],[-111.27973099970841,46.005975000003147],[-111.27973900010431,46.006032000120321],[-111.27948499966112,46.006574000270632],[-111.27940199982044,46.006750999708196],[-111.27953300024001,46.007916999773727],[-111.27956500002706,46.009426000303364],[-111.27913800022979,46.010683000019519],[-111.27887499956577,46.011003000165601],[-111.27838300036949,46.011299999831962],[-111.27792300006193,46.011666000252035],[-111.2773649998451,46.012785999896394],[-111.2767740000163,46.013036999800498],[-111.27621599979949,46.013242999882316],[-111.27588799973643,46.01358599974855],[-111.27529600008272,46.014659999746605],[-111.27417999964905,46.015207999770588],[-111.27378600036208,46.015573999906309],[-111.27296600020443,46.015984999722953],[-111.27250599989689,46.016282000084338],[-111.2723090002534,46.016738999877376],[-111.27240700016269,46.017700000046275],[-111.27227499991821,46.018156999972931],[-111.27135600002634,46.019276999785887],[-111.26999000024576,46.020536000046953],[-111.26813099964734,46.022206999977435],[-111.26707600021136,46.023729000136122],[-111.26679900020193,46.024542000214275],[-111.26340899996649,46.025095999980017],[-111.26024399986194,46.028744999849508],[-111.26019199998338,46.031772000086228],[-111.26034699979408,46.031997000066156],[-111.26057899959768,46.033239999742811],[-111.26038100012927,46.033948999783853],[-111.26021600027283,46.03477199975606],[-111.25998500029415,46.035663000123215],[-111.25939399956704,46.036576999817356],[-111.2592289997106,46.037720000126484],[-111.25880000026351,46.039228999930145],[-111.25932300032024,46.041606999691993],[-111.25935500010729,46.042544000195647],[-111.25925200017512,46.042704999814326],[-111.25890300019567,46.043248999988968],[-111.25835000000171,46.043568999973559],[-111.2578910004174,46.043914999800371],[-111.25749399985907,46.044521000269455],[-111.2569830003962,46.044883999907263],[-111.25647299985995,46.045090999915907],[-111.25564299965656,46.045152000077707],[-111.25367900037448,46.045420000195051],[-111.25300499980669,46.045410999830672],[-111.25257200016165,46.045403000198327],[-111.25196700008915,46.045489000238135],[-111.25183700039283,46.045623999747896],[-111.25177000044567,46.045580000054763],[-111.25140800004742,46.045512000233344],[-111.25078999955613,46.045738999970666],[-111.25041200016268,46.045808000238829],[-111.24889900006896,46.045472000262649],[-111.24866300006742,46.045420000195051],[-111.2477109996653,46.045375000228972],[-111.24672700037443,46.045535000218983],[-111.24505199989902,46.046062000167069],[-111.2446269997516,46.046038999777331],[-111.24262400011145,46.044621999805294],[-111.24131100003429,46.043640000118323],[-111.23917699997459,46.04242900018081],[-111.23871699966703,46.042222999718405],[-111.23855299963553,46.041172000053635],[-111.23835599999202,46.040873000198204],[-111.23805899989109,46.040805999764672],[-111.237699000041,46.0413550002242],[-111.23730700040382,46.042428000016955],[-111.23723600025873,46.042526999937458],[-111.23694599983048,46.042933000016902],[-111.23674900018702,46.04297699994769],[-111.23635699965153,46.04272600002821],[-111.23566600026362,46.041674999955212],[-111.23560000014137,46.041080000270462],[-111.23602600011372,46.039890999971199],[-111.23724100028159,46.037902000259983],[-111.23720799977131,46.037125000255635],[-111.23678099997404,46.0363240002075],[-111.23628800005454,46.035889999793483],[-111.23566399971548,46.035707000231064],[-111.23520500013116,46.035227000165747],[-111.23481099994588,46.035592999992836],[-111.23451200019512,46.035991999797737],[-111.23441699976057,46.036118999711093],[-111.23382900030482,46.036415999802813],[-111.23264699974892,46.036622999735364],[-111.23215399982941,46.036989000294255],[-111.23127000009768,46.038223000274797],[-111.23113899967811,46.038291999952854],[-111.23094200003462,46.038085000036524],[-111.23090900042266,46.036599999781131],[-111.23113200000542,46.03625899979783],[-111.23172899968201,46.035342000203904],[-111.23170100009291,46.035284000068167],[-111.23133500039499,46.034518999989537],[-111.23090799969944,46.033558999997553],[-111.23074399966791,46.032895999844548],[-111.23008800044011,46.032095000239536],[-111.22933299968146,46.031593000176926],[-111.22834799966735,46.031112999927771],[-111.22782299996081,46.03047299976356],[-111.22782299996081,46.0301299998685],[-111.22847900008695,46.028962999944127],[-111.22851199969888,46.028300999962006],[-111.2282160003212,46.02800399991763],[-111.22686999973376,46.027842999875467],[-111.22439500009052,46.028356999728572],[-111.22385000029247,46.028343000104108],[-111.22337699956616,46.028331000066757],[-111.22172000043074,46.028656999739411],[-111.22077800007435,46.028688999852363],[-111.21796899962195,46.028899000016956],[-111.21533499997003,46.02952600014482],[-111.21366799989055,46.03004700016136],[-111.21341799964529,46.030061999741918],[-111.21095499969762,46.03046199994543],[-111.20687300024933,46.031154000059914],[-111.2048150003576,46.031448000177292],[-111.20400199987266,46.031068000158477],[-111.20235499988465,46.030249000200484],[-111.20038599968139,46.029060999883932],[-111.19671099993889,46.029415999980344],[-111.19446999974906,46.029324999735493],[-111.19238599991806,46.02903499992955],[-111.19191899993783,46.028991999906225],[-111.1914090002999,46.028930999989797],[-111.19108899973443,46.028913999909086],[-111.1895239997622,46.028437999891977],[-111.18873700011486,46.028006000143797],[-111.18631500017504,46.02748900009005],[-111.18619799999918,46.027496000010863],[-111.18591299959381,46.027422000268416],[-111.18574400043772,46.027370000052983],[-111.18567099974447,46.027304999714929],[-111.18567099974447,46.027236000040091],[-111.18567099974447,46.027089000201485],[-111.18563200028474,46.026984999718906],[-111.18529500000085,46.026916000268315],[-111.18454500016338,46.026551000187027],[-111.18442399978956,46.026520999739944],[-111.18406099956641,46.026439999886072],[-111.1841509999781,46.02660200009889],[-111.18420200003172,46.026694000285588],[-111.18423899984164,46.027028000056092],[-111.18422399977304,46.028112000175099],[-111.18427300017683,46.02829400014312],[-111.18432800042842,46.028498999728768],[-111.18462399980611,46.028849999925178],[-111.18537899966644,46.029523999973698],[-111.18560600034546,46.02987600028915],[-111.18567400011753,46.030273999823635],[-111.18563999978234,46.030677999999199],[-111.18550900026109,46.031081999716434],[-111.18513400034237,46.031967000080179],[-111.18503999973272,46.032464999734707],[-111.18512299957339,46.032969000030924],[-111.18579499959304,46.034542999869245],[-111.18580600036201,46.034585000257202],[-111.18592099998973,46.035004000212396],[-111.18592400036277,46.035413999986666],[-111.18584399999683,46.035825999780286],[-111.18548800034469,46.037098000092762],[-111.18540499960571,46.037576000240193],[-111.18533799965857,46.039073000035486],[-111.18501600034159,46.039916000221417],[-111.18433599992602,46.041249000025495],[-111.1841800002904,46.041748999944815],[-111.18416500022181,46.04374200015782],[-111.18408499985587,46.044150000303219],[-111.18379199995289,46.044954000114465],[-111.18386800012088,46.045353999774996],[-111.18443600038344,46.046559999994834],[-111.18445700029986,46.04690300016857],[-111.184376000109,46.047345000098531],[-111.18429900011611,46.047689999899553],[-111.18418699996312,46.048188000014029],[-111.1839969999923,46.048530000001129],[-111.18341200001129,46.04923099992839],[-111.18315500009335,46.049672999934117],[-111.18299299971164,46.050132999961491],[-111.18300299975738,46.050564000049626],[-111.18337199982834,46.051434000118164],[-111.18368200034803,46.052399999926251],[-111.1836370001422,46.053390000092094],[-111.18342700007992,46.054065999986349],[-111.18331800029998,46.05441599993393],[-111.18306499968165,46.054878000233664],[-111.18181699990184,46.056716999792712],[-111.18146399972443,46.057174000059419],[-111.18072999978051,46.058006000246216],[-111.18046500036495,46.058476999916593],[-111.18026199997537,46.058980999823142],[-111.17992200021673,46.059416000102928],[-111.17875599955435,46.060663999863678],[-111.17831500041171,46.061001999957114],[-111.17801900013571,46.061342000117463],[-111.17762199957734,46.062758000200866],[-111.17748100001035,46.06452400019905],[-111.17730399956002,46.065105000132874],[-111.17697399984715,46.065931999921737],[-111.17689100000646,46.066139999938585],[-111.17663400008853,46.066586000017594],[-111.17537899973769,46.067944000097533],[-111.17391300039799,46.069877999725165],[-111.17298600011021,46.071395000052568],[-111.17293500005658,46.071500000098432],[-111.17259000027509,46.072204999862642],[-111.17277600004792,46.072667999881766],[-111.17275900032949,46.072835999972789],[-111.1727459999107,46.072935999843523],[-111.17261700003925,46.073288000290333],[-111.172442999962,46.073656999768197],[-111.17238699988549,46.073792999818252],[-111.17230599969463,46.074054000295178],[-111.17218600004404,46.0742910001102],[-111.17214300038633,46.074390000252158],[-111.1721059996781,46.074622000096909],[-111.17211400007403,46.074954000165867],[-111.17212400011977,46.075113000266775],[-111.17213599981531,46.075200999921904],[-111.17222600022701,46.076399000076158],[-111.17222500040211,46.076550000269734],[-111.17245100035791,46.0772270003092],[-111.17215699973174,46.077738000197186],[-111.17236299959605,46.078217999780371],[-111.17264499962835,46.078449999733408],[-111.17320000037046,46.078906000064329],[-111.17379700004703,46.079282999699153],[-111.17390699965188,46.07957900002868],[-111.17350499996898,46.07964399993687],[-111.17334799961014,46.080708000278371],[-111.17329699955651,46.080891999774408],[-111.17335099998319,46.081361999765406],[-111.17317799973083,46.081653999851326],[-111.17322200011176,46.082172999780887],[-111.17344800006758,46.082197000142116],[-111.17348599970239,46.08235100023871],[-111.17362700016771,46.083421999782558],[-111.17389699960616,46.084188999962379],[-111.17415600007223,46.084403999902683],[-111.17378399962824,46.085073000036914],[-111.17365399993189,46.085364999796688],[-111.17351400018981,46.085861999704264],[-111.1735350001062,46.085949000286902],[-111.17380500044295,46.086003000192768],[-111.17438899970072,46.086077999974378],[-111.17484300016049,46.086186000103801],[-111.17494100006978,46.086359000118549],[-111.17508099981185,46.086780999823446],[-111.17514299973614,46.087181999914883],[-111.17511400032214,46.087591999927803],[-111.1750699999412,46.088002999969959],[-111.1750699999412,46.088014000168499],[-111.1750699999412,46.088273000131807],[-111.1750699999412,46.08857599986117],[-111.17524300019356,46.088792000095452],[-111.17551400035524,46.088965000036495],[-111.17570799962567,46.089084000105878],[-111.17603200038909,46.08917000002765],[-111.17623800025342,46.089277999710511],[-111.17646500003411,46.089548999794992],[-111.17643200042215,46.089818999865422],[-111.17648599995053,46.090176000006117],[-111.17655100024784,46.090673000177887],[-111.17669299963977,46.09154600027086],[-111.17670000021077,46.091608999993497],[-111.17711899961211,46.09344400004202],[-111.17762099975243,46.094177999786154],[-111.17781200044645,46.094757999811996],[-111.17776700024062,46.095008000122135],[-111.17625599979675,46.09868399999317],[-111.17606599982595,46.099757999973541],[-111.17575100018168,46.101807999820828],[-111.17548099984495,46.102835000132622],[-111.17491900032846,46.103450999796038],[-111.17464899999173,46.103894999818891],[-111.17467599975591,46.10419300009017],[-111.17424899995864,46.105565000217297],[-111.17407599970629,46.105813999850255],[-111.1738999999792,46.105954000145431],[-111.17381799996342,46.10600000020041],[-111.17339199999108,46.106298999933557],[-111.17295799962281,46.106627999846779],[-111.17255199974196,46.106928999770069],[-111.17216500012765,46.107195999990068],[-111.17186200017893,46.107348999813148],[-111.17136199968843,46.10746600023392],[-111.17129999976414,46.107471000145239],[-111.17129200026655,46.108038999698529],[-111.17095199960961,46.108103999702927],[-111.17090200027921,46.108109000179176],[-111.17085399970033,46.108107999959408],[-111.17080799966956,46.108095999811951],[-111.17074200044563,46.108067000275156],[-111.17070100043776,46.108022000297986],[-111.1706820001712,46.107921999871166],[-111.17066299990461,46.107945000016556],[-111.1706060000032,46.107983999970351],[-111.17038400024536,46.108025999937603],[-111.17009899984001,46.108050000260391],[-111.16980599993705,46.108101000288883],[-111.16945699995756,46.10817400010103],[-111.16909299990951,46.108280999719192],[-111.16875300015089,46.108433000053658],[-111.16843900033153,46.108586000180026],[-111.16815700029923,46.108710000060448],[-111.16790000038128,46.108873999815408],[-111.16783500008394,46.108921000129911],[-111.16780300029689,46.108970000189842],[-111.16780599977162,46.109028999746691],[-111.16781400016755,46.109049000067664],[-111.16786500022118,46.109170999751171],[-111.16822400024638,46.109016000219199],[-111.16844600000421,46.108967999781534],[-111.16892700022815,46.108885999793493],[-111.16938599981248,46.108773000103774],[-111.17014300022093,46.108648999742314],[-111.17068899984389,46.1085729999253],[-111.17133800029731,46.108616000277138],[-111.17145100027523,46.108651000162197],[-111.17155300038245,46.108678999805093],[-111.17163899969788,46.108690000239235],[-111.17188800011822,46.108581999958282],[-111.1720990000054,46.108446999932227],[-111.17212599976961,46.108300999688815],[-111.17222299985397,46.108138999913088],[-111.17235799957318,46.108084000284641],[-111.17253599984841,46.10803000019974],[-111.17293099985862,46.108024999716328],[-111.17303899981367,46.108070999911519],[-111.17319600017248,46.108024999716328],[-111.17401799997997,46.108209000266747],[-111.17440100029461,46.108384000139111],[-111.17464999981662,46.108539000202676],[-111.17500700019202,46.108539000202676],[-111.17560100039385,46.108586999768356],[-111.1759639997187,46.10844099989572],[-111.17617999962877,46.108235999916722],[-111.17632600011693,46.108024999716328],[-111.17663400008853,46.107868000250335],[-111.1770819998022,46.107705999824859],[-111.17745000004821,46.107647000097529],[-111.17809299975555,46.107813999953834],[-111.17822900019799,46.107904000211072],[-111.17831600023662,46.10800899991019],[-111.17865000014746,46.108148000016932],[-111.17907500029492,46.10828600017939],[-111.17960099982636,46.108329999725299],[-111.17977999992651,46.108135999878172],[-111.17985500026958,46.108049000039564],[-111.17990899979795,46.107887000146029],[-111.17983400035317,46.10774699977766],[-111.1797580001852,46.10760600007039],[-111.17972600039815,46.107444000120545],[-111.17977999992651,46.107205999861215],[-111.17993100043755,46.107032999841557],[-111.18011499966227,46.106913999887304],[-111.18030899983103,46.106871000076154],[-111.18048200008339,46.106892999795448],[-111.1806660002064,46.107032999841557],[-111.1808069997734,46.107228000069576],[-111.1809690001551,46.107421999998344],[-111.18111999976783,46.10757400021032],[-111.18120699980648,46.107628000119163],[-111.18130399989084,46.107670999962565],[-111.1822439996991,46.107474999824838],[-111.18270900002952,46.107390000031444],[-111.18283899972585,46.107487000107497],[-111.18291499989384,46.107498000156745],[-111.18309900001687,46.107487000107497],[-111.18323899975894,46.107421999998344],[-111.18336900035359,46.107378999960694],[-111.18345499966901,46.107239000170473],[-111.18366100043166,46.107194999753688],[-111.18387700034171,46.107076000149164],[-111.18409300025178,46.106978999972654],[-111.18437399956086,46.106871000076154],[-111.18444999972884,46.106774000161749],[-111.18450400015551,46.106687000041944],[-111.18472000006558,46.106644000053727],[-111.18499100022724,46.106644000053727],[-111.18535799975004,46.106589999803752],[-111.18562800008677,46.106546999739912],[-111.18588800037779,46.1064930000177],[-111.18609300041717,46.106384000163636],[-111.18616299983907,46.105785999997678],[-111.18621999974049,46.105647999804653],[-111.18624400002992,46.105537999881825],[-111.18623599963399,46.105379000267874],[-111.18621899991557,46.105312999893883],[-111.18620399984695,46.105257999937074],[-111.18611799963324,46.105061000286994],[-111.18636399968052,46.105022000133694],[-111.18666599980432,46.104892999909119],[-111.18691500022467,46.104632999857245],[-111.18745499999983,46.104383999872603],[-111.18822300027894,46.10415700019729],[-111.18877399992476,46.103983999951566],[-111.18901199957614,46.103648999894482],[-111.18928199991286,46.103194999784861],[-111.18969299981661,46.102892999712957],[-111.19039599979838,46.10277400016453],[-111.19121799960587,46.102784000214967],[-111.19166100019497,46.102978999901921],[-111.19209300001511,46.103224999701688],[-111.19227700013812,46.103152000187059],[-111.19274199957022,46.103076000265474],[-111.19315300037226,46.10299000022782],[-111.19377400033829,46.102968000196647],[-111.19431499993837,46.103156999866833],[-111.19480100018517,46.103148000193841],[-111.1950070000495,46.103228000003917],[-111.19545300011335,46.103322000255275],[-111.19594500020791,46.103397999837796],[-111.19684999985606,46.103714999769274],[-111.19719899983552,46.10391500013418],[-111.19733299972982,46.103985999917924],[-111.19768900028029,46.104193999758117],[-111.19842999989693,46.104511999757527],[-111.19868299961691,46.10466000001307],[-111.19958200031559,46.105280000300048],[-111.19999999989201,46.105614000146389],[-111.20002800037942,46.105768000262891],[-111.2003089996885,46.105990000110488],[-111.2007959997602,46.106330000281758],[-111.20144500021365,46.106589999803752],[-111.20169100026094,46.106614000128992],[-111.20191999969148,46.106703000231811],[-111.202195999876,46.106833000200645],[-111.20250899987045,46.107120000038108],[-111.20259099988621,46.107329999732016],[-111.20259099988621,46.107648999931008],[-111.20271499973478,46.107801000139801],[-111.20292599962197,46.107929999787437],[-111.20321199985224,46.108044000180676],[-111.20334499992163,46.10803000019974],[-111.2035259996716,46.107951999706856],[-111.2037580003735,46.107882000272454],[-111.20400100004774,46.108194999704864],[-111.20410399997991,46.108627999688636],[-111.20437199976851,46.10890900015945],[-111.20551499996634,46.109595000298],[-111.20596900042611,46.109843999787905],[-111.20623899986452,46.11010299998965],[-111.20663899989762,46.110282000175296],[-111.20718000039599,46.110622000029977],[-111.20734699990226,46.110925000278009],[-111.20740100032896,46.111210999820415],[-111.20778000044564,46.111481999861851],[-111.20805300025711,46.111542000001066],[-111.20832400041874,46.111698000057373],[-111.20847400020658,46.111768999781134],[-111.20904999996677,46.111972000021602],[-111.20916799996753,46.112027000129792],[-111.20925500000618,46.112082000183094],[-111.20931799975537,46.112142000291946],[-111.20947599993912,46.112427000228088],[-111.20955499958183,46.112537000104233],[-111.20968900037444,46.112673999727917],[-111.2098550000558,46.112756000307996],[-111.21016300002736,46.112882999925127],[-111.21035200017326,46.112986999972243],[-111.21051799985462,46.113101999999465],[-111.2109599997205,46.113415000304002],[-111.21131500044604,46.113634000132514],[-111.21183599995464,46.11390799981281],[-111.21233300007209,46.114150000220242],[-111.21261699975423,46.114236999769943],[-111.21306600019111,46.114324999912007],[-111.21372099959399,46.114538999968289],[-111.21414699956635,46.114691999958815],[-111.21450999978953,46.114779999997054],[-111.21514900019719,46.114867999894734],[-111.21546499966637,46.114928000084078],[-111.21641200004564,46.115142000289708],[-111.21699600020175,46.115245999810163],[-111.21729499995247,46.115262000006425],[-111.21843899997523,46.115498000181539],[-111.2188180000919,46.11554699999882],[-111.21908599988052,46.115563000107635],[-111.21944900010367,46.115563000107635],[-111.2198600000074,46.11552999980028],[-111.22020700033704,46.115485999774826],[-111.22056200016428,46.115408999957147],[-111.22134999963656,46.115205999922019],[-111.2215560003992,46.115168000188234],[-111.22213100033447,46.115095999768549],[-111.22245500019956,46.115035999762121],[-111.22274700027761,46.115024999971801],[-111.22343299964264,46.11507400020966],[-111.22367799986502,46.11505699986521],[-111.22397699961577,46.115013000084822],[-111.22437199962599,46.114903000168837],[-111.22447399973323,46.114859999740013],[-111.22481299966695,46.114662000055233],[-111.22497900024662,46.11458499970891],[-111.22506600028525,46.11456299994606],[-111.22522399957069,46.114567999836297],[-111.22558699979386,46.114726999721967],[-111.22566600033487,46.114770999730709],[-111.22580000022917,46.114876000048341],[-111.22602100016212,46.115095000298311],[-111.22616299955403,46.11522699996037],[-111.22626499966127,46.115280999844202],[-111.22647100042393,46.115335999763744],[-111.22653400017309,46.115363999746982],[-111.22660500031823,46.115406999782493],[-111.22663600028037,46.115446000060871],[-111.22665999967148,46.115490000118278],[-111.22666800006739,46.115556000138433],[-111.22659600009739,46.115768000234702],[-111.22657000015811,46.115844000094093],[-111.22655000006664,46.115901000231204],[-111.22653400017309,46.116011000023249],[-111.22654199967072,46.116125999967366],[-111.22656599996014,46.116191999848525],[-111.22662899970935,46.116291000144791],[-111.22692900018332,46.116641999762052],[-111.22726100044434,46.11707500001507],[-111.22756100002,46.117540999724703],[-111.2276320001651,46.117629000194924],[-111.22810599981803,46.118100999809258],[-111.22820799992527,46.118215999750504],[-111.22847700043711,46.118495999876302],[-111.22863499972254,46.118633000253382],[-111.22871400026357,46.118665999947915],[-111.22881600037083,46.118677000256803],[-111.22892699980059,46.118665999947915],[-111.22902899990784,46.118627000080416],[-111.22910800044887,46.11857799988843],[-111.22921800005372,46.118478999964829],[-111.22936799984157,46.118322999799766],[-111.22945499988019,46.118231999707064],[-111.22950199973586,46.118182999786519],[-111.22972299966879,46.118083999775934],[-111.22985699956308,46.118066999737366],[-111.23006999999843,46.118078000165831],[-111.23059899990294,46.118072999971318],[-111.2307570000867,46.118078000165831],[-111.23180599967488,46.118131999746652],[-111.23217700029397,46.11816499974119],[-111.23263400022844,46.118242000066729],[-111.23291899973549,46.118318000250184],[-111.23301300034514,46.118356999713704],[-111.23329000035459,46.118537999928101],[-111.23343199974647,46.118575999828799],[-111.23366000025042,46.118603000004526],[-111.23394399993255,46.118619999877737],[-111.23492300009886,46.118603000004526],[-111.23507299988671,46.118630000166981],[-111.23516699959802,46.118696000162473],[-111.23524600013904,46.118833000042336],[-111.23527000042851,46.11909699982278],[-111.23530200021554,46.119184000280001],[-111.2354679998969,46.119381999906615],[-111.23570499972335,46.119524000012085],[-111.23610700030457,46.119694000025433],[-111.23672300024774,46.119913999813448],[-111.23737000015304,46.120099999905626],[-111.23766200023108,46.12020400003162],[-111.23782799991243,46.120242000028718],[-111.2379380004156,46.120253000022963],[-111.2380089996624,46.120248000025818],[-111.23809599970102,46.120226000033135],[-111.23835599999202,46.120104999916201],[-111.23856900042736,46.119984000156151],[-111.23890800036106,46.119710000175488],[-111.23903399985944,46.119626999969256],[-111.23934199983103,46.119495000261495],[-111.23992599998714,46.119352000065518],[-111.24032000017242,46.119269999959904],[-111.24051699981592,46.119253000287245],[-111.24071400035773,46.119275000045796],[-111.24080100039635,46.119302999895581],[-111.2408959999326,46.119358000159593],[-111.2409749995753,46.119466999886541],[-111.24099100036716,46.119521999986844],[-111.24099100036716,46.119593000216291],[-111.24091199982612,46.119791000241172],[-111.2408180001148,46.119916999829996],[-111.24052600003674,46.120257000020359],[-111.24047900018108,46.120333999913107],[-111.24045499989165,46.120405999715437],[-111.24040800003597,46.120701999782398],[-111.24034500028678,46.121173999847471],[-111.24023200030888,46.12153699983002],[-111.24021200021738,46.121602000104453],[-111.24018799992795,46.121766000101637],[-111.24019600032386,46.121903999789382],[-111.24023599960853,46.121985999710802],[-111.24032299964715,46.122095999808622],[-111.24040999968578,46.122178000066931],[-111.24050400029545,46.12224400017103],[-111.24063800018975,46.122315000006033],[-111.24140399992072,46.1225339999556],[-111.24208299961305,46.122577999956981],[-111.24222499990327,46.122538999745238],[-111.24261200041587,46.122394000056929],[-111.24300499987795,46.122248000023831],[-111.24307600002307,46.122236999805224],[-111.2431479999931,46.122231000024719],[-111.24353399978246,46.122236999805224],[-111.24392899979267,46.122193000154155],[-111.24414200022801,46.122219999802716],[-111.24438599972716,46.122275000268097],[-111.24462099990382,46.122293000216033],[-111.24479699963091,46.122307000309817],[-111.24494899996688,46.122299999952062],[-111.24502500013485,46.122296000102992],[-111.2451830003186,46.122274000305403],[-111.24534099960403,46.122230000061236],[-111.24568799993366,46.122180999960193],[-111.24656400016782,46.121988000269255],[-111.24674499991779,46.121960999884394],[-111.2472810003933,46.121822999716763],[-111.24766800000758,46.121679999958992],[-111.24791200040507,46.121527000068376],[-111.24811700044448,46.12141700007983],[-111.2482039995848,46.121384000165001],[-111.24830700041528,46.121356000127399],[-111.24849599966284,46.121323000175991],[-111.24870900009817,46.121296000087845],[-111.2499550002282,46.120927999827316],[-111.25078899973121,46.120653000190359],[-111.25085200037873,46.120664000102551],[-111.25098600027302,46.120636999691463],[-111.25173600011047,46.120423000277725],[-111.2522879995812,46.120253000022963],[-111.25233600016011,46.120220000033584],[-111.25273000034539,46.120066999824616],[-111.25290400042267,46.119974000112649],[-111.25305500003542,46.119902999751524],[-111.2532659999226,46.119832999928597],[-111.25348799968044,46.119838999970248],[-111.25369299971987,46.119919999846331],[-111.25381800029164,46.120017000286886],[-111.25387699984287,46.120075999848666],[-111.25390899962991,46.120129999962138],[-111.25395800003373,46.12023000003245],[-111.25406599998877,46.120681999954151],[-111.25400700043754,46.120914000005797],[-111.25389899958419,46.121033000243649],[-111.25376800006293,46.121141999770302],[-111.25344699967258,46.121351000230362],[-111.25324199963316,46.121504999963719],[-111.25306799955587,46.121653000045796],[-111.25296499962371,46.121772999904621],[-111.25283099972941,46.121981999838965],[-111.25272799979726,46.122179000031359],[-111.25270400040613,46.122283999931469],[-111.25269600001022,46.12238199990675],[-111.25277499965291,46.122650999895988],[-111.2528850001561,46.122919999817007],[-111.2529479999053,46.123013000160093],[-111.2530190000504,46.123085000197349],[-111.25313700005117,46.123172999907517],[-111.25329500023491,46.123265999823474],[-111.25357899991705,46.123370000199657],[-111.25365799955976,46.123414000156018],[-111.2537520001694,46.123490999995134],[-111.25385500010157,46.123616999839292],[-111.25392600024668,46.123743999953938],[-111.25409899960073,46.124132999841351],[-111.25415399985232,46.12423200019046],[-111.25444500010545,46.124523000016922],[-111.25451600025058,46.124626999888051],[-111.25464199974896,46.124929999716251],[-111.25464199974896,46.124968000189433],[-111.25470500039647,46.125072999754948],[-111.25484599996345,46.12514400030242],[-111.25507500029231,46.125204999796459],[-111.25528799982933,46.125243000079948],[-111.25550899976226,46.125271000009931],[-111.25565100005247,46.125282000245321],[-111.2558009998403,46.125282000245321],[-111.25618800035291,46.125314999693202],[-111.25657400014229,46.125364000119866],[-111.25668499957206,46.125370000181839],[-111.25678699967932,46.125347999743923],[-111.25693700036544,46.125282000245321],[-111.25701799965799,46.125235000186315],[-111.25705100016827,46.125208000147474],[-111.25726899972815,46.124931000253348],[-111.257277999949,46.124765999798321],[-111.25726999955307,46.124710999951901],[-111.25724699998686,46.124662000189652],[-111.25714400005469,46.124518999706666],[-111.25703399955152,46.124403999845761],[-111.25690800005316,46.124337999838815],[-111.25659199968564,46.124200000021631],[-111.25648999957839,46.124133999770294],[-111.25639500004216,46.124018999728293],[-111.25637900014864,46.123963999758715],[-111.25637099975272,46.12384399969109],[-111.25638699964622,46.123793999845176],[-111.25641900033159,46.123744999889936],[-111.25648200008079,46.12368499996159],[-111.2565609997235,46.123645999910892],[-111.25664000026453,46.123630000281196],[-111.25676599976292,46.123634999971372],[-111.25688499958859,46.123652000159943],[-111.25716099977313,46.123729000288996],[-111.25727100027629,46.123778000258518],[-111.257349999919,46.123832999791148],[-111.25766499956327,46.124173000098153],[-111.2577990003559,46.124293999997796],[-111.25812999989368,46.12454700000464],[-111.25859600004901,46.1247719999254],[-111.25884700011918,46.12493200016781],[-111.25906800005212,46.125156999761359],[-111.25914699969483,46.125277999990175],[-111.25924899980207,46.125404000105512],[-111.25939100009231,46.125547000158967],[-111.25950900009309,46.125639999803006],[-111.2596510003833,46.125721999767272],[-111.25988800020977,46.125843000000245],[-111.25999799981462,46.125926000181366],[-111.26015599999836,46.12610099983084],[-111.26024999970971,46.126277000059581],[-111.26050199960477,46.126841999784936],[-111.26055799968127,46.126907999904887],[-111.26073099993363,46.127050999789738],[-111.26127499990676,46.12746200020878],[-111.26140100030347,46.127544999818234],[-111.26185900006287,46.127802999770935],[-111.26192199981205,46.127851999852226],[-111.26200899985068,46.127945999822636],[-111.26211900035385,46.128028000089685],[-111.26224499985223,46.128098999941422],[-111.26262399996892,46.128241999847262],[-111.26328699976774,46.128456000018552],[-111.26362599970145,46.128533000281188],[-111.26375999959575,46.128550000203383],[-111.26413899971244,46.128534000130266],[-111.26439099960753,46.128501000120437],[-111.264967000266,46.128330999888597],[-111.26532299991817,46.12830900001066],[-111.26550399966814,46.128270999974461],[-111.2661430000758,46.128189000069149],[-111.26656900004815,46.128162000233033],[-111.26675099962304,46.128123000238865],[-111.26691700020271,46.128079000308098],[-111.26745399960483,46.127800000183804],[-111.26820299961737,46.127492999860053],[-111.26832999983898,46.127492999860053],[-111.26841600005271,46.127509000235506],[-111.26847999962681,46.127542000217097],[-111.26856599984053,46.127624999706015],[-111.26867700016861,46.127761999796469],[-111.26881899956051,46.127877000118289],[-111.26888200020801,46.127894000242947],[-111.2690079997064,46.127865999778514],[-111.26919699985228,46.12781699970963],[-111.26930800018037,46.127773000157021],[-111.26939500021901,46.127724000005458],[-111.26944999957229,46.127668999999393],[-111.2694579999682,46.127613999938454],[-111.26941899961014,46.127520999891495],[-111.26911900003448,46.127213000007487],[-111.26900100003371,46.127043000158622],[-111.26896900024666,46.126966000303469],[-111.26896099985073,46.126912000041671],[-111.26896900024666,46.126861999867401],[-111.26900100003371,46.126829000101026],[-111.2690560002853,46.126807000245847],[-111.26915099982153,46.126795999692334],[-111.26936400025686,46.126795999692334],[-111.2696560003349,46.126840999905156],[-111.26975099987115,46.126845999926566],[-111.26998699987271,46.12693399985497],[-111.27032599980642,46.127114999909615],[-111.27052400017314,46.127257999879653],[-111.27068900002958,46.127477000102445],[-111.27079199996174,46.127636000093922],[-111.27091800035844,46.127867000262285],[-111.27098100010764,46.12801500006308],[-111.27123999967542,46.129062999928578],[-111.27124800007132,46.129431000012922],[-111.27128700042938,46.129578999969382],[-111.27132699971405,46.129661000295698],[-111.27139000036155,46.129716000180416],[-111.27146099960835,46.129760000048627],[-111.27149199957049,46.12979299992675],[-111.2715080003623,46.129842000105434],[-111.27138899963832,46.130209999965572],[-111.27138899963832,46.130308999976862],[-111.27143700021722,46.130434999790495],[-111.27149199957049,46.130534000019885],[-111.2715700002866,46.130616000169489],[-111.27170500000582,46.130719999743285],[-111.27199600025895,46.130890000072398],[-111.2722959998346,46.130939999703152],[-111.27237500037565,46.130928999975026],[-111.27239899976676,46.130918000244762],[-111.27242300005622,46.130880000140827],[-111.27244599962245,46.130704000300568],[-111.27249400020132,46.130616000169489],[-111.27254100005699,46.130571999739971],[-111.27260399980618,46.130556000254209],[-111.27267499995129,46.130556000254209],[-111.27285700042448,46.130616000169489],[-111.2729439995648,46.130666000048983],[-111.27305400006797,46.1307589997663],[-111.2732039998558,46.130906999889689],[-111.27362200033055,46.131462000234386],[-111.27384999993617,46.131879000087906],[-111.273999999724,46.1322189999145],[-111.2740549999756,46.13231200012217],[-111.27417299997636,46.132455000295778],[-111.27433899965774,46.132614000235733],[-111.27448900034386,46.132724000277939],[-111.2746540002003,46.132817000255379],[-111.27515899981536,46.133058999788695],[-111.27530899960321,46.133151999822978],[-111.275498999574,46.133327999933265],[-111.27566400032876,46.133509000142681],[-111.27583800040603,46.133749999993448],[-111.27616100044621,46.134243999702491],[-111.27642900023481,46.134530000228011],[-111.27650799987754,46.134638999817582],[-111.27653899983967,46.134726999745723],[-111.27653899983967,46.134756000193462],[-111.27653899983967,46.134798000299689],[-111.27637300015832,46.135062000144991],[-111.27638900005184,46.135149000290724],[-111.2764209998389,46.135221000028309],[-111.27649899965671,46.135303000047074],[-111.27667299973398,46.135402000241093],[-111.27693300002497,46.135522999752354],[-111.27716999985144,46.135611000135341],[-111.27739099978439,46.135660000117895],[-111.27757300025756,46.13568799973261],[-111.27767500036481,46.135693000195886],[-111.2777859997946,46.13568799973261],[-111.27791999968889,46.135666000303324],[-111.27804600008558,46.135627000020094],[-111.27815700041366,46.135573000157002],[-111.27822799966044,46.135517999896145],[-111.27827500041445,46.135474000270399],[-111.27830700020149,46.135423999775853],[-111.27835400005716,46.135325999969709],[-111.27844899959341,46.135006999996278],[-111.27858300038601,46.134633999881117],[-111.27866600022669,46.134328999785261],[-111.2786939998158,46.134228000038398],[-111.27875699956498,46.134046999702015],[-111.27882799971009,46.133905000301077],[-111.27889200018249,46.133817000304468],[-111.27901000018328,46.133673999932221],[-111.27919199975814,46.13350999990142],[-111.27963399962402,46.133269000245448],[-111.28050200036057,46.132823999899237],[-111.28060500029274,46.13278099976062],[-111.28074699968464,46.132736999815627],[-111.28113400019724,46.132637999810939],[-111.28123600030449,46.132600000271182],[-111.28129099965777,46.132589000252096],[-111.28148099962856,46.132589000252096],[-111.28169400006391,46.132600000271182],[-111.28186800014117,46.132626999799449],[-111.28219100018137,46.132703999833836],[-111.28287800026962,46.132863000299949],[-111.28324099959448,46.13289100009176],[-111.28366699956683,46.13287500003463],[-111.28383999981918,46.132853000104078],[-111.28423499982939,46.132776000277957],[-111.2843689997237,46.13277100017234],[-111.28455899969448,46.132776000277957],[-111.2848189999855,46.132798000239269],[-111.28507199970545,46.13289100009176],[-111.28559200028747,46.132918999869325],[-111.28579700032688,46.132956999811512],[-111.28629500026926,46.133122000009813],[-111.28657700030155,46.13322799998204],[-111.2866579995941,46.133259000123296],[-111.28699700042613,46.133401999705555],[-111.28737599964451,46.133610999720034],[-111.28766000022493,46.13380800003516],[-111.28781699968546,46.133935000310245],[-111.28795099957976,46.134060999921211],[-111.28805400041026,46.134181999888909],[-111.28814100044887,46.134301999846407],[-111.28819599980213,46.134422999907109],[-111.2882350001602,46.134543999701954],[-111.28825899955135,46.13466999978705],[-111.28825899955135,46.134791000284217],[-111.28805299968701,46.135323000169812],[-111.28793499968624,46.135684999952431],[-111.28794300008217,46.13575599989376],[-111.28801400022726,46.135898999839682],[-111.28821099987077,46.136057999796279],[-111.2883769995521,46.136156999877933],[-111.28893700031709,46.136463999842007],[-111.28913399996057,46.136556999728562],[-111.28933899999998,46.13663399987054],[-111.28951300007725,46.136677999814374],[-111.28977300036826,46.136721999723093],[-111.29021500023414,46.13677700002637],[-111.29110700036181,46.136689000261704],[-111.29127300004316,46.136650999782269],[-111.29152499993825,46.136574000286551],[-111.29165200015986,46.136520000107119],[-111.29173900019848,46.136465000169594],[-111.29198299969764,46.136190000280628],[-111.29210999991925,46.136091999970176],[-111.29228300017161,46.13597600027925],[-111.29242499956352,46.135900000177543],[-111.29300899971962,46.135729999750531],[-111.29347499987493,46.1355710000919],[-111.29401999967298,46.135461000133745],[-111.29413799967374,46.135450000063599],[-111.29424900000183,46.135472000201688],[-111.29437500039853,46.135515999829032],[-111.29448500000338,46.13561500026259],[-111.29459600033145,46.135740999764742],[-111.2948170002644,46.136098000108525],[-111.29487199961767,46.136163000009205],[-111.29512400041106,46.136366000019173],[-111.29521899994731,46.136421000055563],[-111.29545599977378,46.136492999997543],[-111.29563700042205,46.136514999718941],[-111.2958740002485,46.136526000198835],[-111.29611100007497,46.136497999765226],[-111.29629199982494,46.136459999776427],[-111.29648199979573,46.136393999897457],[-111.29693999955514,46.136201999912835],[-111.29760300025228,46.135872999763976],[-111.29802099982871,46.135729999750531],[-111.29827400044699,46.135713999895714],[-111.29863699977186,46.135598999751856],[-111.29873100038149,46.135537999940745],[-111.29877900006205,46.135488999849635],[-111.29880199962828,46.135439999714983],[-111.29881000002422,46.135330000117655],[-111.2987949999556,46.135241999908075],[-111.29874700027503,46.13520400029757],[-111.2984789995881,46.135050000264378],[-111.29833700019621,46.134928999713829],[-111.29832100030268,46.134857999951222],[-111.2983449996938,46.134824999995324],[-111.29839999994539,46.134780999815916],[-111.29858200041859,46.134742999887308],[-111.29868399962751,46.134737000223829],[-111.2991890001409,46.134754000098674],[-111.29942599996735,46.134749000172647],[-111.29986799983324,46.134704999932481],[-111.30012099955323,46.134638999817582],[-111.30029399980558,46.134605999730454],[-111.30083100010602,46.134633000142728],[-111.30104399964304,46.134628000205716],[-111.30123299978892,46.134605999730454],[-111.30132800022348,46.134583999868916],[-111.30144600022426,46.134545999804359],[-111.30195199966425,46.134293000278873],[-111.30256699978247,46.133876999779815],[-111.30281200000486,46.133749999993448],[-111.30307999979347,46.133630000078199],[-111.30319899961914,46.133602000039581],[-111.3036959997366,46.133547000300247],[-111.30392500006548,46.133486999842908],[-111.30406700035572,46.133431999988723],[-111.30416899956464,46.133317000059591],[-111.30430400018216,46.133278999743304],[-111.30464300011586,46.13314699975151],[-111.3047929999037,46.133108999940418],[-111.30488800033825,46.133092000180305],[-111.30511599994388,46.133081000259445],[-111.30590599996431,46.132746000259971],[-111.30606300032315,46.132708000172244],[-111.30626900018746,46.132686000174985],[-111.30654500037198,46.132692000061951],[-111.30673399961957,46.132725000050932],[-111.30679700026707,46.132779000216644],[-111.30683699955173,46.132845000070567],[-111.30687599990976,46.132955000273874],[-111.30695499955249,46.133272999920287],[-111.3069970002836,46.133390000085747],[-111.30700999980407,46.133426999942664],[-111.30703400009354,46.133470999958881],[-111.3070740002765,46.133504000103613],[-111.30713700002569,46.13354200026464],[-111.30718399988136,46.133558999885885],[-111.3073499995627,46.13358600018897],[-111.30756299999804,46.133597000008969],[-111.30798099957448,46.133558999885885],[-111.30815499965175,46.133558999885885],[-111.30828100004845,46.133574999744305],[-111.30862800037808,46.133711999975944],[-111.30888899959567,46.133722999770718],[-111.30897499980939,46.133739999958628],[-111.30913299999314,46.133795000127691],[-111.30933100035986,46.133881999785004],[-111.30982000008139,46.134073999765896],[-111.31011200015945,46.134124000241137],[-111.31038800034399,46.134112999903927],[-111.31074300017121,46.134053000063183],[-111.31085399960099,46.134053000063183],[-111.310933000142,46.134063000041166],[-111.31101099995981,46.134090999845391],[-111.31112200028788,46.134228000038398],[-111.31116099974764,46.134342999932763],[-111.31119300043302,46.134518999971903],[-111.31120099993061,46.134666999951428],[-111.31117699964118,46.135154999909325],[-111.31094200036286,46.135305999848065],[-111.30930299987246,46.134897000156556],[-111.3087070000208,46.135337000064617],[-111.309799000165,46.135651999869651],[-111.31128100029656,46.136841999748057],[-111.31212400002043,46.137060000141183],[-111.31264200005428,46.136758999831301],[-111.31310400001165,46.135724000194585],[-111.3132839999367,46.135319999747246],[-111.31352099976316,46.135314000146579],[-111.31370999990905,46.135319999747246],[-111.31396299962904,46.13534199993726],[-111.31426300010301,46.1353969997514],[-111.31463399982377,46.135418999910662],[-111.3147130003648,46.135412999698318],[-111.31483100036559,46.135391000159174],[-111.3149810001534,46.13534199993726],[-111.31513900033717,46.13528099984147],[-111.31545499980633,46.135117000238779],[-111.31554900041597,46.135078000189246],[-111.31579399974005,46.135006999996278],[-111.31597500038833,46.134990999931397],[-111.31614899956728,46.134990999931397],[-111.3164099996832,46.135006999996278],[-111.31656000036935,46.135006999996278],[-111.31720700027464,46.134913999982011],[-111.31760499975957,46.134825999730225],[-111.31764099974458,46.134979999767367],[-111.31768000010265,46.13491899989306],[-111.31787699974613,46.134754999834819],[-111.3180430003258,46.134688999779854],[-111.31815399975558,46.134661000279664],[-111.3184850001917,46.134545999804359],[-111.31889600009541,46.13445300025657],[-111.31913999959457,46.134320999966164],[-111.31987400043683,46.13409599983116],[-111.32056900002267,46.134008000139758],[-111.32078199955969,46.13396399993006],[-111.32108100020875,46.133848999866778],[-111.32138900018033,46.133772000188202],[-111.32211499972833,46.133449000266459],[-111.32232800016368,46.13334399985883],[-111.32262000024173,46.133217999852441],[-111.32288899985522,46.133087000103387],[-111.3234010000413,46.132856000038515],[-111.32366999965483,46.132708000172244],[-111.32385899980071,46.132653000162634],[-111.32408800012956,46.132565000033011],[-111.32510599975561,46.132103999942537],[-111.32558699997955,46.131867999924772],[-111.32563499966012,46.1318299998538],[-111.32565800012468,46.131790999966604],[-111.32572900026976,46.131572000087267],[-111.32573699976739,46.131490000115903],[-111.32572099987385,46.131259000200636],[-111.32574500016331,46.131148999722576],[-111.32583999969955,46.131084000129157],[-111.32594199980679,46.131034000006622],[-111.32617100013564,46.130967999850043],[-111.32648699960482,46.13091299997042],[-111.32691299957717,46.130864000121981],[-111.32741800009057,46.130764999863203],[-111.32750500012919,46.13073800004468],[-111.32794699999508,46.130513000212474],[-111.32872000029705,46.130233000147612],[-111.32885400019136,46.130199999910545],[-111.32894100023,46.130189000034648],[-111.32916200016294,46.130226999992757],[-111.32938999976857,46.130237999861073],[-111.32953200005879,46.130216000122289],[-111.329666999778,46.13016700027628],[-111.32983199963445,46.130085000080761],[-111.32997399992468,46.129997000205819],[-111.33003699967385,46.1299749997482],[-111.33058999986781,46.129935999792615],[-111.33072399976211,46.129935999792615],[-111.33178900014217,46.130061999836975],[-111.33203400036454,46.130057000107527],[-111.33230999965075,46.130100999703338],[-111.33277599980606,46.130193999752144],[-111.33359699978864,46.130209999965572],[-111.3339120003312,46.130199000091714],[-111.33421199990687,46.130220999837292],[-111.33476400027591,46.130188000215604],[-111.33484299991861,46.130199000091714],[-111.33488700029955,46.130213000044037],[-111.33494599985077,46.130231999706808],[-111.33534099986099,46.130369000161217],[-111.33562500044144,46.130429000280209],[-111.33594000008571,46.130461999757507],[-111.33622399976782,46.130473000201413],[-111.33639799984512,46.130456000250213],[-111.33666599963372,46.130396000160623],[-111.33687900006905,46.130319000012157],[-111.33697399960529,46.130258999773325],[-111.33713199978902,46.130078000088794],[-111.33754199986787,46.129731999910184],[-111.33771599994512,46.129605999733485],[-111.3378260004483,46.129550999738925],[-111.33803099958939,46.129402999707231],[-111.33823599962882,46.129116999949382],[-111.33829900027634,46.129008000014387],[-111.33833100006336,46.12892000028647],[-111.3383620000255,46.128750000102592],[-111.33835199997976,46.128612999979168],[-111.33834600013199,46.128530000111269],[-111.33825999991825,46.128355000084952],[-111.33818799994825,46.128085999931571],[-111.33819600034417,46.127691000132941],[-111.33821200023769,46.12759199977414],[-111.33826699959097,46.127466000305375],[-111.3383620000255,46.127295999992128],[-111.33846400013277,46.127158999987827],[-111.33857499956252,46.127059999918075],[-111.33866900017217,46.126988000095189],[-111.33877200010433,46.126927999963378],[-111.33883499985353,46.126912000041671],[-111.33896100025022,46.126922999949414],[-111.33900800010588,46.126938999867889],[-111.33908000007591,46.126993999980243],[-111.33933199997099,46.12759199977414],[-111.33937200015396,46.127618999889648],[-111.33945900019259,46.127651999805302],[-111.33968699979823,46.127684999701223],[-111.33990100005848,46.127668999999393],[-111.34020800020512,46.12755299999904],[-111.34042099974215,46.127459999849094],[-111.34108400043928,46.127114000034787],[-111.34132799993843,46.126966000303469],[-111.34162000001648,46.126741000004877],[-111.34194399988159,46.126428000058866],[-111.34203000009531,46.126356999921065],[-111.34233800006689,46.126153999750173],[-111.34284299968195,46.125796999696021],[-111.34305600011729,46.125670999857007],[-111.34313499976,46.125605000122768],[-111.34317400011807,46.125528000125385],[-111.34323699986726,46.125154999940598],[-111.34328399972293,46.125028999878353],[-111.34335599969295,46.124933999996664],[-111.34352899994531,46.12472500005385],[-111.34374999987824,46.12459400002804],[-111.34385299981039,46.124418000025734],[-111.3439790002071,46.124329999813725],[-111.3440500003522,46.124308000205723],[-111.34420000014005,46.124285999966318],[-111.3442469999957,46.124296999775808],[-111.34446000043104,46.124411999860108],[-111.34459500015026,46.124554999998175],[-111.34466600029536,46.124603999855644],[-111.3448310001518,46.124642999850778],[-111.34519400037496,46.124587999881548],[-111.34554099980627,46.124565999753955],[-111.34563600024084,46.1245380000883],[-111.3457469996706,46.124489000172133],[-111.34581799981571,46.124439000289044],[-111.34590400002945,46.124329999813725],[-111.34595199971001,46.124252999902041],[-111.34596699977862,46.124202999804751],[-111.34596699977862,46.124142999752614],[-111.34595099988512,46.124094000107746],[-111.34585700017377,46.123972999768824],[-111.34582500038672,46.123879999801076],[-111.34584100028026,46.123840999888415],[-111.3458880001359,46.123781000064618],[-111.34596699977862,46.123725999857434],[-111.34608499977942,46.123687999772798],[-111.34674799957823,46.123594000007849],[-111.34701899973987,46.123550000195202],[-111.34732400023672,46.123501000022948],[-111.34780499956231,46.123319999923552],[-111.34790800039282,46.123292000247268],[-111.34808900014279,46.123176999692916],[-111.34826300022004,46.123062000143754],[-111.34853100000863,46.12294100002871],[-111.34870400026102,46.122847000234479],[-111.34892500019396,46.122743000116309],[-111.34913799973097,46.122672000210223],[-111.3493720000827,46.122606999952851],[-111.34951799967256,46.122565999846884],[-111.35021900000453,46.12236999975395],[-111.35066900026632,46.122331000017617],[-111.350976000413,46.122282000006408],[-111.35119700034592,46.12223199998818],[-111.35133100024022,46.122187999710412],[-111.35163099981588,46.121996000011784],[-111.35178899999964,46.121914000105257],[-111.3521520002228,46.121766000101637],[-111.35252999961624,46.12157300020224],[-111.35293300002236,46.12139199999524],[-111.35305100002316,46.121321000216049],[-111.35320099981099,46.121195000102027],[-111.35342099991901,46.120948000188903],[-111.35378400014217,46.120601999946032],[-111.35398900018157,46.120282999996178],[-111.35417800032747,46.120068999830117],[-111.35424100007666,46.120015000279537],[-111.35441500015394,46.119909999791204],[-111.35475400008762,46.119784000186421],[-111.35482500023276,46.11977300009849],[-111.35493499983761,46.119784000186421],[-111.35500599998272,46.119800000310306],[-111.3551249998084,46.119855000078211],[-111.35520400034945,46.119903999757241],[-111.35530599955837,46.11994799999102],[-111.3554410001759,46.119965000071936],[-111.35554300028316,46.119959000043963],[-111.35571700036043,46.119909999791204],[-111.3559609998596,46.119810999770159],[-111.35615800040141,46.119712000193914],[-111.35641899961898,46.119531000099919],[-111.35665499962055,46.119141000078322],[-111.35666300001647,46.119086000220392],[-111.35657599997782,46.118954999862211],[-111.3565600000843,46.118911000080828],[-111.35656799958191,46.118862000141363],[-111.35662299983348,46.118800999850912],[-111.3567490002302,46.118719000170643],[-111.35690700041394,46.118653000202691],[-111.35719100009605,46.118592000303522],[-111.35731699959445,46.118587000155706],[-111.35747499977818,46.118597999857663],[-111.35776699985622,46.118669000032362],[-111.35794099993352,46.118746000276289],[-111.35809800029234,46.118772999745985],[-111.35823999968426,46.118778999903107],[-111.35831099982936,46.118768000237274],[-111.35838199997447,46.118746000276289],[-111.35850099980017,46.118684999857386],[-111.35867400005252,46.118574999798987],[-111.35925800020863,46.118312000042863],[-111.35986499993095,46.118015000172853],[-111.36000700022116,46.117932999945587],[-111.36025900011624,46.117807000178701],[-111.36091400041747,46.117658000304957],[-111.36120599959717,46.117674999847061],[-111.36136399978093,46.117662999914423],[-111.36159300010979,46.117635999900799],[-111.36167900032352,46.117603000212164],[-111.36173500040002,46.117591999688869],[-111.36177399985975,46.117565000263156],[-111.3618049998219,46.117526000239039],[-111.36183699960895,46.117432999974454],[-111.36189199986055,46.117382999914604],[-111.36197200022649,46.117346999918141],[-111.36199800016574,46.117337000018757],[-111.362128999687,46.117307000309658],[-111.36287000020192,46.117195999936293],[-111.36347000025157,46.11715799970662],[-111.36389600022392,46.117047999713371],[-111.36411700015684,46.11701999996307],[-111.36437700044783,46.117015000295268],[-111.36447899965678,46.117004000277255],[-111.36466899962758,46.116916000054282],[-111.36476300023722,46.116888000236912],[-111.36483400038233,46.116888000236912],[-111.36504699991936,46.116920999731072],[-111.36526799985228,46.11689399997659],[-111.36567100025842,46.116739999809454],[-111.36606500044371,46.116574999731021],[-111.36633300023232,46.11649299985168],[-111.36647499962422,46.116460000101206],[-111.36676699970226,46.116432000052129],[-111.36685399974093,46.116416000195635],[-111.36693300028193,46.116388000124203],[-111.3670589997803,46.116328000279047],[-111.36719299967463,46.116212000061097],[-111.36728700028426,46.116097000296463],[-111.3675080002172,46.115739999834013],[-111.36757099996638,46.115663999831142],[-111.36768899996717,46.11559200005955],[-111.36791800029603,46.1154770002465],[-111.36799699993874,46.1154770002465],[-111.36836699983459,46.115564000192158],[-111.36852500001834,46.115580999757483],[-111.3688880002415,46.115564000192158],[-111.36910099977852,46.115580999757483],[-111.36940100025249,46.115482000053852],[-111.36988199957811,46.115442999800955],[-111.3699920000813,46.115414999857855],[-111.37008699961754,46.11537199982854],[-111.37015000026504,46.115321999766792],[-111.37030000005285,46.115168000188234],[-111.37043399994715,46.115015000273772],[-111.3705360000544,46.114822999865574],[-111.37074100009383,46.114603000300939],[-111.37094600013323,46.114444000057496],[-111.37107699965448,46.114313999979771],[-111.37133199992262,46.114060000197988],[-111.37136399970967,46.1140100001913],[-111.37142700035717,46.113779999949912],[-111.37149000010636,46.113724999722884],[-111.37153699996203,46.113703000239433],[-111.37159999971121,46.113692000183086],[-111.37161599960476,46.113692000183086],[-111.37170299964338,46.113692000183086],[-111.37178999968202,46.11370800020773],[-111.37202599968356,46.113822999975952],[-111.37215299990518,46.113911000156349],[-111.37257100037992,46.114246000123501],[-111.37310799978205,46.114613000073724],[-111.37321800028521,46.114672999918007],[-111.37332899971497,46.114712000093071],[-111.3733999998601,46.114727999821618],[-111.37357300011244,46.114739000293966],[-111.3739279999397,46.114718000069658],[-111.37407000022991,46.114710999993129],[-111.37427600009424,46.114689000280578],[-111.37478800028032,46.114573999828558],[-111.3749139997787,46.114524000288206],[-111.37501699971084,46.114458000277502],[-111.3751110003205,46.11436999972512],[-111.3752529997124,46.114150999707675],[-111.37533200025345,46.114095999850903],[-111.3754500002542,46.11403600000115],[-111.37559199964612,46.113985999972691],[-111.37569499957829,46.113959000025645],[-111.37579500003572,46.113948000020358],[-111.37592899993001,46.114007999965906],[-111.37607100022022,46.114057999974413],[-111.37618099982508,46.114079999938852],[-111.37642600004747,46.114085999984248],[-111.3765199997588,46.114075000004348],[-111.37684399962392,46.113998000083299],[-111.37737300042674,46.113834000006143],[-111.37766499960645,46.113735000277735],[-111.37822500037143,46.113505000134154],[-111.37846100037301,46.113384999705211],[-111.37862799987924,46.11330199993553],[-111.3787850002381,46.113202999874197],[-111.37895900031536,46.113071999853034],[-111.37979600019145,46.112336999883041],[-111.38012000005654,46.111986000246823],[-111.38057799981594,46.111398999717231],[-111.38072799960376,46.111173999987159],[-111.3809259999705,46.110829000194691],[-111.38102899990267,46.110581999899502],[-111.38110800044367,46.11022499983131],[-111.38124200033799,46.109754000207147],[-111.38133000020154,46.109326000092814],[-111.3814480002023,46.108903000173186],[-111.38152000017233,46.108431999839766],[-111.38153600006586,46.108014999993763],[-111.38149699970779,46.10786599980203],[-111.38144999985214,46.107746000174096],[-111.38137100020943,46.107640999973952],[-111.38105599966683,46.107284999775999],[-111.38100799998625,46.10720200016209],[-111.38100100031357,46.107147000221545],[-111.38100799998625,46.107071000202019],[-111.38103200027571,46.107009999938498],[-111.38116600017,46.106846000242967],[-111.38129300039162,46.106746999795661],[-111.38144300017944,46.106647999793331],[-111.38154500028669,46.106604999774731],[-111.38166400011238,46.106566000090886],[-111.38189300044122,46.106516999762349],[-111.38268099991352,46.106407999955735],[-111.38295799992295,46.106335999925257],[-111.38315499956644,46.106270999704485],[-111.3832569996737,46.106216000080643],[-111.38335200010826,46.10613399973559],[-111.38346300043632,46.106024000159699],[-111.38353399968312,46.105920000053047],[-111.38363699961529,46.105699999827713],[-111.38365199968391,46.105591000274067],[-111.38362099972177,46.105360000130567],[-111.38346400026124,46.10499199994905],[-111.38341700040557,46.104816999896201],[-111.38340900000966,46.104718000164802],[-111.38343199957588,46.104641000250808],[-111.38353500040635,46.10450399996806],[-111.38362200044499,46.104420000240061],[-111.38363800033852,46.104405000297412],[-111.38373200004985,46.104350999722662],[-111.38388199983767,46.104284999986461],[-111.38408000020441,46.104219000171206],[-111.38439499984867,46.104142000183096],[-111.38467100003319,46.104087999973579],[-111.3848690003999,46.104082000085413],[-111.38502599986043,46.104087999973579],[-111.38526299968689,46.104148000064683],[-111.38568899965924,46.104329999900123],[-111.38601199969942,46.104439000078536],[-111.38617699955586,46.104522000115558],[-111.38657199956609,46.104751999752885],[-111.3866579997798,46.104823999983701],[-111.38676900010789,46.104928000289561],[-111.38696599975138,46.105163999872502],[-111.38715999992014,46.105421999997176],[-111.38729700018749,46.105605000251643],[-111.38749399983098,46.105866999977124],[-111.38753599966378,46.105899000205348],[-111.38772200033495,46.106041999810898],[-111.387790000107,46.106065999751898],[-111.38797400023,46.106129999958682],[-111.38800900039011,46.106134999991177],[-111.38818699976702,46.106163000289307],[-111.38865299992236,46.106207000284186],[-111.38893400012975,46.106229000268478],[-111.38900799974958,46.106234999922918],[-111.38934699968331,46.106246000222022],[-111.38946499968407,46.106229999899504],[-111.38954400022511,46.106202000258222],[-111.38982799990724,46.106060000079054],[-111.38988300015883,46.106043000068155],[-111.39008800019822,46.106038000027326],[-111.39018299973448,46.106053999782723],[-111.3903960001698,46.10613100021439],[-111.39048300020843,46.106175000234806],[-111.39063999966896,46.106295999798448],[-111.39075099999704,46.106406000077236],[-111.39081399974624,46.106547999988003],[-111.39084499970838,46.10678999970353],[-111.39087599967051,46.106915999747372],[-111.39091599985349,46.107014999891163],[-111.39097899960268,46.107113999857162],[-111.3910299996563,46.107160000189772],[-111.39113599996152,46.107255999812537],[-111.39131800043471,46.107393000106967],[-111.39163300007898,46.107541999708843],[-111.3918380001184,46.107596999878098],[-111.39212199980051,46.107674000022833],[-111.39219200012073,46.107702999766374],[-111.39240600038097,46.107793999807512],[-111.39268599986512,46.107982999748259],[-111.39291099999603,46.108135000281671],[-111.39312899955591,46.10829700006915],[-111.39325699960244,46.108393000202945],[-111.39342200035721,46.108524999724665],[-111.39379399990287,46.108821000088483],[-111.39403800030034,46.108991000113228],[-111.39425099983735,46.109111999723567],[-111.39436100034052,46.109155999855687],[-111.39442400008971,46.109167000194631],[-111.39444900020408,46.109160000035821],[-111.3944650000976,46.10915200029806],[-111.39459800016699,46.109096000232945],[-111.39466900031211,46.109023999976692],[-111.39474799995482,46.108915000145004],[-111.39478700031287,46.108821000088483],[-111.39481099970399,46.108503000033899],[-111.39485900028291,46.108366000007059],[-111.39502499996425,46.108092000177415],[-111.3951899998207,46.107845000072857],[-111.39553799997525,46.107410999933968],[-111.39589299980248,46.107055000119018],[-111.39598800023703,46.10698399992814],[-111.39645299966914,46.106721000284082],[-111.39685699990018,46.106508000015033],[-111.39713200025979,46.106364000121246],[-111.39741599994193,46.106221999736555],[-111.39754999983623,46.10616700006382],[-111.39774800020292,46.106095999974848],[-111.39800000009802,46.106024999794442],[-111.39843399956796,46.105887999837009],[-111.3985209996066,46.105849000268783],[-111.39856099978958,46.105787000259582],[-111.39832399996311,46.105360999777361],[-111.39825899966579,46.105227000231658],[-111.39785000031019,46.104912000207385],[-111.39706799978737,46.103796999975479],[-111.39652100033952,46.102958999869934],[-111.39598999988688,46.101895999875815],[-111.39574700021262,46.101184000214822],[-111.39542800037037,46.100145000283526],[-111.39523000000368,46.099498999750523],[-111.39496700023793,46.098915000079231],[-111.39465900026637,46.098524000150967],[-111.3942109996544,46.098166000076134],[-111.3935980000843,46.09752999978555],[-111.39292299969158,46.096598999818532],[-111.39252000018379,46.09575700003802],[-111.39251099996294,46.095552000234662],[-111.39245300023664,46.095202000070216],[-111.39233400041094,46.094873999708099],[-111.39200200014993,46.094384000182359],[-111.39160499959158,46.093893000185915],[-111.39150699968226,46.093770999707964],[-111.39126700038109,46.093374000252105],[-111.39117699996939,46.093009999912439],[-111.39115100003012,46.092779999883135],[-111.39119200003802,46.092295999743691],[-111.39123800006877,46.09208699998451],[-111.39153699981951,46.09151899992272],[-111.39190900026348,46.090865999891001],[-111.39235299977921,46.090430000198403],[-111.39273400044404,46.09011600028537],[-111.39303099964663,46.08989300013851],[-111.39339300004487,46.089665000056407],[-111.39375000042025,46.089450999996316],[-111.39586799968812,46.088698999942515],[-111.39793599962559,46.087931000202005],[-111.39806799987008,46.087882000133128],[-111.39925899974851,46.087569999983188],[-111.40065200019158,46.087225000129166],[-111.40216199991224,46.086890999785972],[-111.40263599956516,46.08675200028955],[-111.40308699965186,46.086602999951801],[-111.4038649999767,46.086295000014253],[-111.40491000026526,46.085774000228653],[-111.40558999978252,46.08526299999653],[-111.40580099966971,46.085096999759685],[-111.4068419997603,46.083869999854663],[-111.40752300000078,46.083017000189976],[-111.4080650003241,46.082159000084538],[-111.40861299959684,46.081248000281207],[-111.40895999992649,46.080742999809836],[-111.40982199991693,46.079907999859977],[-111.41016699969842,46.079437999945569],[-111.41047200019527,46.078942999744172],[-111.41074800037978,46.078289000248269],[-111.41155699976846,46.077289000028365],[-111.41193500006024,46.076849000172643],[-111.41245999976681,46.076330000015226],[-111.41328699959715,46.075510000290393],[-111.41384300016416,46.074798999787227],[-111.41471400037543,46.073455999740396],[-111.41535899973258,46.072320000203035],[-111.41590500025383,46.071374999783757],[-111.41612399963863,46.071025000138761],[-111.41655299998405,46.070335999783346],[-111.41743300041614,46.068946999810152],[-111.4183599998056,46.067503999900808],[-111.41898099977163,46.066536999689013],[-111.41955700043012,46.065836999773197],[-111.41983699991427,46.065621000040757],[-111.42062500028489,46.065163000126368],[-111.42112599970199,46.064721000057148],[-111.42159699988018,46.064226999751703],[-111.42203999957096,46.063729000276297],[-111.42273900025313,46.063242000199665],[-111.4229490003154,46.063015000092363],[-111.42383100039733,46.061951000186767],[-111.4240139997971,46.061360999837333],[-111.42412599995009,46.060720999703626],[-111.42404599958417,46.059434000006256],[-111.42387700042808,46.058831999916649],[-111.42311300034692,46.05699000002766],[-111.42306099957007,46.056401000187435],[-111.42315299963158,46.0557759999948],[-111.4231889996166,46.055648999757203],[-111.42333299955664,46.055143000117219],[-111.42356000023567,46.054259999907124],[-111.42365200029718,46.053900000033657],[-111.42361600031218,46.052767000063341],[-111.42353699977113,46.052318999971753],[-111.4234210003185,46.051967999835227],[-111.42347300019702,46.051686999741584],[-111.4234559995803,46.051061999813918],[-111.42344999973251,46.050853999724794],[-111.42344499970964,46.050646000099263],[-111.42344300005979,46.050589999850452],[-111.423437000212,46.050373000298229],[-111.42341600029563,46.049570000212192],[-111.423393999656,46.048767999723445],[-111.42338699998331,46.048508000069333],[-111.42339000035636,46.048328000071514],[-111.42341899977036,46.048174999861523],[-111.4234139997475,46.047003000256325],[-111.42369800032793,46.045588999768135],[-111.42380899975771,46.045034000153571],[-111.42381899980343,46.044986000143986],[-111.42392000008579,46.044478999951274],[-111.42393000013152,46.044429999955419],[-111.42394400037523,46.044364999728401],[-111.42415799973715,46.043620999912875],[-111.42467800031915,46.04181199978202],[-111.42476899965742,46.04149500013974],[-111.42476000033491,46.041464000140024],[-111.42413299962281,46.039315999823998],[-111.42319899966233,46.03760199991833],[-111.42340600024987,46.036107000114747],[-111.42342200014342,46.035998000232333],[-111.4234270001663,46.035720999861162],[-111.42343200018915,46.035427000024072],[-111.42343800003692,46.035132999870029],[-111.42344399988471,46.03478200028502],[-111.42344999973251,46.034430999717905],[-111.42346499980111,46.03362399984124],[-111.42306499976803,46.033023000012818],[-111.42294199974438,46.032836000208619],[-111.42281799989583,46.032650000112561],[-111.42275799962137,46.032559000203001],[-111.42269700042031,46.03246800014356],[-111.42262899974995,46.032363000080728],[-111.42256099997788,46.032257999818405],[-111.42237600002994,46.031990999820813],[-111.42229200036435,46.031840999711775],[-111.42223100026499,46.031596000009458],[-111.42206700023345,46.030935999875304],[-111.42219399955675,46.029049999784782],[-111.42219799975472,46.029008000179921],[-111.42228700034147,46.028720000158508],[-111.4223729996569,46.028447999696006],[-111.42243499958118,46.028236000094999],[-111.42255699977991,46.027705999718265],[-111.42286099955354,46.026966000023428],[-111.42309200043051,46.026659000164827],[-111.42374299963546,46.025886999706714],[-111.4243719999974,46.025363000227458],[-111.4250900000478,46.024832999748746],[-111.42536500040742,46.024557999904808],[-111.42595200003824,46.023973999779507],[-111.42653899966908,46.023392000115606],[-111.42708600001527,46.022846999790346],[-111.42755899984327,46.022317000141157],[-111.4284619998416,46.021652999954334],[-111.4291740000442,46.02089399978842],[-111.42960599986435,46.020454000218969],[-111.42962400030599,46.02041999982864],[-111.42981500010173,46.020067999805917],[-111.42990600033832,46.01967600010628],[-111.42980900025394,46.019302999963251],[-111.4295959998186,46.018975000092887],[-111.42887500029346,46.018392000229689],[-111.42824299955848,46.017916000063245],[-111.42732100019188,46.017438000181308],[-111.42686900028026,46.017219000179836],[-111.42550099995154,46.016772000031537],[-111.42429500000449,46.016492999978986],[-111.4235550002128,46.01633100008732],[-111.42214500005127,46.016015000272986],[-111.42184299992748,46.015872000000385],[-111.42158000016174,46.015707000090181],[-111.42124799990073,46.015207999770588],[-111.42103199999066,46.014775000155161],[-111.42098199976193,46.014586000290336],[-111.42090499976906,46.014229999734695],[-111.42083500034717,46.013992999772988],[-111.42072099964604,46.013639999950186],[-111.42051599960662,46.013286999745816],[-111.41909600029766,46.010026000138296],[-111.41743199969291,46.005413999985201],[-111.41709399958413,46.005063999715873],[-111.41575299991788,46.002498999987033],[-111.41574200004722,46.002412000172669],[-111.41578600042816,46.001979000216508],[-111.41580200032166,46.001785000175921],[-111.415860000048,46.00167799993644],[-111.4159930001174,46.00150900023889],[-111.41614100025539,46.001334999855821],[-111.41618800011106,46.001279999836115],[-111.41620099963153,46.001264000273913],[-111.41621800024829,46.00122600004719],[-111.41713700014016,45.999826000135847],[-111.41828700001066,45.998041000059409],[-111.41844500019442,45.997769000311159],[-111.41870399976217,45.997325999774787],[-111.41930200016198,45.996663999792894],[-111.41943299968324,45.996515000309572],[-111.41961799963117,45.996322000206497],[-111.42006500041823,45.995989999812338],[-111.4203309996587,45.995824000116443],[-111.42076699967679,45.995552999843667],[-111.42154500000166,45.995067000092568],[-111.42318399959372,45.99421100016032],[-111.42385300013864,45.993946000108103],[-111.42514100010142,45.993625999896338],[-111.42576299989236,45.993446000251268],[-111.42593500031981,45.993405000239846],[-111.42638100038366,45.993301999864073],[-111.42687000010518,45.993195000070507],[-111.42760099967606,45.993074000253003],[-111.42796600044736,45.993013000028085],[-111.42858599969014,45.993010999784239],[-111.42913100038649,45.993025000241325],[-111.42951899982569,45.993017999701195],[-111.42990299996525,45.993013000028085],[-111.43009799995895,45.993006000110505],[-111.4301599998832,45.99300399986641],[-111.43060900032009,45.993013000028085],[-111.43177300043432,45.992963000151661],[-111.4322849997221,45.992897999932744],[-111.43277099996889,45.992828999760832],[-111.4329390001984,45.992807000122106],[-111.43460600027787,45.992553999903393],[-111.43554500026121,45.992567999852014],[-111.43584599966177,45.992550000006581],[-111.43601999973905,45.992539999951283],[-111.43686800038411,45.992415999864022],[-111.43746300041086,45.992295000215712],[-111.43803999999595,45.992100000096784],[-111.43851399964888,45.991860000063468],[-111.43886600000135,45.991637999761387],[-111.43919599971426,45.991504999744215],[-111.43958599970161,45.991398000221125],[-111.44108200007685,45.991062000239737],[-111.44150499967616,45.990979999774915],[-111.44209100038039,45.990830999966548],[-111.44260100001834,45.990746000231255],[-111.44289899994416,45.990693999851551],[-111.44311099965627,45.990702999764736],[-111.44329399995436,45.990765999740127],[-111.44343000039682,45.990813000180331],[-111.44391099972242,45.991106000271657],[-111.44392199959307,45.99111599996197],[-111.44405899986042,45.991199999910535],[-111.44426999974763,45.991329999891711],[-111.44462399974995,45.991659999864794],[-111.44469300024524,45.99173899982366],[-111.44479199997946,45.991850999714288],[-111.44486399994946,45.991944000131106],[-111.4450149995622,45.992260000164926],[-111.44620100031608,45.993669999762133],[-111.44662599956519,45.994105999832165],[-111.44730099995789,45.994671999831951],[-111.44750199979934,45.994865000072977],[-111.44840499979766,45.995728999833375],[-111.44853000036944,45.995848999704009],[-111.44873899970851,45.995983000271295],[-111.44889600006734,45.996083000138611],[-111.44962099979044,45.996481000178562],[-111.45023500008377,45.996764000301738],[-111.45040300031324,45.996852999741414],[-111.45061400020046,45.996966000254176],[-111.45083099993542,45.997119999697809],[-111.45164000022241,45.997595000023324],[-111.45238300038717,45.997837999940259],[-111.45317599988233,45.998061000052395],[-111.45452199957144,45.998359999990143],[-111.45570699960209,45.998666000010864],[-111.45653900035362,45.998816000271724],[-111.4570880003496,45.998840000051061],[-111.4573970001461,45.998778000235781],[-111.45801399991414,45.998623999790098],[-111.45833500030453,45.998507000076707],[-111.45893600017905,45.998279999783165],[-111.45903499991326,45.99820400019707],[-111.45937800004492,45.997952000034296],[-111.46031600020335,45.997297999785133],[-111.46061599977901,45.99706299975918],[-111.46064500009132,45.997040999931407],[-111.46084400028296,45.996743000097517],[-111.46102800040597,45.99621500001129],[-111.46137400001238,45.995424000187171],[-111.46169399967953,45.994736000060833],[-111.46195099959748,45.994325000237509],[-111.46228399968339,45.993371999873737],[-111.46247399965421,45.992525999995578],[-111.46255400002015,45.992061999817615],[-111.46264799973146,45.99170499987887],[-111.46277999997595,45.991391000099277],[-111.46284400044836,45.99132400022576],[-111.46307000040416,45.991091999953255],[-111.46327399972036,45.990742000203781],[-111.46350100039939,45.990265999863624],[-111.46358099986702,45.989976999777483],[-111.46360799963119,45.989881000201095],[-111.46356699962331,45.988203999700481],[-111.46372300015726,45.987621999951614],[-111.46379299957913,45.987290999707952],[-111.46391200030313,45.986933000284459],[-111.46422399957434,45.986244000155601],[-111.46429999974234,45.986031999783009],[-111.46459099999547,45.984950999788609],[-111.46461100008696,45.984533999929283],[-111.46458299959954,45.984014999839275],[-111.46454099976675,45.983439000263324],[-111.46448700023839,45.983189000255585],[-111.46444899970524,45.982623000176687],[-111.46461100008696,45.981569000236767],[-111.46471800021708,45.981212000037338],[-111.46477299957034,45.980481000234562],[-111.46483200001991,45.980044000160667],[-111.46484100024072,45.979971000013528],[-111.46503200003644,45.979498000225497],[-111.46510700037952,45.978976000178562],[-111.46501100012004,45.978620000184669],[-111.46497599995995,45.978488000173392],[-111.46493999997493,45.978356999922028],[-111.46491099966261,45.978237000206107],[-111.46465200009483,45.976742000125441],[-111.46452099967527,45.975981999713639],[-111.46450800015479,45.975907000216495],[-111.46423199997025,45.975521999950146],[-111.46409399987802,45.974916999831585],[-111.46379500012726,45.974256999939549],[-111.46340099994197,45.973310999841736],[-111.46327100024561,45.972781000003657],[-111.46324799978109,45.972307999982064],[-111.46325299980397,45.972161000234884],[-111.46338400022354,45.971795000073953],[-111.46345799984337,45.971409999940214],[-111.46356099977552,45.969645000211763],[-111.46375999996717,45.968986000172151],[-111.46384000033312,45.968024000144446],[-111.46384199998293,45.967468000110181],[-111.46378599990643,45.966762000179642],[-111.46378400025661,45.965925000303706],[-111.46381500021877,45.965616000058262],[-111.46384299980785,45.965394999720637],[-111.46389899988435,45.964681999842604],[-111.46414499993163,45.963634999850207],[-111.46534900022885,45.960478000309323],[-111.46546100038184,45.959974000030648],[-111.46562000039049,45.959483999735809],[-111.46582399970667,45.958947000127651],[-111.46608099962462,45.958513000034962],[-111.46636199983202,45.957833999798957],[-111.46668200039747,45.95696699984866],[-111.46697100010248,45.95624200010456],[-111.46711400021761,45.955959000155303],[-111.46751900027357,45.955372000006641],[-111.46815799978293,45.955019000283251],[-111.46826300026322,45.954968999816863],[-111.46846800030265,45.954722000185974],[-111.46862200028843,45.9544690001661],[-111.46873000024347,45.954341000209787],[-111.46909199974341,45.953910999831038],[-111.46917999960695,45.953806999778642],[-111.46947099986009,45.9534600001017],[-111.46959499970863,45.953314000201949],[-111.46991600009902,45.952932999914061],[-111.47128500025265,45.951475000199956],[-111.47159999989692,45.951328000129514],[-111.47259599978167,45.950821999799494],[-111.47359199966643,45.950316999802972],[-111.47401299961591,45.950102999994549],[-111.47433800020421,45.95000000025334],[-111.47649400000523,45.949468999757357],[-111.47663200009751,45.949415000014803],[-111.4770899998569,45.949257999724161],[-111.47808200044201,45.948616999906676],[-111.47907099975575,45.948245999746618],[-111.47944599967445,45.948029000069411],[-111.47961899992683,45.947927000221227],[-111.4801510002044,45.94759700005114],[-111.4806459997737,45.947256000289045],[-111.48164099983354,45.946628000105157],[-111.48223300038558,45.94625300025595],[-111.48257999981689,45.945768000003596],[-111.48283300043519,45.945273000032799],[-111.48314700025456,45.944982999921002],[-111.4835809997245,45.944646999988059],[-111.48412700024578,45.944254999990967],[-111.48604200002235,45.942767999825037],[-111.48664399972181,45.942343000112139],[-111.48688599957114,45.942231000024563],[-111.48762700008608,45.941947999743405],[-111.48814500011993,45.941674999765397],[-111.48840600023586,45.941478999913222],[-111.48854000013014,45.94137199991831],[-111.48904499974522,45.941091999993517],[-111.48926400002833,45.941005999991532],[-111.49004300017809,45.940699999847148],[-111.49071799967248,45.940295000145959],[-111.49086099978761,45.940205999741096],[-111.49171000025758,45.939830000033709],[-111.49200900000831,45.939654999908484],[-111.49223199959107,45.939483999837968],[-111.49254899978348,45.939300999879791],[-111.49266500013444,45.939271000218156],[-111.49290899963358,45.939187000204718],[-111.49310199997745,45.939087000022788],[-111.49339700042854,45.93883900004279],[-111.49419099974861,45.938254000088868],[-111.494435999971,45.937975999769208],[-111.49455700034481,45.937743000068167],[-111.49462299956875,45.937515999887047],[-111.49487500036214,45.93667100016274],[-111.49514599962548,45.936161999721634],[-111.49543299968065,45.935850000278812],[-111.49560000008523,45.935565000094726],[-111.49551899989439,45.935022999966769],[-111.49543900042673,45.934766000296648],[-111.49542799965778,45.934429000052312],[-111.49568700012385,45.934150999924057],[-111.4960629998675,45.933970999987665],[-111.49638699973261,45.933917999770124],[-111.49685999956061,45.933674000189896],[-111.49768999976401,45.933162999823416],[-111.49837199982937,45.932797000066067],[-111.49846899991377,45.932715999813794],[-111.49867899997606,45.932565000123049],[-111.49893400024418,45.932428999834514],[-111.49905800009275,45.932383999757484],[-111.49937899958479,45.932359999909764],[-111.49969599977722,45.932421999755533],[-111.50009900018334,45.932692000109739],[-111.50014900041205,45.932713999890957],[-111.50077000037807,45.933036999933769],[-111.50098100026526,45.93306899975434],[-111.50130599995526,45.933110000083246],[-111.50180200024782,45.933099999914369],[-111.50255999958287,45.933045999846115],[-111.50278999973665,45.932992999994134],[-111.50342400012146,45.932846999915867],[-111.50405799960795,45.93270100007809],[-111.50456999979401,45.93258199982327],[-111.50508199998009,45.932464000216264],[-111.50530999958573,45.93245500020948],[-111.50577400009125,45.932301999870361],[-111.50643900043819,45.93172100022219],[-111.50760600002717,45.930762999849684],[-111.50772200037812,45.930018000165845],[-111.50754199955475,45.929037999763509],[-111.50668700013532,45.928489000252682],[-111.50631800006435,45.927938999946775],[-111.50583600001552,45.926817000233115],[-111.50584400041143,45.926751000094526],[-111.50585199990905,45.926679999838832],[-111.50586100012987,45.926609999876227],[-111.50586399960461,45.926581999741479],[-111.5058700003507,45.926533000252697],[-111.50591399983333,45.926455999897449],[-111.50593399992479,45.926421000098266],[-111.5059900000013,45.926323999932443],[-111.50633300013298,45.926094999711928],[-111.50677800037191,45.925901999716949],[-111.50697099981743,45.925883000299507],[-111.50726100024566,45.925854999797835],[-111.50802000030394,45.925876000019215],[-111.50864799994265,45.925949000221145],[-111.50898400040164,45.926131000109365],[-111.50922600025099,45.92646500025289],[-111.50994199975324,45.926786000310315],[-111.51030400015148,45.926932999850862],[-111.51048999992432,45.927008000040189],[-111.5108260003833,45.927143000125476],[-111.51132400032567,45.927444000132382],[-111.51137100018134,45.927582999997412],[-111.51138000040217,45.927686999888877],[-111.51138899972469,45.927791000210206],[-111.5115159999463,45.928318000114665],[-111.51165999988635,45.928598999909376],[-111.511818999895,45.928636000278814],[-111.51225800028615,45.928751999841651],[-111.51294200000135,45.928699000260025],[-111.51338300004231,45.928553000124943],[-111.51375600031122,45.928196000011894],[-111.51377300002964,45.927741000176198],[-111.51389699987821,45.92742200013533],[-111.51399099958955,45.92722500014186],[-111.51413299987978,45.927000000149796],[-111.51424300038295,45.926924000196216],[-111.51448299968413,45.926805999798866],[-111.51470100014234,45.926725999926845],[-111.51507600006106,45.926640000138789],[-111.51551499955389,45.92654100021042],[-111.51584299961695,45.926487000004634],[-111.51615399996159,45.926440999718423],[-111.51618900012167,45.926442000105432],[-111.51634899995526,45.926413000123226],[-111.5164729998038,45.926394000255989],[-111.51651600035981,45.926402999996576],[-111.51671300000331,45.926415000273323],[-111.51688799990549,45.926448999689427],[-111.51716999993781,45.926539999825252],[-111.51741400033528,45.926640999897344],[-111.51750600039679,45.926658000163584],[-111.51769499964435,45.92669200005566],[-111.51787200009468,45.926694999953227],[-111.51835300031863,45.926697000093164],[-111.51922000033193,45.926497000116136],[-111.51981899965834,45.926528000200406],[-111.52030699955495,45.926528000200406],[-111.52097500027494,45.926617999822859],[-111.52160700011163,45.926669999760307],[-111.52183499971727,45.926588000173226],[-111.52279799999005,45.926240000302421],[-111.52313699992376,45.926160000238944],[-111.52343900004755,45.926088000083226],[-111.52397299997494,45.92578299987106],[-111.5243999997722,45.925542999856823],[-111.52470500026904,45.925466999781676],[-111.52464400016967,45.925097000082495],[-111.52473500040628,45.924836000242479],[-111.52510199992906,45.924640000232841],[-111.52574200016166,45.924693999737123],[-111.52645900038715,45.924617999748563],[-111.52710000044466,45.924693999737123],[-111.52787799987119,45.92472699979016],[-111.52937500007137,45.924759999823564],[-111.52944799986631,45.924750999816432],[-111.53032099972739,45.924647999838697],[-111.53055400025421,45.924689999937634],[-111.53164499967519,45.924885999770616],[-111.53221499958761,45.924956999823017],[-111.5326849999409,45.924947999847788],[-111.53392299967496,45.924753999818975],[-111.53457899980108,45.92442699983566],[-111.53474000035787,45.924143999920446],[-111.5347219999162,45.923605000096337],[-111.53444099970881,45.922834000006219],[-111.53416700007243,45.922453000195503],[-111.53414600015604,45.922389000159228],[-111.53409699975225,45.922237999849408],[-111.53290800042195,45.921290999697021],[-111.53258600020666,45.920735000074302],[-111.5326230000166,45.920389999970851],[-111.53273500016961,45.919737000258344],[-111.53281299998741,45.919153999820004],[-111.53289900020113,45.918540999878701],[-111.53295399955439,45.918409999735808],[-111.53303100044559,45.918228000140239],[-111.53321200019556,45.918036000187698],[-111.53386400012371,45.917517000105832],[-111.53475700007633,45.916969000250091],[-111.53537700021744,45.916604999758711],[-111.53607000015347,45.916216000100214],[-111.53686000017389,45.916154000264171],[-111.5372779997503,45.916209999796536],[-111.53766600008785,45.916266999842826],[-111.53808100018954,45.916778000252215],[-111.53809799990798,45.916799000159784],[-111.53826699996236,45.917135000100345],[-111.53832800006172,45.917255000300322],[-111.53843500019187,45.917364999734843],[-111.53848200004754,45.917518000028807],[-111.53840199968158,45.918291000067782],[-111.53844900043556,45.918567999793382],[-111.53846899962873,45.918725000124844],[-111.53855599966737,45.918863999963911],[-111.53857999995682,45.918880000215275],[-111.5387830003464,45.919015999978392],[-111.53890999966968,45.91914000005999],[-111.53911100040946,45.91930800007124],[-111.53952499978793,45.91954099973222],[-111.53984700000322,45.919664999890443],[-111.54025500043223,45.919712999937765],[-111.54081600012377,45.919707999895728],[-111.5410570001482,45.919698999693907],[-111.54129800017262,45.919712999937765],[-111.54167899993914,45.919833000186905],[-111.54194000005504,45.919860999978539],[-111.54218100007945,45.919841999742047],[-111.54242100027898,45.919760999943563],[-111.54254199975448,45.919669999936346],[-111.54274299959594,45.91953700018616],[-111.54288300023632,45.919432000125283],[-111.54302299997842,45.919292999834276],[-111.54315699987272,45.919145000153264],[-111.54329099976702,45.918968999849817],[-111.54341799998862,45.918744000118885],[-111.54349800035456,45.918563000273103],[-111.54355799973071,45.918400999948403],[-111.54365900001306,45.91823799986571],[-111.54372199976225,45.918064000261232],[-111.54377000034114,45.917921999921063],[-111.5438029999531,45.917727999696403],[-111.54385099963369,45.917335000081117],[-111.54367900010453,45.916961000161919],[-111.54348499993579,45.916538000029576],[-111.54342999968421,45.916474999986619],[-111.54335600006435,45.916388999931598],[-111.54327300022368,45.9161060002629],[-111.54319000038302,45.915882000124668],[-111.54304600044296,45.915598999745313],[-111.54281999958881,45.915167000168353],[-111.54276000021268,45.915054000224686],[-111.54268499986962,45.914824999732787],[-111.54269499991537,45.914073999834429],[-111.54275400036491,45.913509999807246],[-111.54281299991614,45.913186999806854],[-111.54289599975682,45.912986999876239],[-111.54298799981832,45.912828000170251],[-111.54320200007857,45.912619000095738],[-111.54348999995864,45.912484000293134],[-111.54371900028752,45.912420000008062],[-111.54388999999173,45.912371999902057],[-111.54400399979455,45.912310000146441],[-111.54415699995543,45.912225999923493],[-111.5443670000177,45.911999999704413],[-111.54447199959971,45.911753999907788],[-111.54454399956973,45.911484000141108],[-111.54480200021089,45.911007999904555],[-111.54484099967064,45.910955000246688],[-111.5449219998615,45.91084299989523],[-111.54497000044039,45.910777000129173],[-111.54534600018403,45.910589000213896],[-111.5467529999725,45.910156999764418],[-111.54711399964752,45.910062000029114],[-111.54752899974923,45.909953999987813],[-111.54767600006231,45.909915000164304],[-111.54804000011039,45.90980300021436],[-111.5485129999384,45.909792000156841],[-111.54872300000068,45.909842000116569],[-111.54950499962517,45.910160999986523],[-111.54991999972687,45.91028800001429],[-111.55046399970001,45.910491999868931],[-111.55090200026622,45.910665000043572],[-111.55118299957532,45.910772999951426],[-111.55178799964781,45.910941000293242],[-111.55212400010679,45.911088999979619],[-111.55231499990249,45.911227000159343],[-111.55250499987331,45.911455999872572],[-111.5526250004222,45.912067999933498],[-111.55272599980624,45.912357000290136],[-111.55279299975339,45.912483000279458],[-111.55297299967845,45.91259999987949],[-111.55317199987006,45.912672000039613],[-111.55338399958217,45.912708999781749],[-111.55359299981954,45.912760000247346],[-111.55394199979902,45.912931000216517],[-111.55415799970906,45.913028000048882],[-111.55451599990937,45.913049000125575],[-111.55511099993612,45.91303800008636],[-111.55531799962536,45.913022000025514],[-111.55615000037687,45.912881999920998],[-111.55641499979244,45.912885999946745],[-111.55667799955816,45.912913000112979],[-111.5568909999935,45.912942000276892],[-111.55698499970485,45.912968999790863],[-111.55724099979788,45.913056000149361],[-111.5576299999603,45.91324899983276],[-111.55788799970317,45.913506999821664],[-111.55799300018346,45.913651000195131],[-111.55806500015349,45.913755999945423],[-111.5581560003901,45.913946999719926],[-111.55839400004145,45.914379000044221],[-111.5584330003995,45.914451999749488],[-111.55856899994365,45.914553999930334],[-111.55870399966284,45.914659999821552],[-111.55903900029693,45.914828000272067],[-111.55943099993407,45.914842999841177],[-111.55974200027869,45.914811000130548],[-111.56036900009251,45.914753999838695],[-111.56051899988033,45.914727999916337],[-111.56071200022417,45.914695000165672],[-111.56136400015234,45.914417999855893],[-111.56181199986599,45.914200000300511],[-111.5621419995789,45.914051000174808],[-111.56265100029022,45.913878999918118],[-111.56337699983821,45.913483999927067],[-111.56366800009137,45.913246999833007],[-111.56396799966701,45.912911000101111],[-111.56434199976083,45.912320999704932],[-111.56462600034126,45.911769999709207],[-111.56483100038069,45.911540000010874],[-111.56522399984277,45.911311000019197],[-111.56567699957928,45.910983000142991],[-111.56572299961005,45.910914999834624],[-111.56584300015895,45.910739000304034],[-111.56627199960604,45.910107000088452],[-111.56649699973696,45.909827999882374],[-111.56656399968411,45.909757999908514],[-111.56681300010443,45.909615000125129],[-111.56707400022033,45.909524999797192],[-111.56751699991113,45.909413999754278],[-111.56823900015949,45.909291999957837],[-111.56863800036766,45.909269000191635],[-111.56879700037632,45.909284000013059],[-111.56899200036999,45.909326999937122],[-111.56941800034234,45.909462999986431],[-111.56970500039752,45.90953499984083],[-111.57060800039585,45.90959600013057],[-111.57135999988313,45.909663000115387],[-111.57182199984047,45.909766999847605],[-111.5721049996977,45.909846999797509],[-111.57291800018264,45.910006999976439],[-111.57348399989708,45.910125999908125],[-111.57384899977006,45.910194999987986],[-111.5741540002669,45.910169999860273],[-111.57445200019274,45.910115999970962],[-111.57474799957043,45.909951999869321],[-111.57496299965558,45.909707999873163],[-111.57504600039459,45.909467000258594],[-111.57505300006729,45.908991000225122],[-111.57523999966503,45.90870600016985],[-111.57555699985744,45.908318000236008],[-111.57592699975328,45.907998999774797],[-111.57636699996935,45.907734999838773],[-111.57677399967513,45.907594000047538],[-111.57728900023425,45.90746600000228],[-111.57792199989582,45.907333999861301],[-111.57864800034214,45.90723300027075],[-111.5816309999735,45.907198000221229],[-111.58269800000338,45.907185000054326],[-111.58292800015714,45.907149999974536],[-111.58307899976987,45.907123000130078],[-111.58386799996538,45.906940000282461],[-111.58422100014279,45.906912999710777],[-111.58458600001579,45.906861000008114],[-111.5863479996315,45.906840000090348],[-111.58735899958485,45.906802000070115],[-111.58761899987587,45.906723999716831],[-111.58769599986874,45.906681999769695],[-111.58793500024336,45.906432000289975],[-111.58806599976461,45.906208999986518],[-111.58824099966679,45.90598800029877],[-111.58837299991127,45.905808999745581],[-111.58856500043022,45.905600000118788],[-111.58885400013521,45.905334999882335],[-111.58912100009888,45.905134000265228],[-111.59017499970997,45.904538000020672],[-111.59045500009243,45.904265999834131],[-111.59083900023199,45.903894999860327],[-111.59089799978324,45.903838000234344],[-111.59102900020281,45.903681000292984],[-111.5915990001152,45.902130999845426],[-111.59170600024532,45.901889999840542],[-111.59198499990458,45.901398000185665],[-111.59236900004414,45.900679999871507],[-111.59251200015926,45.900495000205119],[-111.59256099966476,45.900430000243553],[-111.592634000358,45.900335999722159],[-111.59311600040684,45.899857000060365],[-111.59315300021677,45.899816999777649],[-111.59348899977745,45.899447999952372],[-111.5940419999714,45.898935000130983],[-111.59476599986958,45.898294000008107],[-111.59544200008719,45.897696000168771],[-111.59636299962887,45.896951999998912],[-111.59679299979918,45.896596999713175],[-111.59708499987721,45.89635400008644],[-111.59731300038116,45.896242000283848],[-111.5975900003906,45.896160000117689],[-111.59786200037718,45.89612600027251],[-111.59809800037871,45.896097000075471],[-111.5984280000916,45.89588499983531],[-111.59917200008127,45.895314999983071],[-111.59929000008204,45.895121999836981],[-111.59946800035728,45.89496899969803],[-111.59971699987929,45.894774000184896],[-111.59978899984932,45.894712999863181],[-111.60022400004252,45.894237999954413],[-111.60046099986899,45.893902000195453],[-111.60091500032873,45.893378999953356],[-111.601081999835,45.893221999822075],[-111.60121300025455,45.893071000177066],[-111.60135899984441,45.892941000302926],[-111.60152200005105,45.892794999860207],[-111.60227899956119,45.892301000140932],[-111.6026259998908,45.89208899978977],[-111.60285500021968,45.891962000017628],[-111.60334099956818,45.891766000188206],[-111.60393899996797,45.891466000232647],[-111.60518500009798,45.890856000181763],[-111.60582500033057,45.890600999927535],[-111.60642399965695,45.890324999840999],[-111.60675400026817,45.890134000067853],[-111.60716599999681,45.88992099977856],[-111.60786099958267,45.889396999758922],[-111.60827900005744,45.88898100020868],[-111.60833799960865,45.888941000220029],[-111.60834799965438,45.888911000209625],[-111.60852199973168,45.888662999753059],[-111.60882600040358,45.88804399984879],[-111.6088349997261,45.888021000033589],[-111.60893400035863,45.887777999773],[-111.60897899966616,45.88766600018279],[-111.60908900016933,45.887130000133958],[-111.6093279996456,45.886670000079164],[-111.60956500037041,45.886059000017212],[-111.60980100037193,45.885386000302098],[-111.60985499990029,45.885229000087662],[-111.60990099993106,45.885089999806297],[-111.60991599999967,45.885004999782296],[-111.60993899956588,45.884829000025363],[-111.60995100015977,45.884680999741285],[-111.60993400044133,45.883818999791465],[-111.60988500003754,45.883171000244502],[-111.60997799992397,45.882761999808842],[-111.61016899971965,45.882405000257783],[-111.61040800009424,45.882012999996647],[-111.61070600002009,45.881609000138852],[-111.61078800003587,45.881493000206504],[-111.61091199988441,45.881329999924553],[-111.61136600034418,45.880546000227845],[-111.61163900015565,45.879501000302767],[-111.61165599987409,45.879368999967419],[-111.61175799998134,45.878573000128995],[-111.61173799988985,45.878076000228198],[-111.61172799984409,45.877835000267694],[-111.6117410002629,45.87754100022655],[-111.61178999976839,45.877012000240654],[-111.61182199955545,45.876760999727054],[-111.61195700017298,45.876416000223259],[-111.61224400022816,45.875681000011532],[-111.61239700038902,45.875289999901106],[-111.6124889995522,45.875121999878829],[-111.61265900032984,45.874827999868629],[-111.61290600020205,45.874515000062978],[-111.61313100033294,45.874359999924174],[-111.61347600011443,45.874200000215197],[-111.61366699991017,45.874112000178869],[-111.61394899994245,45.873866000119953],[-111.61407699998897,45.873684000204335],[-111.61419599981465,45.873522999709991],[-111.61437200044006,45.873417000077808],[-111.6150720000488,45.87318899992416],[-111.61523699990525,45.873152000112746],[-111.61551200026487,45.873094000105262],[-111.61611099959126,45.872882999729185],[-111.6177180002946,45.87213100024757],[-111.61782100022677,45.872081000102611],[-111.61799299975588,45.872000000034966],[-111.61854599994984,45.871763999975684],[-111.61932000007675,45.871430999753727],[-111.61967999992686,45.871241000198239],[-111.62015199992997,45.871034000206521],[-111.62064800022252,45.870760000131781],[-111.62095799984391,45.870540000235458],[-111.62104599970746,45.870476999905726],[-111.62148300044878,45.870123000061],[-111.62186599986509,45.86981100018383],[-111.622203000149,45.86944099973951],[-111.62252199999124,45.869157000134969],[-111.62284000000855,45.868836000147631],[-111.62296200020728,45.868631000311993],[-111.62304300039813,45.868491999788922],[-111.62306500013945,45.868316999824088],[-111.62303800037526,45.8680619999434],[-111.62295999965914,45.867792999944477],[-111.62295399981136,45.867772999832077],[-111.62293700009292,45.867718999993137],[-111.62289899955978,45.867586000247172],[-111.62286199974984,45.867459999700486],[-111.62270100009137,45.867230999926697],[-111.62266199973331,45.866968000281773],[-111.62269900044156,45.866803000130972],[-111.62272000035793,45.86671299984225],[-111.62278099955901,45.866610999964443],[-111.62284099983346,45.866530000056912],[-111.62308799970566,45.866361000232857],[-111.62339499985231,45.866140999814171],[-111.62392299993193,45.865922000002726],[-111.62395800009203,45.865907999954018],[-111.62437099964559,45.865745000244438],[-111.62489500042554,45.865537000193413],[-111.62520800041999,45.865319000116635],[-111.62553800013286,45.864707000210501],[-111.62567000037735,45.864460999809474],[-111.62584199990647,45.863967999858623],[-111.62547399966044,45.863592000195602],[-111.62531600037502,45.863179000297002],[-111.62533899994123,45.863109999969417],[-111.62547299983555,45.862701999790502],[-111.62541000008633,45.862336000108996],[-111.62554700035371,45.862152000008514],[-111.62573599960128,45.861771999994986],[-111.62614900005315,45.861468000116005],[-111.6264700004435,45.861296000238411],[-111.62679599995845,45.861231000069758],[-111.62690800011143,45.861221000085195],[-111.6271459997628,45.861231000069758],[-111.62767999969017,45.861312999875381],[-111.62795300039998,45.86136400000629],[-111.62812999995198,45.861423999732409],[-111.62820500029505,45.861456999866974],[-111.62826600039442,45.861503999892129],[-111.62834099983918,45.861611999706142],[-111.62836099993068,45.861717999956809],[-111.6282789999149,45.86187900024008],[-111.62829499980842,45.862040000057128],[-111.62838199984706,45.862202999995347],[-111.62838100002215,45.862219999980589],[-111.62858600006157,45.862451999995422],[-111.62960799988558,45.862916000248539],[-111.6299900003753,45.863043000113294],[-111.63032099991311,45.863115999756523],[-111.63066900006766,45.863172000240503],[-111.6309899995597,45.863183999800633],[-111.63125900007154,45.863242000140559],[-111.63182700033411,45.863249999837578],[-111.632369999584,45.863256999884257],[-111.63259300006509,45.863120999891393],[-111.63270600004299,45.863111999898486],[-111.63320800018332,45.862972999962665],[-111.63370299975263,45.862754999840369],[-111.63403500001367,45.862649999975773],[-111.63571600033686,45.862522000176455],[-111.63596700040702,45.8624209997798],[-111.63611299999687,45.862291000120301],[-111.63618300031706,45.862121000251193],[-111.63613399991327,45.862043999992281],[-111.63623400037071,45.862009000237407],[-111.63632800008202,45.86193900003601],[-111.63640800044797,45.86187799994056],[-111.63648600026578,45.861818000078799],[-111.63685600016163,45.861540000270494],[-111.63698199966001,45.861395999868279],[-111.63702199984297,45.861278999970637],[-111.63711700027754,45.861000000279859],[-111.63708799996522,45.860887999884596],[-111.63702100001807,45.860630999688802],[-111.63679000003938,45.860040000206091],[-111.63679900026023,45.859502999811433],[-111.63682000017661,45.858983000210287],[-111.6368269998493,45.858795000105602],[-111.63739799958661,45.857193000169829],[-111.63794300028297,45.856465999800179],[-111.63811800018514,45.856207000259509],[-111.63913699963614,45.855258000244142],[-111.63957000017949,45.854793000097423],[-111.6397819998916,45.854528000185098],[-111.64006599957372,45.854043999959217],[-111.64015799963522,45.85383100020946],[-111.64018799977244,45.853762000168452],[-111.64022700013051,45.853626999922163],[-111.64025600044282,45.853531999830537],[-111.64025200024489,45.853403999687487],[-111.64018699994753,45.853172999915628],[-111.64015400033557,45.853095999778454],[-111.64015400033557,45.852978999934706],[-111.64015299961235,45.852928000246692],[-111.64014699976458,45.852600000264303],[-111.63997699988526,45.852526000111524],[-111.63971699959426,45.852412999696625],[-111.63955799958559,45.85232900021397],[-111.6391569997276,45.852117999851451],[-111.63861500030264,45.851729999986667],[-111.63836500005736,45.851471000287908],[-111.6379869997656,45.851080000059518],[-111.63779000012208,45.85085099976471],[-111.63762899956529,45.850656999818305],[-111.63749300002119,45.850428000284737],[-111.63741799967811,45.850250000121697],[-111.63732499979169,45.849562999922469],[-111.63733099963946,45.849002000113948],[-111.63735300027909,45.84877200011411],[-111.63736499997466,45.848719999786439],[-111.63752499980822,45.848466999953388],[-111.63797400024511,45.848035999855732],[-111.63804200001718,45.847919000004943],[-111.63889899998475,45.847543999995949],[-111.63980899965576,45.847469000066241],[-111.64019600016837,45.847580000026426],[-111.64139799991744,45.847926000104543],[-111.64256500040472,45.848505999755346],[-111.64371899957492,45.849080000191755],[-111.64377200017668,45.84912299980283],[-111.64401200037616,45.849297000217831],[-111.64425199967738,45.849471000088577],[-111.64468600004565,45.849789000215111],[-111.64489000026015,45.849938999974299],[-111.64503000000224,45.850042000292177],[-111.6450700001852,45.85006100001408],[-111.64505900031455,45.850111999828279],[-111.64502699962918,45.850268999772602],[-111.64517599959211,45.850524999803369],[-111.64556399992961,45.850854000006933],[-111.64595200026714,45.851132999925071],[-111.64630700009437,45.851244999947042],[-111.64682000010536,45.851372000190693],[-111.64687199998389,45.851372000190693],[-111.64704600006117,45.851403000309588],[-111.64808899980159,45.851411999695024],[-111.64847200011623,45.851463000147561],[-111.64940600007668,45.851290999980087],[-111.64967499969021,45.8512419997259],[-111.65006600040076,45.851089999990748],[-111.65046700025876,45.850932999861143],[-111.65068499981864,45.850780000033772],[-111.65081399969009,45.85055800014932],[-111.65093000004104,45.850289999807238],[-111.65101399970662,45.850126000100381],[-111.65111900018692,45.849992000301398],[-111.65143300000628,45.849471999985568],[-111.65148300023499,45.848882000069452],[-111.65142399978546,45.848773000023677],[-111.65152500006778,45.848089000118975],[-111.65159100019002,45.847746000213142],[-111.65165300011431,45.847429000229212],[-111.6521319997901,45.846416999914723],[-111.65223300007246,45.846033000163558],[-111.65259200009764,45.845555000279958],[-111.65280800000772,45.845375000225374],[-111.65306199955262,45.845211999767265],[-111.65332400039175,45.845074000115567],[-111.65341300008019,45.845029999900746],[-111.65345699956283,45.845009999734664],[-111.65381099956517,45.844849000044626],[-111.65401700032778,45.844755999941405],[-111.65450500022442,45.844408000194356],[-111.654877999595,45.844196999819921],[-111.65517800006897,45.843911000176135],[-111.65532600020697,45.843686999782861],[-111.65562599978263,45.843410000074691],[-111.65598399998292,45.842943999728824],[-111.65597899996006,45.842655999862501],[-111.6559820003331,45.84249600026601],[-111.65596600043956,45.842451999889555],[-111.65588500024872,45.842478999882893],[-111.6558140001036,45.842486000041298],[-111.65576600042304,45.842476999837523],[-111.65567799966118,45.842393999766792],[-111.6556230003079,45.842294999784471],[-111.65550199993406,45.841706000128895],[-111.65539900000192,45.841346000187755],[-111.65526900030557,45.841053999991722],[-111.65508000015969,45.840662999757612],[-111.65499099957292,45.840493000104779],[-111.6549620001589,45.840415999936546],[-111.65486599989944,45.840124999931248],[-111.65483599976221,45.839924999714022],[-111.65483400011239,45.839631000048335],[-111.65481599967073,45.839594999880369],[-111.65475200009662,45.839324999755455],[-111.65465300036243,45.839164999967181],[-111.65471899958635,45.838455999714462],[-111.65510899957368,45.837038999764822],[-111.65519999981029,45.836935000282118],[-111.65513799988599,45.836842000092638],[-111.6552290001226,45.836393999687282],[-111.65535799999404,45.836015999806023],[-111.65550000028426,45.835636999714929],[-111.65553799991908,45.835563000152298],[-111.65577800011859,45.835186999940831],[-111.65632899976441,45.834561999850827],[-111.65651000041271,45.834436999741584],[-111.65672299994972,45.834317000198695],[-111.65695300010348,45.834305000042406],[-111.65723400031089,45.834355999906393],[-111.6574190002588,45.834372000099542],[-111.65776499986521,45.834263999958324],[-111.65808999955522,45.834068000024452],[-111.65905600020106,45.833809000081281],[-111.6595290000291,45.83364099987967],[-111.65968999968754,45.833588999803887],[-111.6598679999628,45.833539000046251],[-111.65993800028301,45.833526000164504],[-111.65999500018438,45.833512000095872],[-111.66005700010867,45.833499999766005],[-111.6601990003989,45.833472999796719],[-111.66042199998164,45.833445000255182],[-111.66082200001473,45.833438999770401],[-111.66103100025211,45.833435999840709],[-111.66114400023002,45.833434000096133],[-111.66140299979779,45.833455999786153],[-111.66163899979934,45.833489000243738],[-111.66249800031504,45.83367000012948],[-111.66252599990415,45.833675999963496],[-111.66286900003581,45.833698000183709],[-111.66315699991591,45.833716000300562],[-111.663853000225,45.833585999882239],[-111.66425400008301,45.833451000113421],[-111.66430199976358,45.833435000281384],[-111.66440899989368,45.833381999826941],[-111.66456600025253,45.833304000270907],[-111.66495700006477,45.833080999926004],[-111.66505099977611,45.83302300004916],[-111.66513399961678,45.832927999818125],[-111.66515700008132,45.832818000237431],[-111.66508299956315,45.832716000147457],[-111.66432100003016,45.832040999994859],[-111.66417500044027,45.831945999965299],[-111.66378499955462,45.831687000161274],[-111.66266200034659,45.830972000270251],[-111.66225100044284,45.83068500001103],[-111.66194400029617,45.830409000282849],[-111.66172800038613,45.830170000086092],[-111.6615309998443,45.82988999993821],[-111.66134500007148,45.829620000294639],[-111.66122100022291,45.829382000097716],[-111.66118100003995,45.82909299987648],[-111.66118500023789,45.828647999872217],[-111.66125399983487,45.828260999958275],[-111.66151800032382,45.827833999703344],[-111.66214199976459,45.827150999928321],[-111.66231800038999,45.827003000046396],[-111.66247900004848,45.826869000262199],[-111.66286599966277,45.826670999962587],[-111.66330800042695,45.826537000005167],[-111.66339999959015,45.826527999725492],[-111.66365999988115,45.826501999813651],[-111.66410400029515,45.826535999695956],[-111.66488400026984,45.826710000020405],[-111.66523700044726,45.826758999974032],[-111.66568599998583,45.826706000047835],[-111.66618599957802,45.826566999883504],[-111.66641200043216,45.826429000309254],[-111.66662800034221,45.826215999981841],[-111.66673299992421,45.825901000031557],[-111.66677800013004,45.825578000069797],[-111.66693299994076,45.825304999799641],[-111.66714999967573,45.825150999891314],[-111.66749199998249,45.824988000280293],[-111.66790000041148,45.824832000067339],[-111.66832300001079,45.824702000181922],[-111.6687110003483,45.824529999905543],[-111.67011200028902,45.824132999764586],[-111.67027299994749,45.824086999811215],[-111.67076199966903,45.823910000234939],[-111.67203999958608,45.823525000033811],[-111.67258600010733,45.823367999737094],[-111.67277600007812,45.823333000057211],[-111.67319100017983,45.823257000300899],[-111.67357899961904,45.823124999752679],[-111.67393000014664,45.822978000182339],[-111.67424499979091,45.822761000166885],[-111.6743009998674,45.822787999698484],[-111.6746609997175,45.822554999738905],[-111.67484300019071,45.822440000280665],[-111.67498799995565,45.822376000158116],[-111.67521800010942,45.822275000098742],[-111.67587500006046,45.822049000095518],[-111.67635999958402,45.821935999749869],[-111.67702800030403,45.821872000300019],[-111.67737999975822,45.821929999902409],[-111.6776380003994,45.821996000067237],[-111.67796599956415,45.822078999888362],[-111.67846500022975,45.822178000154352],[-111.67884199979829,45.822176000005236],[-111.67920599984636,45.822139999813807],[-111.68027200005132,45.821840000234509],[-111.68047899974054,45.821754999892846],[-111.68055599973343,45.821724000155783],[-111.68083399956778,45.821582000129773],[-111.68107600031543,45.821216000288693],[-111.68134400010403,45.820895000259078],[-111.68151999983114,45.82068700023661],[-111.68184700006928,45.819987000051562],[-111.68190599962051,45.819392999985901],[-111.68192300023726,45.819232999862955],[-111.68174900016,45.818889000045182],[-111.68174199958898,45.818805000028867],[-111.68169999975618,45.818556999778082],[-111.68168700023571,45.818475000169123],[-111.68172800024361,45.818424999981808],[-111.68185399974197,45.81827700006577],[-111.68189599957476,45.818228000159174],[-111.68208300007085,45.818009999949865],[-111.6823349999659,45.817719999698355],[-111.68268800014332,45.817400999868561],[-111.68290200040357,45.817209000059535],[-111.68325200020796,45.816889999806655],[-111.68430400016919,45.815934999726259],[-111.68454299964547,45.815720000189913],[-111.68469499998143,45.815712999795004],[-111.68485900001298,45.815706000025308],[-111.68512099995378,45.815695000117145],[-111.68535299975738,45.815685000084905],[-111.68551799961381,45.815678000311699],[-111.68585300024789,45.815663000258063],[-111.68677299996465,45.815586000169631],[-111.68829699992901,45.815460000136774],[-111.68939499992101,45.814927000302561],[-111.69017499989567,45.814255000150638],[-111.69022099992644,45.814216000133236],[-111.69065899959433,45.813099999766443],[-111.69079000001391,45.812778999907472],[-111.69109499961243,45.812034999856117],[-111.69109499961243,45.811800000084617],[-111.69109499961243,45.811604999894456],[-111.69115999990977,45.811469000083378],[-111.69119400024495,45.811392999786484],[-111.69124399957535,45.81128600009901],[-111.69127200006275,45.81115699985132],[-111.6912899996061,45.81107599995083],[-111.69129600035221,45.811011999915195],[-111.69131600044368,45.810822999889517],[-111.69132300011637,45.810760000155895],[-111.69132099956823,45.810628000035628],[-111.69132099956823,45.810527999926009],[-111.69131899991844,45.810295000007237],[-111.69131800009352,45.810234000254454],[-111.69131800009352,45.810198999832394],[-111.69131800009352,45.810103000118254],[-111.69137599981983,45.809731000054533],[-111.69141199980484,45.809319999695809],[-111.69148399977487,45.808875000059452],[-111.69155900011792,45.808421999931376],[-111.69201500022751,45.807679999956562],[-111.6924930000784,45.807177999892311],[-111.69382600024703,45.806435000209696],[-111.69397699985976,45.806363000114054],[-111.69496699989674,45.805900000311176],[-111.69497500029266,45.805753999783519],[-111.69498699998822,45.805486999741788],[-111.69517299976107,45.805432000106649],[-111.69575100006938,45.804815000284592],[-111.69576600013799,45.804689000305807],[-111.69619200011034,45.804455999758318],[-111.69646300027199,45.804130999836978],[-111.69667199961106,45.803878000167678],[-111.69672400038789,45.803817000275998],[-111.69692500022934,45.803381000152577],[-111.69688099984842,45.802960000095929],[-111.69684800023647,45.802634000102231],[-111.69687599982555,45.802553999819978],[-111.69697100026011,45.802330000172027],[-111.6973579998744,45.801424000001219],[-111.69748799957074,45.801123000149865],[-111.697737999816,45.80053500017673],[-111.70084900039221,45.798602999876984],[-111.70153099955925,45.798268999794331],[-111.70301900043692,45.796617000252013],[-111.7046589998539,45.795979000029646],[-111.70546700031598,45.795737999998487],[-111.70807900022658,45.795422999867654],[-111.7090600000427,45.795367000075537],[-111.70951100012941,45.795363999973226],[-111.70952799984785,45.795386999918279],[-111.71001900011755,45.795376999997785],[-111.71015899985963,45.79537099979413],[-111.71018499979888,45.795345999982409],[-111.71027100001261,45.795336000054562],[-111.71028699990615,45.795321000159433],[-111.71028699990615,45.795280999793064],[-111.71030299979967,45.79525400007762],[-111.71032799991403,45.795247999860671],[-111.71046000015851,45.795247999860671],[-111.71074600038877,45.795273999960912],[-111.71113700020102,45.795417999910889],[-111.7123120001859,45.795341000018688],[-111.71384100017313,45.795242999888195],[-111.71452999991122,45.795140999850517],[-111.71576900036852,45.794978999701748],[-111.71673900031399,45.794886999817372],[-111.71706499982891,45.794831000112964],[-111.71805700041403,45.794661999780246],[-111.71863099962606,45.794529000088282],[-111.71875299982479,45.79450000011802],[-111.71912100007083,45.794413999750262],[-111.71924400009448,45.794385999980612],[-111.71944099973797,45.79435100024876],[-111.7200349999398,45.7942480001945],[-111.72005599985619,45.794245000031992],[-111.72023499995636,45.79422799994299],[-111.72048199982854,45.79423699980655],[-111.72115600039635,45.794262000115779],[-111.72122599981822,45.794272000236305],[-111.72147199986551,45.794307000017774],[-111.72173399980633,45.794281000092766],[-111.72208299978578,45.794246999931566],[-111.72251799997899,45.794169000036085],[-111.72260900021557,45.794153000188572],[-111.72277700044506,45.79411399987552],[-111.72288299985198,45.794073999895481],[-111.72320099986928,45.79395599969309],[-111.72330799999939,45.793916999868529],[-111.72350800001593,45.793900999948669],[-111.72364000026042,45.79388100019893],[-111.72451700031948,45.793751000085066],[-111.72463199994721,45.793735999763321],[-111.72477199968928,45.793719000145387],[-111.72496000001027,45.793671999848421],[-111.72533999995186,45.793579000036857],[-111.72576799957403,45.793475999808486],[-111.72638699989022,45.793448999844841],[-111.72650200041627,45.793448999844841],[-111.72662299989179,45.793448999844841],[-111.72689300022851,45.793468999749557],[-111.72699199996272,45.793468000099004],[-111.72719199997925,45.79368700018739],[-111.72725899992639,45.793761000297287],[-111.72729699956126,45.793802999791176],[-111.72735600001079,45.793867999825387],[-111.7274129999122,45.793932000141552],[-111.72745200027026,45.793974999774406],[-111.72774599999812,45.794300999698898],[-111.72862800008006,45.795280999793064],[-111.72872900036239,45.795393000120214],[-111.72889900024171,45.795628000214784],[-111.72899299995304,45.795755000253152],[-111.72927499998534,45.796137999716045],[-111.72933199988675,45.796214000158294],[-111.72933799973455,45.796278000285454],[-111.72987099983699,45.796820000157417],[-111.73014199999868,45.796998000252678],[-111.73043099970366,45.797189000007535],[-111.73097399985188,45.797461000135137],[-111.73178700033685,45.79768300016709],[-111.73214200016407,45.797824999757552],[-111.73244400028788,45.797799000221275],[-111.73321599986663,45.797824999757552],[-111.733573000242,45.797837000262113],[-111.73416300024589,45.797768999874066],[-111.73427100020092,45.797689000121814],[-111.73431399985863,45.797686999719453],[-111.73437599978288,45.797684999943286],[-111.73444299973004,45.797681999965768],[-111.73448700011097,45.797680999764474],[-111.73491800010621,45.797665999874297],[-111.73556400018659,45.797677999786792],[-111.73731400010674,45.797711999733558],[-111.73827300018155,45.797770000073783],[-111.73878100016967,45.797896000043366],[-111.73965099965773,45.798112000312628],[-111.73982899993297,45.798151999899432],[-111.74001300005597,45.798206000266845],[-111.74016899969159,45.798248000168527],[-111.74047400018843,45.798331999876893],[-111.74113799981215,45.798673000240584],[-111.74145400017964,45.798835999851718],[-111.74155999958653,45.798881999997661],[-111.74187799960386,45.799023000113138],[-111.74198399990908,45.79907000028112],[-111.74203699961251,45.799090000047379],[-111.74211899962829,45.799120999858829],[-111.74219899999423,45.799151000104423],[-111.7422530004209,45.799172000016213],[-111.74250799979072,45.799295000056269],[-111.74265000008093,45.799365999721587],[-111.74274399979227,45.799436999922719],[-111.74282800035617,45.799524999764195],[-111.74319400005405,45.7999249998539],[-111.74355899992703,45.800324000049571],[-111.74387600011944,45.800607000289588],[-111.74438400010757,45.800972000169537],[-111.74523100002939,45.801468000248967],[-111.74546200000808,45.801593999997607],[-111.74623100011209,45.801928999688009],[-111.74644500037233,45.802023000091708],[-111.74736300043928,45.802398000003755],[-111.74821200001094,45.802708000229742],[-111.74988400011328,45.803155999969185],[-111.75045499985059,45.803375000184545],[-111.75088400019598,45.80354300029807],[-111.75133899958234,45.803580000083514],[-111.75165699959966,45.803575999701685],[-111.75179999971479,45.803575000232421],[-111.75211100005941,45.803588000220053],[-111.75222400003732,45.803735000254768],[-111.75275600031487,45.803885000171498],[-111.7529400004379,45.803885000171498],[-111.75425299961674,45.803888999904913],[-111.75513300004884,45.804078000288534],[-111.75585500029719,45.80423299970046],[-111.75589999960471,45.80423299970046],[-111.75603500022224,45.804235999951445],[-111.75608100025302,45.80423700003508],[-111.75613099958339,45.804198999975441],[-111.75628299991936,45.804085999727363],[-111.75633399997298,45.804049000277928],[-111.75659199971587,45.803992000299495],[-111.75701299966533,45.803894999817636],[-111.75890099967775,45.803545999959979],[-111.75905200018882,45.803470000124562],[-111.75967599962956,45.803160999857887],[-111.76073400033691,45.802636999813124],[-111.76083700026906,45.802519999696528],[-111.76147999997639,45.801796999932726],[-111.76229099991322,45.801021000228722],[-111.76380999985467,45.799921999997025],[-111.76385500006053,45.799908999780214],[-111.76514700022129,45.799565000215537],[-111.7660920000524,45.799311000306318],[-111.76739099988583,45.7992310002628],[-111.76828499966334,45.799142999956999],[-111.76941600016563,45.799023000113138],[-111.77079199999197,45.798929000284581],[-111.7718079999682,45.798807000243933],[-111.77203300009909,45.798687999859681],[-111.77213100000839,45.798724999737992],[-111.7727159999894,45.798660999916073],[-111.772767000043,45.798612999844828],[-111.77284700040894,45.798687999859681],[-111.77363099968326,45.798650999956841],[-111.77460200035198,45.798341999893367],[-111.77623500009628,45.797532000258485],[-111.7773280000654,45.797179999994441],[-111.77742500014976,45.796960000265997],[-111.77769100028856,45.796843999717872],[-111.77783400040367,45.796782000049369],[-111.77833999984367,45.796605000111043],[-111.77878799955731,45.796447999698785],[-111.77974099978438,45.795654999749082],[-111.78062600023935,45.795252000214141],[-111.78193500011854,45.794668000060298],[-111.78270599987238,45.794320000288941],[-111.78291799958448,45.794222999878997],[-111.78323599960181,45.794080000238793],[-111.78355399961912,45.793935999963132],[-111.78376700005447,45.79384100005165],[-111.78383400000162,45.793811000078925],[-111.78449299960245,45.79349899990639],[-111.78526000005667,45.793137000151077],[-111.78646500017879,45.792861999976502],[-111.78677899999813,45.792778000165079],[-111.78755499977485,45.792571999689024],[-111.78767100012581,45.792540999992319],[-111.78773999972279,45.792537000070624],[-111.78821000007606,45.792512000240258],[-111.78830200013758,45.792544999913737],[-111.78848100023772,45.792610999828455],[-111.78888999959329,45.792761000254984],[-111.78941799967292,45.793190999741249],[-111.78997599988975,45.79348099993949],[-111.79036400022726,45.79368299972159],[-111.79156799962615,45.794363999883274],[-111.79219100014031,45.794720999791565],[-111.79355100007312,45.795109999703868],[-111.79376899963302,45.794988999693622],[-111.79493699994521,45.795041000123604],[-111.79527800042706,45.795171999979971],[-111.79634200008387,45.7951839998032],[-111.79764699976511,45.795129000018029],[-111.80053300021039,45.795221999748343],[-111.80132300023082,45.795280000175012],[-111.8017430003554,45.795360000254135],[-111.80227800010769,45.795596999712672],[-111.80312500002952,45.796201999930538],[-111.80339299981812,45.796408999739235],[-111.8034199995823,45.796430000058109],[-111.80355000017695,45.796552999887837],[-111.80394600001208,45.796924000056954],[-111.80438000038035,45.797331999811867],[-111.80459700011534,45.797606999849471],[-111.80499299995046,45.798108999731788],[-111.80511400032427,45.798290000038534],[-111.80525400006637,45.798545999963316],[-111.80525900008924,45.798305999950877],[-111.80526499993701,45.798015999809188],[-111.80528300037867,45.797702000230281],[-111.8052859998534,45.797655000161008],[-111.80528900022644,45.797220000250292],[-111.80529500007424,45.796814999699684],[-111.80532799968621,45.792679999911925],[-111.80533500025722,45.791916000287721],[-111.80533699990703,45.791728000296189],[-111.80533899955687,45.791465999743352],[-111.80534799977768,45.790384000236436]]]},"properties":{"MTFCC":"G5020","OID":"20770230384858","GEOID":"30031000300","STATE":"30","COUNTY":"031","TRACT":"000300","BASENAME":"3","NAME":"Census Tract 3","LSADC":"CT","FUNCSTAT":"S","AREALAND":"749164470","AREAWATER":"10137881","UR":"R","CENTLAT":"+45.9019828","CENTLON":"-111.4630044","INTPTLAT":"+45.9000706","INTPTLON":"-111.4616341","HU100":1625,"POP100":3583,"OBJECTID":30049}},{"type":"Feature","id":51629,"geometry":{"type":"Polygon","coordinates":[[[-111.27306300028881,45.816359000243501],[-111.27310400029668,45.816290999923119],[-111.27263099957035,45.815022999841197],[-111.27269699969261,45.814711000109483],[-111.27280700019577,45.81434000004576],[-111.27276299981484,45.813892000088707],[-111.27244599962245,45.813707000099036],[-111.27222800006255,45.813585999776741],[-111.27198799986303,45.813575999991919],[-111.27169300031025,45.813641000126587],[-111.27146300015647,45.81356500028911],[-111.27147400002714,45.81333499968774],[-111.27147400002714,45.813083999719758],[-111.27123399982761,45.812767000116828],[-111.27154000014937,45.812613999897906],[-111.27189999999948,45.812429000045803],[-111.27304499984714,45.811714000120205],[-111.27300100036453,45.811462999734154],[-111.27296700002934,45.811138999953172],[-111.27295199996072,45.811046999826409],[-111.27294100009007,45.810980999832395],[-111.27256100014847,45.810689999950803],[-111.27210500003889,45.810603000181587],[-111.2719850003883,45.810581000225632],[-111.27154799964697,45.810446999736918],[-111.27063799997597,45.809747999796812],[-111.2705369996936,45.80963300018643],[-111.27040399962424,45.809323000299003],[-111.27035500011874,45.809207999811136],[-111.27085399988603,45.808979999998627],[-111.2712310003529,45.80877799993975],[-111.27149900014149,45.808664000209312],[-111.27166300017302,45.808593999874759],[-111.27214199984883,45.808354999948037],[-111.27234400041348,45.808051999942236],[-111.27208599977233,45.807500000121962],[-111.27163600040883,45.80718700016903],[-111.27088200037343,45.807031000175975],[-111.27034900027097,45.807172999737936],[-111.26997600000205,45.806926999729157],[-111.26964499956595,45.806862999935717],[-111.26938699982307,45.806891999733814],[-111.26924000040832,45.806908999716406],[-111.2688169999107,45.806880999963326],[-111.268698000085,45.806632999836253],[-111.26885399972062,45.806403000039516],[-111.26910200031604,45.806339000270206],[-111.26938400034835,45.806178000163492],[-111.26944200007468,45.806145999845668],[-111.2695709999461,45.805924999771221],[-111.26958000016694,45.805741000301332],[-111.26959900043352,45.805557000223629],[-111.26919400037755,45.805226000068352],[-111.26902100012519,45.804832999721548],[-111.26791599956219,45.804712000159221],[-111.26735300022079,45.804808999844767],[-111.26670700014041,45.804694000056926],[-111.26663199979735,45.804629000126312],[-111.26577800020281,45.803893999727826],[-111.26572899979904,45.80385100023414],[-111.26547600007905,45.803606000053463],[-111.26564699978326,45.803425000107225],[-111.26570299985976,45.80328299975853],[-111.26573600037004,45.80317500004486],[-111.26575700028644,45.803080000227993],[-111.26576499978404,45.802990000153173],[-111.26575700028644,45.802783999852188],[-111.26566199985189,45.802230999688319],[-111.26551299988897,45.801847000019144],[-111.26538999986532,45.80160799995209],[-111.26537300014688,45.801558999782891],[-111.26525699979592,45.801071999899499],[-111.26516599955931,45.80084900007391],[-111.2650509999316,45.800708999716086],[-111.26491899968711,45.800610000109586],[-111.26462999998212,45.800544000274208],[-111.26441599972189,45.800569000259038],[-111.2641570001541,45.80060499999194],[-111.26371500028823,45.800622000014329],[-111.2633189995548,45.800622000014329],[-111.26283300020631,45.80060499999194],[-111.26255199999892,45.800622000014329],[-111.26234600013458,45.800662999825924],[-111.26196700001789,45.800721000225757],[-111.26177700004709,45.800737000066306],[-111.26151900030423,45.800691000199258],[-111.26138299986181,45.799955000292883],[-111.26136199994539,45.799759999969147],[-111.26140499960312,45.799564000047994],[-111.26144800015912,45.799456000014111],[-111.26144800015912,45.799314999741817],[-111.26139399973245,45.799206000303919],[-111.26122100037841,45.799033000005601],[-111.26101499961577,45.798912999924831],[-111.26091699970647,45.7988699997182],[-111.26041799993918,45.798848000138499],[-111.26001700008119,45.798793999766964],[-111.25975599996529,45.798739999969385],[-111.25964800001026,45.798686000119481],[-111.25947399993298,45.798565999917656],[-111.25932199959702,45.798413999708572],[-111.25925700019801,45.798305999950877],[-111.25924600032735,45.79820800002431],[-111.25921399964197,45.797665999874297],[-111.25917000015937,45.797525000082722],[-111.25905100033367,45.797361999768036],[-111.25886700021066,45.797210000032443],[-111.2587359997911,45.797166999764187],[-111.25843299984238,45.797101999820001],[-111.25816099985583,45.797025999962578],[-111.25801000024309,45.796939000146871],[-111.2578140004245,45.796699999694901],[-111.25768399982985,45.796526999758058],[-111.25766200008854,45.796408000141369],[-111.25771700034014,45.796320999987124],[-111.25784700003648,45.796157999908402],[-111.2580749996421,45.795974000122762],[-111.25820500023676,45.795811000281695],[-111.25829200027542,45.795594000249075],[-111.2583270004355,45.795296999943062],[-111.25832599971228,45.795201999846391],[-111.25829700029828,45.794973000081534],[-111.25827700020679,45.794904999956486],[-111.25816300040397,45.79460700010624],[-111.25811700037322,45.794428000256133],[-111.25793499990003,45.793990000031819],[-111.25780900040164,45.793643000058559],[-111.25745600022422,45.79308299988223],[-111.25726100023054,45.792876000245954],[-111.25683799973292,45.792420999710799],[-111.25658900021091,45.79209500006349],[-111.25632800009501,45.791758999818725],[-111.25618699962969,45.791465999743352],[-111.25603400036712,45.791087000142298],[-111.25602400032137,45.790902999899174],[-111.25611200018494,45.790514999764866],[-111.25624100005635,45.790295000032117],[-111.25644699992068,45.789979999828269],[-111.25656699957129,45.78988200029265],[-111.2567299997779,45.789763000266944],[-111.25688100028896,45.789610999848826],[-111.2569680003276,45.789459000268948],[-111.25700099993955,45.789264000172111],[-111.25693599964224,45.789089999972269],[-111.25680500012099,45.788884000271899],[-111.25656699957129,45.788710999874588],[-111.25633899996565,45.788581000229222],[-111.25609999959104,45.788493999757577],[-111.2555899999531,45.788352999935981],[-111.25458700039567,45.788110999752888],[-111.25380800024591,45.787948000090871],[-111.25371600018441,45.787895999933191],[-111.25362300029798,45.787828999694611],[-111.25351699999277,45.787800999748661],[-111.25346000009137,45.787787999836148],[-111.25342800030431,45.787777000052287],[-111.2533930001442,45.787754000098651],[-111.25337300005272,45.787733000268894],[-111.25336300000698,45.787708000162901],[-111.25306300043134,45.787329999825317],[-111.25304099979171,45.78725200027182],[-111.25251000023736,45.786898999827649],[-111.25219499969479,45.786757999729957],[-111.25185900013413,45.786682000173585],[-111.25150099993385,45.786671000171488],[-111.25103399995361,45.786660999939926],[-111.25083899995994,45.786627999914764],[-111.25068699962397,45.786552000181153],[-111.25051400026992,45.786399999776599],[-111.2504480001477,45.786313000285823],[-111.25043800010194,45.786128999943507],[-111.25046999988899,45.7857709997092],[-111.25055699992764,45.785520999995036],[-111.25064399996626,45.785423999931808],[-111.25075199992131,45.785337000170713],[-111.25084999983059,45.785250000273798],[-111.25093699986921,45.785130999755758],[-111.25096899965627,45.785022000137481],[-111.25095799978563,45.784946999897087],[-111.25089300038663,45.784815999811414],[-111.2507739996626,45.784730000161666],[-111.25049199963028,45.784577999800604],[-111.25026400002467,45.784501999777902],[-111.2499710001217,45.784480000164137],[-111.24950499996639,45.784468999727515],[-111.24934199975976,45.784437000096659],[-111.24908200036707,45.784339000212285],[-111.24882100025118,45.784176000170127],[-111.24851800030248,45.783958999939365],[-111.24808599958402,45.783577999754087],[-111.2477459998254,45.783359000037706],[-111.24766499963454,45.783335000308256],[-111.24764999956592,45.783329999893496],[-111.24712300020956,45.782721000271188],[-111.24657900023642,45.782391000248957],[-111.24611700027906,45.782078000194119],[-111.24555599968919,45.781402000232596],[-111.24537499993923,45.781203999904143],[-111.24530899981698,45.781087999764722],[-111.24530899981698,45.780957000008414],[-111.24548999956697,45.780808000270149],[-111.24572100044394,45.7807420001621],[-111.24593599963079,45.780660000013988],[-111.24611700027906,45.780593999730741],[-111.24669399986415,45.780411999703027],[-111.24687499961412,45.780329999696072],[-111.24705700008731,45.780182000050551],[-111.24713900010308,45.78009899981496],[-111.24728800006601,45.779951000182784],[-111.24735400018824,45.779852000036016],[-111.24747999968662,45.779647999824697],[-111.24760000023554,45.77928599970074],[-111.24757400029627,45.779173000303935],[-111.24743399965587,45.779026000002972],[-111.24728700024109,45.778886999864781],[-111.24706100028527,45.778706999734375],[-111.24688200018514,45.778540999760367],[-111.24666200007711,45.778367999842828],[-111.24660199980264,45.77831400030184],[-111.24658900028217,45.77831400030184],[-111.24637599984683,45.778195000015053],[-111.24611700027906,45.778101000140701],[-111.24590999969151,45.778034999960937],[-111.24576400010166,45.778015000156799],[-111.24531499966477,45.777686999714653],[-111.24541799959694,45.777319999689141],[-111.24562400035956,45.777014000233486],[-111.24594999987448,45.776707999725183],[-111.24610300003536,45.776455000227649],[-111.24619599992178,45.776282000103556],[-111.24626299986893,45.776048999816211],[-111.24618000002826,45.775822000237632],[-111.24616300030983,45.775775999854332],[-111.24585000031537,45.775429999868862],[-111.24523799967187,45.775223999814095],[-111.24464000017039,45.775184000061984],[-111.24344199972094,45.775589999879102],[-111.24284300039456,45.775664000206312],[-111.2424659999277,45.775559000136177],[-111.24161499980791,45.775076999753807],[-111.24092199987186,45.774489000023671],[-111.24085599974963,45.774246999806444],[-111.24029599988297,45.773699999694756],[-111.23985200036726,45.77326000009738],[-111.23920100026403,45.77260400024403],[-111.23906099962365,45.772605000268811],[-111.23864800007009,45.772607999716357],[-111.23676099988256,45.77262600015785],[-111.23500000009176,45.77265500023033],[-111.23451600039309,45.77266899993586],[-111.23408700004769,45.77268100021773],[-111.23279800025999,45.772706000170047],[-111.23107900030196,45.77273800026807],[-111.22991299963959,45.772746999841999],[-111.22988300040068,45.772747999864215],[-111.22943800016175,45.772748999886375],[-111.2279629997029,45.772755000018996],[-111.22685600038838,45.772755000018996],[-111.22467299992488,45.772765000238635],[-111.22336700041873,45.77276700028235],[-111.22184099990623,45.772775999851611],[-111.22109400044184,45.772777999894892],[-111.21920700025434,45.772781999981326],[-111.2174160003263,45.772793000217497],[-111.21726499981524,45.772794000238882],[-111.21723800005107,45.772794000238882],[-111.21697600011024,45.772796000281517],[-111.21507700022717,45.772808999930589],[-111.21414699956635,45.772811999993756],[-111.21299000002314,45.772816000077711],[-111.21120400011796,45.772829999742825],[-111.20866599982722,45.772845000051447],[-111.20587999983933,45.772861999769752],[-111.20475000006029,45.772863999809992],[-111.19978700035499,45.772836999887353],[-111.19778800001448,45.772864999830063],[-111.1957460000163,45.772889000306826],[-111.19654000023468,45.773538999893056],[-111.19737999958549,45.774350999847215],[-111.198132999796,45.775215000013361],[-111.19877700022654,45.776098999822786],[-111.19931799982662,45.777014000233486],[-111.19945500009398,45.777304000017189],[-111.19977200028639,45.777973999972133],[-111.20009600015148,45.778954000200009],[-111.20051899975078,45.78083699984677],[-111.2006469997973,45.781430000260293],[-111.20073999968372,45.781865000002668],[-111.20097599968527,45.782857999940106],[-111.20130999959612,45.78388499997066],[-111.20178800034532,45.784915999718109],[-111.2024079995881,45.785937999868381],[-111.20315900014879,45.78692599983232],[-111.20365200006829,45.787449999792585],[-111.20404000040581,45.787863000012734],[-111.20503000044275,45.788739999725173],[-111.20613699975728,45.789554999854026],[-111.20736100014597,45.790305999945417],[-111.20865900015451,45.790999000129055],[-111.20998200027742,45.791679999890199],[-111.21131799992077,45.792368999967891],[-111.2147270004228,45.794134000167944],[-111.22579199983326,45.799843999903189],[-111.22965900009468,45.801844999766054],[-111.23364500018181,45.803907999730598],[-111.23494499984018,45.80457499972163],[-111.24140800011868,45.807914000186912],[-111.24646399971037,45.810523000072344],[-111.24772300025919,45.811168999988908],[-111.25023899991031,45.812448000089404],[-111.25395100036104,45.814344000280734],[-111.25518099969919,45.814964000040014],[-111.25641699978345,45.815594999713852],[-111.25784700003648,45.816340000282047],[-111.25879000021779,45.816831000105232],[-111.25891300024144,45.816894999714783],[-111.26016600004412,45.81753499990387],[-111.26140700015124,45.81817699991673],[-111.262663000327,45.818821000310074],[-111.26642500010813,45.820764000157943],[-111.26765899964424,45.821408000053786],[-111.26868499966621,45.82193400021815],[-111.26891300017014,45.822051000249154],[-111.26911200036179,45.822154000238825],[-111.27033300037742,45.822786999947922],[-111.27000600013929,45.82223600006396],[-111.27007599956117,45.822186000123864],[-111.27049099966288,45.82173899982876],[-111.27091699963523,45.82113799996025],[-111.27074299955794,45.820853999687095],[-111.27028399997363,45.820559000269988],[-111.27001100016214,45.820285999803176],[-111.27124200022355,45.819138999701579],[-111.27087700035057,45.818567999746975],[-111.27090499993965,45.818134000179349],[-111.27108200038997,45.817642999949932],[-111.27126499978976,45.817420999941021],[-111.27147099965408,45.817226000023695],[-111.27176199990721,45.81711200005433],[-111.27201800000026,45.817089000312279],[-111.27220100029837,45.817158000135954],[-111.27230400023052,45.817226000023695],[-111.27229199963664,45.816815999736122],[-111.27248099978254,45.816586999901581],[-111.27272699982983,45.816453000089332],[-111.27283999980773,45.81639300005952],[-111.27306300028881,45.816359000243501]]]},"properties":{"MTFCC":"G5020","OID":"2077015532929053","GEOID":"30031000201","STATE":"30","COUNTY":"031","TRACT":"000201","BASENAME":"2.01","NAME":"Census Tract 2.01","LSADC":"CT","FUNCSTAT":"S","AREALAND":"14832832","AREAWATER":"63781","UR":"M","CENTLAT":"+45.7924090","CENTLON":"-111.2364747","INTPTLAT":"+45.7948638","INTPTLON":"-111.2378725","HU100":2153,"POP100":6119,"OBJECTID":51629}},{"type":"Feature","id":53316,"geometry":{"type":"Polygon","coordinates":[[[-111.35144599986795,45.923642000047607],[-111.35153499955642,45.923585999892197],[-111.35132200001941,45.923494999909622],[-111.35120900004149,45.923454999787687],[-111.35104099981201,45.923383999687651],[-111.35094000042798,45.923341000031748],[-111.35081300020637,45.923278000214125],[-111.3507019998783,45.923206000067125],[-111.35062099968745,45.923121000267997],[-111.35056499961092,45.923028999699106],[-111.35053600019694,45.922931999851031],[-111.35051399955731,45.922830000072622],[-111.35048199977027,45.922736999817211],[-111.35042400004393,45.922651000094028],[-111.35034000037835,45.922570999853967],[-111.35010199982867,45.922424999837197],[-111.34983099966701,45.922287999844379],[-111.3495829999699,45.922147999994863],[-111.34948099986265,45.922072000267853],[-111.34939100034927,45.921989000290822],[-111.34912000018763,45.921717000007845],[-111.34864999983434,45.921271000094912],[-111.34855799977284,45.921190999739714],[-111.34847400010725,45.921106999836276],[-111.34840399978705,45.921016000161913],[-111.34835500028154,45.920932999854905],[-111.34833199981703,45.920845999972066],[-111.34831300044875,45.920529999882042],[-111.34828599978626,45.919253999699066],[-111.34826400004496,45.919092000141916],[-111.34823300008281,45.9190210000828],[-111.34819299989987,45.91897200016502],[-111.34812900032574,45.918920999783808],[-111.34803300006628,45.918880000215275],[-111.34796799976895,45.918858999845362],[-111.34776899957733,45.918813000108379],[-111.34765599959943,45.918794000137922],[-111.34724100039602,45.918775000161006],[-111.3452520001013,45.918738000088553],[-111.34265699990912,45.918718000191184],[-111.34246399956525,45.918726000025998],[-111.34228000034058,45.918755000276931],[-111.34209799986738,45.918795999937771],[-111.34141300032725,45.918997999973747],[-111.34106699982253,45.91909999992285],[-111.34065300044405,45.919204000094538],[-111.34022200044885,45.919303999883489],[-111.34007500013574,45.91935499991267],[-111.33987000009634,45.919453000278331],[-111.33964300031562,45.919576000122454],[-111.33937999965156,45.919701000086071],[-111.33923700043476,45.919760000061068],[-111.339079000251,45.919813999940793],[-111.33891500021947,45.919855000068992],[-111.33873899959406,45.919885000235055],[-111.33787400012889,45.919995000080249],[-111.33576199981047,45.92028200003012],[-111.33512099975297,45.920336000026786],[-111.33475400023018,45.920352999725523],[-111.33439299965683,45.920362999692898],[-111.33345899969636,45.920379000136947],[-111.33323699993851,45.920389000099689],[-111.33447899987056,45.918690999724539],[-111.33445999960398,45.918341999778193],[-111.33414999998259,45.916181000090418],[-111.33372700038329,45.913671000043855],[-111.33369399987302,45.913050000129012],[-111.33377000004099,45.912233000051124],[-111.33406100029413,45.911315000158176],[-111.33409999975386,45.910872999933417],[-111.33440199987766,45.909886999729217],[-111.33434900017421,45.909736999836667],[-111.3341650000512,45.909595000064861],[-111.3339890003241,45.90957299986524],[-111.33380799967583,45.909389999969221],[-111.33357099984936,45.909338000086798],[-111.33364700001734,45.908649999940884],[-111.33400500021763,45.906941999884459],[-111.33307399973191,45.903293999795586],[-111.33230100032824,45.901727000022333],[-111.33297199962463,45.90099899988266],[-111.33270300001114,45.899639000201979],[-111.33248299990311,45.898528000013279],[-111.33240300043546,45.897844999812222],[-111.33209700011372,45.897441000061178],[-111.33200500005221,45.897161999962577],[-111.33248799992597,45.895161999750684],[-111.33266799985103,45.89519499986099],[-111.33274999986679,45.895202999960532],[-111.33285399962388,45.895198999910903],[-111.3329409996625,45.895177000257959],[-111.333108999892,45.895163000076359],[-111.33368499965216,45.895173000206412],[-111.33376900021608,45.89514899989129],[-111.33382500029258,45.89510099985511],[-111.33385399970658,45.895064999957093],[-111.33388100036906,45.894949999692237],[-111.33387499962298,45.89491700006154],[-111.33382899959223,45.894688999974434],[-111.33379900035331,45.894420000069196],[-111.33379599998024,45.89437299974287],[-111.33380699985091,45.894301999945988],[-111.33385799990454,45.894198000000401],[-111.33389399988954,45.894162999860697],[-111.33397799955515,45.894137000296396],[-111.33403700000468,45.894073000114666],[-111.33409300008118,45.894039000242152],[-111.33417300044711,45.894015000062126],[-111.33457099993208,45.893913000275546],[-111.33467999971202,45.893880000028645],[-111.33472200044312,45.893859999926306],[-111.33475099985711,45.893846999762133],[-111.33478199981926,45.893823000124407],[-111.33480500028379,45.893791000174431],[-111.33481899962918,45.893753999701325],[-111.33482399965204,45.893695000213953],[-111.33480799975854,45.8936330002294],[-111.33478600001723,45.893603000252391],[-111.33474699965917,45.893566000279215],[-111.33466899984136,45.893513000224054],[-111.33454499999279,45.893446999860508],[-111.3344889999163,45.893423999781696],[-111.33440799972544,45.893397999871411],[-111.33436000004487,45.893381999776281],[-111.33428700024994,45.893366000301832],[-111.33413400008907,45.893348000105966],[-111.33403100015691,45.893339999739162],[-111.33374699957645,45.893329000170759],[-111.33360699983434,45.893313999789555],[-111.33349499968136,45.893292999749221],[-111.33331200028159,45.893247000079754],[-111.33319599993064,45.89320900013378],[-111.33305600018856,45.893143000034144],[-111.33297300034788,45.89308699973656],[-111.33291800009629,45.89303500021353],[-111.3328760002635,45.892980000172088],[-111.3328550003471,45.892917000273634],[-111.33285399962388,45.892872999776181],[-111.33286600021776,45.892838000051903],[-111.33289600035496,45.89279699997163],[-111.33292599959391,45.892767000168249],[-111.33296300030212,45.892741999694493],[-111.33300599995984,45.89272199980752],[-111.33352499981861,45.892590999994901],[-111.33413999993685,45.892442999758451],[-111.33503500043756,45.892187999912899],[-111.33562799991617,45.892036000200775],[-111.33595900035229,45.891959999876079],[-111.33610900014011,45.89193500028955],[-111.33639100017243,45.891913999727784],[-111.33650400015033,45.891894999927239],[-111.33662600034906,45.891863999876762],[-111.33666900000676,45.891847000204748],[-111.33675500022049,45.891716999966484],[-111.33685300012978,45.891574999743263],[-111.33663200019684,45.891574999743263],[-111.336551000006,45.891574999743263],[-111.33562100024348,45.891787999941954],[-111.33554900027346,45.891803999871058],[-111.33548300015121,45.891819000034857],[-111.33527899993672,45.891821999942096],[-111.33510099966149,45.891750000248152],[-111.33502600021671,45.89164899981678],[-111.33499000023171,45.891600999881724],[-111.3347910000401,45.891485999946603],[-111.33407999966238,45.891076000306242],[-111.33366100026105,45.890761999709369],[-111.33358199972001,45.89067599982959],[-111.33332099960411,45.890566999805152],[-111.33195800019655,45.890259000065655],[-111.33107799976445,45.889779999763029],[-111.3308069996028,45.88956699999202],[-111.33056300010362,45.889136000205347],[-111.32989100008399,45.888415999886995],[-111.32951699999018,45.888123000011483],[-111.32854299984675,45.887533999862143],[-111.32821099958571,45.887436999876606],[-111.32805900014806,45.887294999966194],[-111.32784099968987,45.887210000189633],[-111.32751099997698,45.887366999807625],[-111.32711599996676,45.887906000189453],[-111.3265200001151,45.888245000057793],[-111.32617100013564,45.888294000216263],[-111.32578199997322,45.88820800026685],[-111.32536299967356,45.888006999923924],[-111.32518699994647,45.887954000191414],[-111.32488300017286,45.887829000008473],[-111.32477900041577,45.887741000296245],[-111.32457500020128,45.887636999944995],[-111.32482000042367,45.887639000242174],[-111.32482399972332,45.887571000102085],[-111.32474699973042,45.887505000180745],[-111.32463799995045,45.887460999772777],[-111.32456699980537,45.887444999843183],[-111.32437799965948,45.88742300024505],[-111.32402500038037,45.88730200011122],[-111.32323899965961,45.887005999819962],[-111.32298000009183,45.886896000247681],[-111.32260199980004,45.886780999950332],[-111.32240599998148,45.886692999828455],[-111.32209999965973,45.886511999885549],[-111.32150200015823,45.886078999802223],[-111.32132200023318,45.885957999867287],[-111.32094499976633,45.88578299987244],[-111.32089700008574,45.885772000058033],[-111.32076400001635,45.885787999844197],[-111.32068500037363,45.885787999844197],[-111.32065400041149,45.88578299987244],[-111.32063000012205,45.885766000215192],[-111.32058300026638,45.88566799977216],[-111.32056700037286,45.885579999763024],[-111.32059099976399,45.885480999742455],[-111.32062199972613,45.885414999839135],[-111.32077200041228,45.885271999883848],[-111.32084199983416,45.885189999778433],[-111.32090499958335,45.88506899978303],[-111.32096800023085,45.884888000176545],[-111.32098400012438,45.884746000003311],[-111.32095999983491,45.884553999914154],[-111.3209370002687,45.884499000228807],[-111.32085000023008,45.884377999979044],[-111.32077900008497,45.884323000119458],[-111.32056700037286,45.884208000123408],[-111.32027600011972,45.88410900015905],[-111.3201120000882,45.884092999889305],[-111.32005699983659,45.884098000013175],[-111.31959300022942,45.884196999997094],[-111.31915300001337,45.884306999911303],[-111.3189720002634,45.884372999880327],[-111.31879200033835,45.884466000016268],[-111.31862599975868,45.884767000148685],[-111.31857899990301,45.884851000025442],[-111.31810000022722,45.885074999701153],[-111.31758600039132,45.885139000246625],[-111.31684499987638,45.885093000076978],[-111.31607800032049,45.885022000297752],[-111.31471900021259,45.885002000132197],[-111.31399299976626,45.885094999840476],[-111.31305700015596,45.885181000232294],[-111.3121290000433,45.885485999741398],[-111.31149300000867,45.885542000199187],[-111.31071899988176,45.885708000241841],[-111.31027399964285,45.88558100026134],[-111.31013600044889,45.885305000242916],[-111.31014999979429,45.885001000248785],[-111.31045299974299,45.883974999711597],[-111.3107070001862,45.883676000105162],[-111.31079000002688,45.883378000052836],[-111.3106779998739,45.883200000312456],[-111.31056599972088,45.88301499994278],[-111.31039400019176,45.88260399975627],[-111.3102429996807,45.882423000248018],[-111.31022699978718,45.882167000116432],[-111.31052100041336,45.881179999795087],[-111.31101799963251,45.880564000195029],[-111.31130499968769,45.88027400008378],[-111.31110700021929,45.880440000233513],[-111.31086299982181,45.880499000042931],[-111.3108619999969,45.880489999736888],[-111.31081599996614,45.880073999772108],[-111.3106019997059,45.879363000058433],[-111.31054900000245,45.878984000116539],[-111.31063000019331,45.878717999809787],[-111.31088499956313,45.878535000150123],[-111.31207600033984,45.87815700019565],[-111.31223799982325,45.878071000187759],[-111.31237699974042,45.877921000015427],[-111.31245499955823,45.877640000012072],[-111.31229300007483,45.877005000049827],[-111.31249800011425,45.876452999737808],[-111.31250700033507,45.876274000285683],[-111.312467999977,45.876097999762536],[-111.3123190000141,45.875871000023693],[-111.3120169998903,45.875679999960354],[-111.31159799959066,45.875525999997748],[-111.31122299967191,45.875333999942143],[-111.31071200020908,45.875058000302616],[-111.31017200043391,45.874620000032429],[-111.30962300043791,45.874137000281515],[-111.30908299976444,45.873490999948572],[-111.30895200024317,45.873282000017497],[-111.30879700043248,45.873138000008666],[-111.30859599969271,45.873103999830519],[-111.30840999991987,45.873095000202973],[-111.30805599991754,45.873148999822689],[-111.30788699986313,45.873241999982959],[-111.30754799992943,45.873264000193132],[-111.30705599983484,45.873241999982959],[-111.30652100008254,45.873140000202433],[-111.30575500035157,45.872720999937215],[-111.30523999979243,45.872195000067272],[-111.30515100010399,45.871987999875913],[-111.3050049996158,45.871858000071654],[-111.30488400014029,45.871776000183104],[-111.30473000015449,45.871647000006732],[-111.30463800009301,45.871450000299021],[-111.30450800039665,45.871276999900523],[-111.3041109998383,45.870657000032857],[-111.30394799963169,45.870105999990507],[-111.30374799961514,45.869945999918613],[-111.30341999955209,45.869847000186844],[-111.30297500021146,45.869779999693392],[-111.30172599970844,45.869704999726736],[-111.30113099968167,45.869510999877214],[-111.30116699966669,45.869458000013402],[-111.30120400037492,45.869406000263091],[-111.30129100041357,45.869280000088949],[-111.30160000021004,45.868751000277022],[-111.30191499985432,45.868258000215725],[-111.302145999833,45.867070000130049],[-111.30215599987874,45.867000000045813],[-111.30217599997022,45.866884999850114],[-111.30233199960583,45.86671100004272],[-111.30242399966734,45.86641800016799],[-111.30244999960662,45.866332999727497],[-111.30243399971309,45.865978999762504],[-111.30228200027544,45.865569000155666],[-111.30195900023526,45.864899000072285],[-111.30147299998845,45.86410300002229],[-111.30129999973607,45.863850999743597],[-111.30115099977316,45.863751999790729],[-111.30100099998533,45.863734000007817],[-111.30093099966514,45.863725000114194],[-111.30057800038604,45.863718999767244],[-111.3002870001329,45.863674999914025],[-111.30005199995625,45.863615000114933],[-111.29990200016843,45.863564999815843],[-111.29902299956125,45.86318700000308],[-111.29861400020563,45.862934999951193],[-111.29637100036599,45.862178999823392],[-111.29532199987948,45.861679999713147],[-111.29499399981641,45.861523999757651],[-111.29299799984895,45.861460999844027],[-111.29225200020946,45.861035999733417],[-111.29193800039013,45.860697999949259],[-111.29156900031917,45.86029999973838],[-111.29002699991317,45.85869399982014],[-111.28954300021448,45.858340000010038],[-111.28896599973109,45.857817000301687],[-111.28921599997635,45.856627000276255],[-111.28877400011046,45.855207999937264],[-111.28802300044809,45.854195999754793],[-111.28633000042934,45.853460999768032],[-111.2858190000682,45.852718000118323],[-111.28532899962342,45.85157100006812],[-111.28520399994996,45.850214999825788],[-111.28536399978351,45.849423999903863],[-111.28537300000437,45.849380999899751],[-111.28543499992864,45.849088999953068],[-111.28526300039948,45.848547999896567],[-111.28509199979696,45.848008000133099],[-111.28421999976078,45.84718700010135],[-111.28394899959912,45.846385000193123],[-111.28414699996584,45.845730999895309],[-111.28431699984513,45.845172000184604],[-111.28426199959355,45.844872000207658],[-111.28420499969215,45.844672000158624],[-111.28369099985626,45.843588000224045],[-111.2833839997096,45.843089999752145],[-111.28311000007322,45.84277500017923],[-111.28319100026405,45.842554000282426],[-111.28324700034055,45.84240099993589],[-111.28315699992888,45.842446999773443],[-111.28308400013395,45.842163999979519],[-111.28305999984451,45.842114999820367],[-111.28304499977588,45.84200500025095],[-111.28299799992021,45.841894999838239],[-111.28295799973725,45.841823999939947],[-111.28290300038398,45.841758000129495],[-111.28281700017027,45.841676000274894],[-111.28265999981141,45.84155500003218],[-111.28255000020656,45.841499999721016],[-111.28243200020579,45.841455999808495],[-111.28199299981463,45.841378999721343],[-111.28186700031627,45.841346000187755],[-111.28160799985017,45.841258000084252],[-111.28134900028239,45.841153999725641],[-111.28037599996388,45.840627000257314],[-111.28003100018238,45.840467999891189],[-111.27979500018084,45.840373999913638],[-111.27965399971552,45.840329999736426],[-111.27948899985907,45.84030299995181],[-111.2790260000768,45.84029700020649],[-111.2788219998623,45.840286000150201],[-111.27861799964781,45.84026999978002],[-111.27848399975349,45.840248000280482],[-111.27831200022437,45.840132999824867],[-111.27824100007925,45.840066999885963],[-111.27808299989552,45.83987999973813],[-111.27762099993815,45.837851000283877],[-111.27668799980258,45.837094000104734],[-111.27617899998957,45.83661599977178],[-111.27600099971433,45.836072000043167],[-111.27583599985789,45.835444000057187],[-111.27580400007083,45.834878999925529],[-111.27570100013867,45.833706999929952],[-111.27584199970568,45.833401999791782],[-111.27587000019308,45.833340999688751],[-111.27597099957711,45.832882000247494],[-111.27564699971201,45.832371999766636],[-111.27487699978307,45.831404000094636],[-111.27399899989911,45.831122000067694],[-111.27329199971936,45.830622000214056],[-111.27267499995129,45.830419000174473],[-111.27237600020054,45.830101000113395],[-111.27221999966663,45.830002000166374],[-111.27187400006022,45.829876000206781],[-111.2716699998457,45.829766000227423],[-111.27153699977633,45.829639999733587],[-111.27147400002714,45.829546000242473],[-111.27093199970383,45.829087999811804],[-111.27052699964787,45.827844999717279],[-111.27043499958636,45.827108999908752],[-111.27037400038532,45.826617000270787],[-111.27054300043973,45.826376000068812],[-111.27063799997597,45.826348000086803],[-111.27081700007611,45.826294999769246],[-111.27122700015492,45.826171999877253],[-111.27137399956972,45.826127999737935],[-111.2718310004025,45.825249999702415],[-111.27185999981651,45.825169999976204],[-111.27199200006099,45.825051000194193],[-111.27202200019823,45.824917000093116],[-111.27201499962722,45.824840999995175],[-111.27199200006099,45.824585000088099],[-111.27199899973367,45.824504000312487],[-111.27200399975655,45.824455000251902],[-111.27207599972658,45.824205999775849],[-111.27216399959013,45.823899999799963],[-111.27218500040483,45.823829000103217],[-111.27219200007754,45.823740999841981],[-111.27094000009974,45.823097999758488],[-111.27033300037742,45.822786999947922],[-111.26911200036179,45.822154000238825],[-111.26891300017014,45.822051000249154],[-111.26868499966621,45.82193400021815],[-111.26765899964424,45.821408000053786],[-111.26642500010813,45.820764000157943],[-111.262663000327,45.818821000310074],[-111.26140700015124,45.81817699991673],[-111.26016600004412,45.81753499990387],[-111.25891300024144,45.816894999714783],[-111.25879000021779,45.816831000105232],[-111.25784700003648,45.816340000282047],[-111.25742799973681,45.81629699975219],[-111.25695800028186,45.816248999849464],[-111.25604199986473,45.816248999849464],[-111.25555899999098,45.816326000273357],[-111.25556499983875,45.816362999707337],[-111.25548799984587,45.816384000018168],[-111.25525199984432,45.816394999790283],[-111.2540810000574,45.816402999964666],[-111.25333399969468,45.816407999916521],[-111.25143099961363,45.816425000125207],[-111.24939700001134,45.816433000295284],[-111.24631399992256,45.816458000036739],[-111.24579800043684,45.816467999930168],[-111.24434700026744,45.81648100003936],[-111.24361300032349,45.816485000120537],[-111.24265300042376,45.816499000089252],[-111.24020600036961,45.816508999975319],[-111.23983800012357,45.816508000112016],[-111.23765499966007,45.816527000016158],[-111.23744999962064,45.816528999742104],[-111.2373900002445,45.816535000171569],[-111.23728800013726,45.816534000308742],[-111.23711800025795,45.816534000308742],[-111.2366789998668,45.816540000111623],[-111.23613800026673,45.816540999974357],[-111.23558199969972,45.816549999990329],[-111.23503899955149,45.816549999990329],[-111.23361099984663,45.816560999729596],[-111.23313600036877,45.816564999805038],[-111.23248899956519,45.816558000142443],[-111.2318910000637,45.816557000280028],[-111.23130000023491,45.816563999942744],[-111.22744200019429,45.816569999742342],[-111.22693099983314,45.816566000293413],[-111.22575800039641,45.816559000004851],[-111.22508100035387,45.816563999942744],[-111.22371600039818,45.816566000293413],[-111.22281400022476,45.816567000155672],[-111.22070600010433,45.816586000039685],[-111.22035799994978,45.816589000251426],[-111.2189660002299,45.816590999975155],[-111.21737799979316,45.816594000186626],[-111.2135170002778,45.816617000133071],[-111.21271499966352,45.816617999994463],[-111.21122800040739,45.816630000207539],[-111.21068000023632,45.816626999998],[-111.21001599971427,45.816637999722062],[-111.20713500019015,45.816639000209129],[-111.2061090001682,45.816648000209263],[-111.20098099970815,45.816636999861075],[-111.19733600010288,45.816653999999858],[-111.19428700034928,45.815822999995646],[-111.19222199988653,45.815763999789823],[-111.1919509997249,45.81575600014974],[-111.19134999985035,45.815761000159732],[-111.19098099977941,45.815932000105377],[-111.19072300003656,45.816601999706322],[-111.19027399959965,45.816658000068571],[-111.18034399999111,45.816664999718597],[-111.17982000010947,45.816680000128365],[-111.17650799969184,45.816706000244793],[-111.17485300020624,45.816724000221953],[-111.17231499991549,45.81673000000437],[-111.17203299988317,45.816729000145031],[-111.17006899970276,45.816721999876954],[-111.16477899975933,45.816735999786133],[-111.16050700034026,45.816755000238572],[-111.15581900009627,45.816774999916959],[-111.15581599972322,45.81672699980021],[-111.15583199961675,45.816689000121883],[-111.15586299957889,45.816655999721206],[-111.15639700040457,45.816271999938465],[-111.1565460003675,45.816151000180547],[-111.15658599965215,45.816097000302058],[-111.15660099972077,45.816046999857697],[-111.15660900011667,45.815981000154075],[-111.15660099972077,45.815898999882144],[-111.1565389997965,45.815838999881521],[-111.15642099979571,45.815767000045902],[-111.15631899968848,45.815740000240019],[-111.15624099987066,45.815733999724884],[-111.15616999972555,45.815740000240019],[-111.15608400041015,45.815762000036443],[-111.15594200011991,45.815871000265574],[-111.15584800040858,45.815958999818115],[-111.15580099965462,45.815976000163886],[-111.15573799990541,45.815981000154075],[-111.15559700033842,45.815970000300233],[-111.15543999997956,45.815921000241808],[-111.15524400016101,45.81583300000311],[-111.15496899980138,45.815668000276411],[-111.15486699969414,45.815557999769581],[-111.15485199962552,45.815503000060772],[-111.15488299958766,45.815438000221086],[-111.15510299969569,45.81536099982155],[-111.15533799987233,45.815344999798342],[-111.15580900005052,45.815349999845189],[-111.15606000012069,45.815344999798342],[-111.1561310002658,45.815322999837178],[-111.15618599961907,45.815289999879163],[-111.1562169995812,45.815228999962223],[-111.15609199990773,45.81489500000216],[-111.1561239996948,45.814566000034532],[-111.15596700023428,45.814346000085031],[-111.15593500044722,45.81426399990999],[-111.15588900041647,45.813962000026059],[-111.15585699973111,45.813879999911741],[-111.15580999987544,45.813796999764655],[-111.15573200005763,45.813721000140063],[-111.15557499969879,45.813593999728546],[-111.15537899988021,45.813478999919546],[-111.15523699958999,45.813490000265467],[-111.15518999973432,45.813523000037861],[-111.15516700016811,45.813560999998231],[-111.15515899977218,45.813615999746624],[-111.15516700016811,45.813676000264032],[-111.15519800013026,45.813725999706641],[-111.15527699977297,45.813796999764655],[-111.15530799973511,45.813851999906106],[-111.15533100019962,45.813912000169253],[-111.15533100019962,45.813967000197145],[-111.15531600013104,45.814017000004576],[-111.15528400034398,45.81406099969783],[-111.15524499998591,45.81408799969158],[-111.15518999973432,45.814110000140637],[-111.1550330002738,45.814125999892546],[-111.1549699996263,45.814110000140637],[-111.15491500027304,45.814077000089938],[-111.15486800041735,45.814028000244178],[-111.15483699955692,45.813944999691586],[-111.15480599959476,45.813642999956166],[-111.15478999970126,45.81361000025484],[-111.15472000027937,45.813567000121424],[-111.1546099997762,45.813533999748969],[-111.15455500042293,45.81350600019551],[-111.15446099981328,45.813417999897247],[-111.15432000024627,45.813331000006471],[-111.15430400035275,45.813291999968079],[-111.15432000024627,45.813269999822062],[-111.15444499991976,45.813181999777015],[-111.15442200035353,45.813105999939303],[-111.15438200017056,45.813045000134544],[-111.15437499959954,45.812962999922249],[-111.15441399995761,45.812781999698238],[-111.15441399995761,45.812688999849016],[-111.15439800006409,45.812551000311728],[-111.1543439996374,45.812359000060013],[-111.15437499959954,45.812085000145849],[-111.15436000042926,45.811893000166037],[-111.15436799992685,45.811837999968311],[-111.1544619996382,45.811674000251728],[-111.15445400014057,45.81164100000985],[-111.15436799992685,45.811541999793064],[-111.15441499978252,45.811393999741625],[-111.15436000042926,45.810763000055353],[-111.15432100007119,45.81059299986115],[-111.15424300025339,45.810516000276479],[-111.15443300022419,45.810459000027478],[-111.15450299964607,45.806131999779147],[-111.15378799996873,45.804999000308236],[-111.15357700008151,45.804998000238285],[-111.14785600014285,45.804966999939374],[-111.14707500034326,45.804963000283358],[-111.14643199973763,45.804983999883206],[-111.1453310002709,45.805114000092637],[-111.14529799976063,45.805117999737817],[-111.1436130001378,45.805170000108667],[-111.13442400014587,45.805157999931062],[-111.13373100020983,45.805163999707077],[-111.13186499993871,45.805181000217019],[-111.12910200041539,45.805204999933494],[-111.12880500031447,45.805208000132183],[-111.12853499997773,45.805207000065991],[-111.12716900019713,45.805200000228247],[-111.12643299970506,45.805204999933494],[-111.12532100036768,45.805220000299023],[-111.12464199977703,45.805227000134209],[-111.12082599956923,45.805268999753181],[-111.12066900010869,45.805270999883334],[-111.11444100000685,45.805328999869602],[-111.11374800007079,45.805355999713051],[-111.11321099977036,45.805391000047294],[-111.11300099970808,45.805408999924325],[-111.11250100011587,45.805454000217708],[-111.11204599983121,45.805471000012922],[-111.11129099997089,45.805473000135869],[-111.10781600024495,45.805465999705369],[-111.10692300029234,45.805457999838474],[-111.10603000033976,45.80545999996184],[-111.10517099982407,45.805454000217708],[-111.10431100038176,45.805454000217708],[-111.10358800030848,45.805464000208396],[-111.10306299970361,45.805482000061843],[-111.10279200044029,45.805496999726557],[-111.10200599971951,45.805526000235787],[-111.10032100009668,45.805527000296301],[-111.09764300006384,45.805548000309727],[-111.0928040002071,45.805566000136075],[-111.09241199967161,45.805561999896845],[-111.0920860001567,45.805562999956663],[-111.09196999980576,45.802168000256785],[-111.09192700014805,45.802067999988971],[-111.09188500031524,45.802025999835458],[-111.09183500008653,45.801989000270432],[-111.09176599959126,45.801958000175901],[-111.0916910001465,45.801933000188107],[-111.09159499988704,45.801918000190049],[-111.09144299955106,45.80190999981366],[-111.08690099979526,45.801940999934935],[-111.085812999849,45.801944000309362],[-111.08559199991606,45.801942000059761],[-111.0855099999003,45.801944999807873],[-111.08527899992161,45.801944000309362],[-111.08384299982082,45.801959999798711],[-111.07867300042628,45.801987000022443],[-111.07833799979223,45.801969000292225],[-111.07817999960849,45.801934000313082],[-111.07814000032383,45.80191499981418],[-111.07797999959193,45.801863000162562],[-111.0776669995975,45.802041999927482],[-111.07752199983253,45.802148999837726],[-111.07741899990037,45.802084000068923],[-111.07734500028052,45.802060000260376],[-111.07716399963225,45.802023000091708],[-111.07705300020245,45.802008000117837],[-111.07684399996511,45.801987000022443],[-111.07670699969776,45.801982000028389],[-111.07636699993913,45.801978000158059],[-111.07601700013475,45.801979000282223],[-111.07531699962772,45.801989000270432],[-111.07461100017117,45.801989999768175],[-111.07230100038439,45.802011999986007],[-111.07214099965249,45.802014000233143],[-111.07184399955156,45.801995999885385],[-111.07163100001456,45.801978000158059],[-111.07140000003588,45.801944000309362],[-111.07120099984425,45.801900999936834],[-111.07100400020076,45.801853000151745],[-111.07080900020709,45.801814999718516],[-111.07061599986322,45.801788000037646],[-111.07039999995318,45.80177400012839],[-111.07016700032466,45.80178400015339],[-111.06979499988068,45.801819999727563],[-111.06925799958024,45.801913999688864],[-111.06886900031613,45.801989999768175],[-111.0685089995677,45.802038000061508],[-111.06786300038564,45.802075000220206],[-111.06600999963501,45.802085999687201],[-111.05818700032201,45.802142999736958],[-111.05565499987902,45.80214499997939],[-111.05315000009857,45.802152000200955],[-111.04518299994717,45.802209000183225],[-111.04519200016803,45.794918000088124],[-111.04519700019088,45.790490000280293],[-111.04519899984072,45.789269999780515],[-111.04520100038884,45.787498000082991],[-111.03468300042627,45.787580999952603],[-111.0306959996159,45.787591999775131],[-111.03064000043774,45.787581999708799],[-111.0306179997981,45.787570000127943],[-111.03059000020902,45.787508000164401],[-111.03058799966087,45.787467000069825],[-111.03058099998817,45.787109000284957],[-111.03059900042985,45.786757999729957],[-111.03061199995031,45.78574399977154],[-111.03062299982096,45.785347999809609],[-111.03064000043774,45.785022000137481],[-111.03064100026263,45.78413299986817],[-111.03067300004969,45.782601999992849],[-111.03069399996609,45.782036999864616],[-111.03069800016404,45.781496000180361],[-111.03071499988248,45.780790999841606],[-111.03072800030127,45.779588000247031],[-111.03073300032415,45.779123999829018],[-111.03073900017192,45.778608999801953],[-111.03076199973815,45.777999000057783],[-111.03076299956305,45.777913999846142],[-111.03076599993611,45.777635999944415],[-111.03087399989113,45.772596000045375],[-111.03085899982254,45.771515000242594],[-111.03085600034778,45.770550999972819],[-111.03085299997474,45.769570999949082],[-111.03084600030205,45.769002999726155],[-111.03083700008122,45.768312000142352],[-111.0308410002792,45.767682000178738],[-111.03083700008122,45.767034000258853],[-111.03082600021057,45.766562999726993],[-111.03083299988326,45.76623699988383],[-111.03085100032492,45.765594999747215],[-111.03084299992899,45.765475999892153],[-111.03080299974604,45.765405000294791],[-111.03077299960881,45.765365999921485],[-111.03073900017192,45.765337999974051],[-111.03068999976811,45.765310000012605],[-111.03064200008755,45.765295000184118],[-111.03058799966087,45.765284999878475],[-111.03046100033758,45.765274000041501],[-111.02907399974228,45.765263999732092],[-111.02823000019349,45.765251000204479],[-111.0260049998972,45.765230000045257],[-111.0258579995841,45.765219000197433],[-111.02576399987275,45.765198000026203],[-111.02569399955257,45.765167000146889],[-111.02564300039725,45.765116999739263],[-111.02561400008491,45.765069999766411],[-111.02560300021429,45.765026999769908],[-111.0255970003665,45.764941000304106],[-111.02567000016144,45.763365000098659],[-111.02569299972765,45.762378999792674],[-111.02570899962116,45.761926000200916],[-111.02573000043587,45.761662000153592],[-111.02049099964776,45.761499999847892],[-111.0199290001313,45.76148700006987],[-111.01940199987658,45.761485999845803],[-111.01909599955484,45.761485999845803],[-111.01811700028685,45.761493000160627],[-111.01720199969465,45.761504999713473],[-111.01620199961194,45.761507000160961],[-111.01419499977382,45.76152700024484],[-111.01323400004918,45.761541000236647],[-111.01216500036952,45.76154400027918],[-111.01067599966693,45.761549000140853],[-111.01009099968593,45.761558000266717],[-111.01005300005112,45.761493000160627],[-111.01003600033268,45.761435000300949],[-111.01002999958656,45.761368999825386],[-111.01002999958656,45.761255000244397],[-111.01003299995962,45.760810999919997],[-111.01003600033268,45.760657000309031],[-111.01004499965519,45.7606109999521],[-111.0100680001197,45.760555000283844],[-111.0100949998839,45.760500000174453],[-111.0101099999525,45.760458000031619],[-111.01012099982317,45.760348999811875],[-111.01011800034843,45.76017299974928],[-111.01011599980029,45.760026999753215],[-111.0101099999525,45.759966000122496],[-111.01008900003613,45.759872000232214],[-111.0100739999675,45.759776999928789],[-111.01006599957158,45.759660000084956],[-111.01006499974667,45.759199999750621],[-111.01005600042416,45.758180999852996],[-111.01005700024906,45.757862000058267],[-111.01005800007397,45.756972000180298],[-111.01006399992175,45.75648800024701],[-111.01008300018833,45.754823000269042],[-111.01010599975456,45.753021999954854],[-111.01010699957948,45.752865000275627],[-111.01012099982317,45.750892999757433],[-111.01011699962521,45.75039899991436],[-111.01011800034843,45.750318999878637],[-111.01012900021908,45.749396999747077],[-111.01013500006685,45.748891000071559],[-111.01014799958735,45.747603000030331],[-111.01018899959521,45.747092999715768],[-111.01325800033864,45.747362000243591],[-111.01408900036694,45.747387000259437],[-111.01534100034472,45.747363000094005],[-111.01535300004028,45.747250999812366],[-111.01539900007104,45.746800999852056],[-111.01542500001031,45.746492999980731],[-111.01545599997245,45.746361999831706],[-111.01548600010968,45.746304999785764],[-111.01552100026979,45.746220000169977],[-111.01556300010257,45.746153999877578],[-111.01565400033917,45.74604200030457],[-111.01570399966957,45.745992000310679],[-111.01594800006704,45.745801999925547],[-111.01638200043531,45.745497999719497],[-111.01650399973572,45.745401000249799],[-111.01662599993446,45.745292999969827],[-111.01675200033117,45.745179000144155],[-111.01685899956297,45.74505699969891],[-111.01712600042497,45.744667999725799],[-111.01727100018992,45.744412000005113],[-111.01735099965755,45.744265000242187],[-111.0174810002522,45.743992000192911],[-111.01757999998641,45.743727000014061],[-111.01761900034447,45.74359800010582],[-111.01763000021512,45.743561999917851],[-111.01765500032948,45.743452999921139],[-111.01767100022302,45.743385000275516],[-111.0176849995684,45.743274000085954],[-111.0176849995684,45.743201999895867],[-111.0176770000708,45.743112000311307],[-111.01765899962913,45.743029000078224],[-111.01760500010077,45.742880999877606],[-111.01754800019935,45.742768000074491],[-111.0174660001836,45.742655999977387],[-111.01736999992413,45.742559999894425],[-111.01725799977113,45.742458999955474],[-111.01710499961025,45.742358999773806],[-111.01696800024122,45.742291999990783],[-111.01671299997309,45.742197999794698],[-111.01652700020027,45.742138999997564],[-111.01613800003783,45.742036999978183],[-111.01506199978715,45.741744000047582],[-111.0147050003101,45.741637000168907],[-111.01451100014133,45.741570000146304],[-111.0144259997525,45.741535999814033],[-111.01426500009404,45.741448999920557],[-111.01414100024547,45.741337000312029],[-111.01402400006961,45.741175999893485],[-111.01388099995447,45.740931000082973],[-111.01380999980937,45.74079600017582],[-111.01360300012013,45.740404000053523],[-111.01337200014146,45.740050000245915],[-111.01292400042779,45.739440000125192],[-111.01281599957444,45.739250000011161],[-111.01277399974165,45.739109999810438],[-111.01277100026691,45.738981999892971],[-111.01279600038127,45.738889999771011],[-111.01292500025269,45.738658000044289],[-111.01309900032997,45.738303999825256],[-111.01335399969979,45.737806000085271],[-111.0135860004017,45.737406000058989],[-111.01382099968004,45.73720999972744],[-111.01395200009958,45.737105000005698],[-111.01398399988663,45.737072000124087],[-111.01424599982745,45.736848000050941],[-111.01462699959396,45.736493000224655],[-111.01471000033297,45.736402999857091],[-111.01482499996068,45.736258999845084],[-111.01484800042522,45.736215000167917],[-111.01486199977062,45.736170999829092],[-111.0148690003416,45.736127000082597],[-111.0148690003416,45.736085999831616],[-111.01486299959552,45.736054000027686],[-111.01485099989996,45.736024000312433],[-111.01482499996068,45.735982999985822],[-111.01476499968624,45.735918000186281],[-111.01470199993703,45.735864000304929],[-111.0145799997383,45.735784000129236],[-111.01436300000333,45.735669999696533],[-111.01429400040634,45.735624000061051],[-111.01425800042132,45.735589999869923],[-111.01422599973597,45.735552000037558],[-111.01417600040558,45.735474000168587],[-111.01414799991817,45.735399999822427],[-111.01414100024547,45.73530900013499],[-111.01414700009326,45.735210999823501],[-111.01416200016187,45.735118999758434],[-111.01428299963739,45.734845000057071],[-111.01451299979114,45.734364999811199],[-111.01474600031796,45.733968999951102],[-111.0149029997785,45.733775999750456],[-111.01512100023669,45.733551000152673],[-111.01523199966647,45.733458999860964],[-111.01538300017751,45.733353999983521],[-111.0157759996396,45.733096000216449],[-111.01610000040301,45.732903000133966],[-111.01624299961982,45.732803999878314],[-111.01628500035092,45.732756000166198],[-111.01630100024447,45.732718999772132],[-111.01630200006936,45.732689000146379],[-111.01629600022159,45.732668999759895],[-111.0162829998028,45.732642999936502],[-111.01624699981778,45.732604999979898],[-111.01619499993924,45.732574000177685],[-111.0161299996419,45.732553999750017],[-111.01599999994558,45.732536000174136],[-111.01589899966324,45.732528999989128],[-111.01523900023746,45.732504000217098],[-111.01500300023591,45.732482000157596],[-111.01443400014843,45.732399999916559],[-111.01429000020838,45.732369000000553],[-111.01417700023049,45.732336999947826],[-111.01410199988742,45.732308000236884],[-111.01403300029042,45.732273999907996],[-111.01396700016821,45.732230999720592],[-111.0138960000231,45.732172000051186],[-111.01384499996946,45.732111000072393],[-111.0138190000302,45.732070000008044],[-111.01379899993871,45.732037999784005],[-111.01376700015167,45.731962999774936],[-111.01373600018951,45.731839999792783],[-111.0137219999458,45.731745000054495],[-111.01405599985665,45.731609999884448],[-111.01511399966567,45.731198000199711],[-111.01564299957019,45.731015000007247],[-111.01615300010646,45.7308449998635],[-111.01664199982798,45.730586000269],[-111.01712499970175,45.730280999826434],[-111.01762900039023,45.730003999732908],[-111.01809200017249,45.729761000145096],[-111.01845200002259,45.729549999913836],[-111.01875099977335,45.729402999899762],[-111.0191419995856,45.729293999852835],[-111.01958199980164,45.729247999982086],[-111.01999600007844,45.729160000205532],[-111.02043200009652,45.728987000148031],[-111.02068099961856,45.728856999864533],[-111.02081200003813,45.728766999732244],[-111.0208880002061,45.728675999896957],[-111.02094199973446,45.728580000233869],[-111.02096799967374,45.728467999895834],[-111.02098600011539,45.728143999870674],[-111.02101100022973,45.727170000009743],[-111.02103100032124,45.727000000077943],[-111.02105100041273,45.726899999802548],[-111.02111599981174,45.726156999913727],[-111.02114299957591,45.725225000247136],[-111.02116100001759,45.724874000295088],[-111.02117199988824,45.724718999725049],[-111.02120500039851,45.724236999719707],[-111.02123800001048,45.723918999978984],[-111.02125800010195,45.72336800012647],[-111.02128599969106,45.722838999960253],[-111.02134299959245,45.722230000280042],[-111.02135500018635,45.721893000227773],[-111.02134799961533,45.721831000004215],[-111.02134000011773,45.721760000068301],[-111.02131800037644,45.72156200001772],[-111.02130400013272,45.721468000045832],[-111.02126899997262,45.721244000102431],[-111.02125700027706,45.720961999988667],[-111.02125300007908,45.720660999737945],[-111.02123700018556,45.720327000005824],[-111.02123499963743,45.720292999909859],[-111.0212759996453,45.719934000105759],[-111.02134199976756,45.719617999772296],[-111.02137899957746,45.719398000088589],[-111.02139899966895,45.718986999747081],[-111.02139700001914,45.718280999930556],[-111.02140700006487,45.717931999755002],[-111.02141799993552,45.717753000273127],[-111.02142700015638,45.717606999703513],[-111.02143499965396,45.716928999800494],[-111.02142899980618,45.716621999879685],[-111.02144300004987,45.715580000205215],[-111.02143399982906,45.715271999974796],[-111.02142700015638,45.714721999955749],[-111.0214220001335,45.714302999943094],[-111.02140899971471,45.713897000127105],[-111.02140899971471,45.713743000290485],[-111.02138299977544,45.713002000100083],[-111.02137199990479,45.711794000313283],[-111.02136699988191,45.711701999940793],[-111.02135500018635,45.711496999691136],[-111.02133500009485,45.710687999888776],[-111.0213099999805,45.710221999998701],[-111.02130400013272,45.710210999973242],[-111.02120000037564,45.710022000052376],[-111.02109599972025,45.709858999896106],[-111.02104499966663,45.709779000111148],[-111.02098399956725,45.709537000268497],[-111.02096299965086,45.709310999733709],[-111.02095099995529,45.709293000195821],[-111.02095299960511,45.709268999966575],[-111.02097199987169,45.709026999797736],[-111.02099100013827,45.708935999800126],[-111.02110999996397,45.708687999950726],[-111.02126499977464,45.708442000095701],[-111.02088099963508,45.708345000242844],[-111.02069300021243,45.708312000306258],[-111.02059899960278,45.708312000306258],[-111.02052800035599,45.708345000242844],[-111.02044200014228,45.708417000207945],[-111.02026999971481,45.708531999724585],[-111.02021500036155,45.708559000024096],[-111.02017600000349,45.708565000158544],[-111.02000299975113,45.708488000161111],[-111.0198389997196,45.708449000162652],[-111.01925899976146,45.708257000159605],[-111.01885200005569,45.708098000206725],[-111.01882100009355,45.708102999837322],[-111.01858599991689,45.708069999757868],[-111.01823100008967,45.707936000014442],[-111.01788899978291,45.707807000234212],[-111.01774800021592,45.707767999760605],[-111.01766200000218,45.70775200021793],[-111.01755300022224,45.707767999760605],[-111.01737199957395,45.707855999986421],[-111.01730200015206,45.707872000126649],[-111.01722400033425,45.707877999707563],[-111.01713700029563,45.707861000265979],[-111.01685600008824,45.70772400022306],[-111.01657400005594,45.70738000030655],[-111.01654700029174,45.707329000257253],[-111.01651200013166,45.707261999851177],[-111.0164030003517,45.707148000174129],[-111.0163050004424,45.707100999689345],[-111.01621000000786,45.707096999913176],[-111.01609700002996,45.707163999889694],[-111.01600599979335,45.707289000136832],[-111.01589299981545,45.7073789997402],[-111.01582099984543,45.7073789997402],[-111.01574499967747,45.70735499994376],[-111.01542199963727,45.707253999694359],[-111.01481499991495,45.707280000043077],[-111.01452200001199,45.707137000170981],[-111.01441700042999,45.707131999826665],[-111.01439399996546,45.707120999820368],[-111.01435299995758,45.707099999745324],[-111.01422999993395,45.707046000233014],[-111.01380700033462,45.70687000022906],[-111.01366500004441,45.706828999831366],[-111.0134399999135,45.706762000080595],[-111.01327400023217,45.706712000045776],[-111.013163999729,45.70666699972525],[-111.01308799956101,45.706604000219386],[-111.01299999969746,45.706527000029844],[-111.01296399971244,45.706496000184295],[-111.01295500038992,45.70645500013962],[-111.01295700003976,45.706443000044338],[-111.01295899968957,45.706432999858372],[-111.01296899973532,45.706378999701776],[-111.01297799995614,45.706312999997103],[-111.01297399975819,45.706295000121145],[-111.01296999956023,45.706274999694578],[-111.01287699967382,45.706189999997385],[-111.01278999963517,45.706144999883982],[-111.01266400013679,45.706109000018095],[-111.01252600004453,45.706080999827584],[-111.01242599958711,45.706077999940732],[-111.01240899986868,45.706076999978471],[-111.01223999981426,45.70608399971421],[-111.01221300005008,45.706086000265913],[-111.01210099989709,45.70611699971149],[-111.011961000155,45.706192999878212],[-111.01189199965972,45.70621500025387],[-111.01177899968182,45.706241999790564],[-111.011700999864,45.706251000051488],[-111.01162999971889,45.706246000255256],[-111.01149900019765,45.706188000076793],[-111.01149400017476,45.706170000160597],[-111.01148300030412,45.706138000155839],[-111.01148199958089,45.706115999749876],[-111.01148699960378,45.70609699984854],[-111.01149300034986,45.706076000016139],[-111.01148499995394,45.706066999727035],[-111.01143700027338,45.706012999844162],[-111.01135799973233,45.705993999907861],[-111.01123999973157,45.7059850002329],[-111.01107700042327,45.706016999697901],[-111.01100000043036,45.706093000000571],[-111.01091199966851,45.706169000199921],[-111.01085099956913,45.706226999770756],[-111.01080200006365,45.706303999746204],[-111.01075500020798,45.706322000246544],[-111.01069300028371,45.706327000036026],[-111.0106439998799,45.706312000038977],[-111.01060500042014,45.706282000032864],[-111.01060799989489,45.706217000173545],[-111.01058799980341,45.706164999729765],[-111.01057100008497,45.706158999964991],[-111.0104179999241,45.706104000209159],[-111.01029300025061,45.706119000261964],[-111.01020100018911,45.706102000285441],[-111.01015400033343,45.70608399971421],[-111.00993699970016,45.705913000271863],[-111.00974000005664,45.705798999725715],[-111.00958100004799,45.705740999710805],[-111.00952499997149,45.705710000056712],[-111.00938600005432,45.705651999949417],[-111.00922700004567,45.705566999932316],[-111.00905700016635,45.705492000141959],[-111.00897000012773,45.705479999839945],[-111.00890599965531,45.705436999729876],[-111.00885899979964,45.705425000043412],[-111.00882399963953,45.705430999886971],[-111.00877400030913,45.705452999935211],[-111.00869499976812,45.705443000199502],[-111.00860000023187,45.705421000147361],[-111.00852999991169,45.705421000147361],[-111.00842100013173,45.705461999695771],[-111.00837500010097,45.705524999861375],[-111.00833400009309,45.705584000071546],[-111.00830399995586,45.70564700009961],[-111.00822399958992,45.705728000121034],[-111.0081380002745,45.705772999942781],[-111.00799799963411,45.705787000116949],[-111.00787899980843,45.705769000071626],[-111.00780199981551,45.705751999988664],[-111.00758000005767,45.705588999926988],[-111.00752599963101,45.705522999916944],[-111.00747899977533,45.705497999978327],[-111.00743500029273,45.705487000277842],[-111.00734800025408,45.705488000250696],[-111.00720099994099,45.705526999805691],[-111.00694300019813,45.705636999771293],[-111.00687600025098,45.705692999955801],[-111.00680900030383,45.70577599984599],[-111.00667700005934,45.705880000154195],[-111.00652800009645,45.705970000144127],[-111.00642599998918,45.706019000251949],[-111.00628299987406,45.706045999883365],[-111.00615099962957,45.706060999951738],[-111.00603000015407,45.706054000213072],[-111.00584799968085,45.706027999921439],[-111.00577200041121,45.706006000099528],[-111.00576999986306,45.706085000303737],[-111.00565799971007,45.706064999802038],[-111.00543099992936,45.706023000105247],[-111.0051179999349,45.705990000052473],[-111.00489100015419,45.7059850002329],[-111.00478900004693,45.705990000052473],[-111.00466299965025,45.706011999880729],[-111.00447500022757,45.706082999752049],[-111.00429500030252,45.706171000121195],[-111.00417800012666,45.706241999790564],[-111.00406799962347,45.70632400016239],[-111.00395800001864,45.706433999814323],[-111.00388799969843,45.706527000029844],[-111.00382499994923,45.706659000110562],[-111.00373799991061,45.706971999864002],[-111.00370699994846,45.707009999692758],[-111.00366799959039,45.707048000122946],[-111.00362099973474,45.707070000162112],[-111.00351100012988,45.707103000204597],[-111.00338599955811,45.707114000214432],[-111.00284499995801,45.707103000204597],[-111.00253199996358,45.707074999884647],[-111.00243099968122,45.70704199982562],[-111.00228199971833,45.706970999917729],[-111.0021329997554,45.706805999748084],[-111.0019219998682,45.706624999853439],[-111.00176500040769,45.706565000161106],[-111.00138200009306,45.706476999784826],[-111.0011469999164,45.70641100019585],[-111.00102899991563,45.706367000217504],[-111.00084899999057,45.706251000051488],[-111.00077899967037,45.706174999963629],[-111.00072199976896,45.706076000016139],[-111.00070900024848,45.706054000213072],[-111.00063800010338,45.70595500005129],[-111.00058299985179,45.705895000267112],[-111.00052799960022,45.705884000017399],[-111.00043399988887,45.705884000017399],[-111.00038000036051,45.705895000267112],[-111.00029400014679,45.705966000287027],[-111.00026999985734,45.706009999953721],[-111.0002389998952,45.70615800000413],[-111.00015299968149,45.70628499990876],[-111.00009800032822,45.706333999740515],[-110.99991800040316,45.706444000000104],[-110.99976199986925,45.70652600007557],[-110.99968300022651,45.706554000043191],[-110.99962100030223,45.706542999923151],[-110.99944100037717,45.706449999734296],[-110.99929900008695,45.706301999829641],[-110.99924399983537,45.706158999964991],[-110.99914199972812,45.706088000190206],[-110.99889099965796,45.706060999951738],[-110.99886300006887,45.706059000026528],[-110.99828999978341,45.706392999724123],[-110.99685100020788,45.707235000179814],[-110.99581099994222,45.70769600021417],[-110.99525799974825,45.707844000191891],[-110.99465400039898,45.707951000203018],[-110.99458900010166,45.707953000060542],[-110.99345599994956,45.707991999777754],[-110.99229199983533,45.707979000084173],[-110.98936299973231,45.707957999704149],[-110.98817299967882,45.707936000014442],[-110.9850100001224,45.707913999688849],[-110.98468799990712,45.707909999970845],[-110.98414700030703,45.707901999906767],[-110.98341099981496,45.707900000047374],[-110.98260499990103,45.707921999751207],[-110.98218899997443,45.707972999886778],[-110.98145500003051,45.708119999832626],[-110.98118899989171,45.708173000264516],[-110.98103800027899,45.708202999883085],[-110.98077899981288,45.708268999865432],[-110.97897100016641,45.708751000244419],[-110.97839100020829,45.708871999802689],[-110.97814299961284,45.708898999937972],[-110.97800200004585,45.708905000035969],[-110.97787999984712,45.708904000124214],[-110.97774299957976,45.708898000026124],[-110.97761999955611,45.708886999740045],[-110.97740000034642,45.708853000210787],[-110.97715699977384,45.708797000055498],[-110.97661199997582,45.708589000062773],[-110.9762169999656,45.708397999834119],[-110.97616500008705,45.708370000162851],[-110.97608800009417,45.70832900023801],[-110.97566600031978,45.708114000277682],[-110.97522199990577,45.70792799995408],[-110.97502299971414,45.707880000195061],[-110.974915999584,45.707859999708241],[-110.97481000017711,45.707855000055915],[-110.97461099998549,45.707866999848072],[-110.97450100038064,45.707891999981868],[-110.97439300042559,45.707933000227193],[-110.97417999999026,45.708035999731656],[-110.97368500042094,45.708353000243569],[-110.9735129999935,45.708458000068184],[-110.97332600039574,45.708546999753182],[-110.97314499974745,45.708624000296645],[-110.97291899979164,45.70868500020385],[-110.97270299988159,45.708724999952565],[-110.97224400029727,45.708767000128454],[-110.97190600018847,45.708783000007912],[-110.97110100009942,45.708795000228122],[-110.97076700018859,45.708774000154662],[-110.97043999995043,45.708727999697345],[-110.96985499996943,45.708634000090591],[-110.9694239999742,45.708576999798289],[-110.9679169997283,45.708461999746973],[-110.96774600002406,45.708441000175675],[-110.96760600028199,45.708413999819207],[-110.96747300021261,45.708378000159946],[-110.9673610000596,45.708337000241023],[-110.96716799971576,45.708243999900297],[-110.96657600006205,45.707820999898928],[-110.96633400021271,45.707681999890831],[-110.96612900017331,45.707590000277506],[-110.96596900033974,45.707541000292125],[-110.9657910000645,45.707504000133881],[-110.96547499969702,45.70745600001073],[-110.96529399994705,45.707443000192498],[-110.96493499992185,45.707438999813476],[-110.96438699975076,45.70742400011487],[-110.96392700034153,45.707396999894421],[-110.9635309996081,45.707341000162344],[-110.96317099975798,45.707263999733399],[-110.96288500042604,45.707166999718247],[-110.96263699983061,45.707065999756431],[-110.9624040002021,45.706953000253662],[-110.96106000016282,45.70620200014698],[-110.96064599988603,45.705978999821461],[-110.96047699983163,45.705896000232684],[-110.96023699963212,45.705816999761375],[-110.96003699961558,45.705765000200152],[-110.95982599972837,45.705729000089548],[-110.95949099999262,45.705696999832391],[-110.95922700040197,45.705687000140323],[-110.95764200033827,45.705655999828984],[-110.95644999973662,45.705656999798833],[-110.95603600035815,45.705694999894106],[-110.95575299960261,45.70573799980572],[-110.9555409998905,45.705776999813637],[-110.95528599962238,45.705831999891203],[-110.95429599958543,45.706125999992501],[-110.95417599993483,45.706161999847446],[-110.95414900017063,45.706170000160597],[-110.95373200041914,45.706270999859299],[-110.95321400038529,45.706357000017995],[-110.95271200024492,45.70640199996074],[-110.95244000025839,45.706415999977338],[-110.95220300043191,45.706410000239501],[-110.95189700011015,45.706391999767497],[-110.95071100025463,45.706245000295937],[-110.9494779996451,45.706076999978471],[-110.94573799960526,45.705545999900764],[-110.94461799987197,45.705364999690374],[-110.9443459998854,45.70531199973275],[-110.94232800017663,45.704922000203638],[-110.94054499974619,45.70456800008985],[-110.93999499992529,45.704459999885358],[-110.93197199969744,45.702883000237129],[-110.93100299957686,45.70269700007411],[-110.93042099996892,45.702619000125118],[-110.93011499964715,45.702596000191804],[-110.92989500043745,45.70259300011795],[-110.92960300035939,45.702607999858138],[-110.92933800004552,45.702648000191253],[-110.92904199976951,45.702706000278354],[-110.92883500008028,45.702760000218845],[-110.92877200033109,45.702775999935611],[-110.92848199990286,45.702867999943336],[-110.92841800032875,45.700165999943728],[-110.92841599978063,45.700073999881475],[-110.9283859996434,45.699985999953086],[-110.92830899965051,45.699757000103325],[-110.92817800012925,45.699688999956393],[-110.92803500001413,45.699635000186767],[-110.92780900005832,45.699627000193217],[-110.9229929997678,45.699572999736304],[-110.92275299956827,45.699570000127643],[-110.92256400032072,45.699567999970228],[-110.92242899970319,45.69955899988819],[-110.92229499980888,45.699539000188672],[-110.92218600002894,45.699501999753288],[-110.92208899994455,45.69945100004567],[-110.92177900032316,45.699190000296994],[-110.92169999978212,45.699146999740705],[-110.92159299965202,45.699115000107788],[-110.92149300009289,45.699102000232088],[-110.92139699983342,45.699097999883605],[-110.921267999962,45.699108000126834],[-110.92115699963391,45.699125999807222],[-110.92091899998255,45.699183999783635],[-110.92005500034227,45.699421000122079],[-110.91976200043933,45.699460000145102],[-110.91939800039125,45.699482000033441],[-110.91908100019883,45.699470999776615],[-110.918522999982,45.699460000145102],[-110.91829500037638,45.699447999803063],[-110.91820999998755,45.699443000025802],[-110.91798499985666,45.699423000284803],[-110.91782199965004,45.699397000046197],[-110.91769399960353,45.699368000175959],[-110.91697399990331,45.699166000121913],[-110.91637399985368,45.698973000143297],[-110.91612000030879,45.698870999716483],[-110.91593000033798,45.698772000010038],[-110.91576499958323,45.6986680002817],[-110.91558100035853,45.698512999796812],[-110.91552699993186,45.698454999751796],[-110.91542700037274,45.698347999759683],[-110.91520200024183,45.697978000225859],[-110.91506099977653,45.697771999726285],[-110.91495899966927,45.697622999948806],[-110.91462499975844,45.697276999751026],[-110.9144049996504,45.697130000154139],[-110.91428099980185,45.697055999835257],[-110.91414799973246,45.696983000170846],[-110.91387300027117,45.696873000118345],[-110.91376000029327,45.69682099976724],[-110.91359200006376,45.696727999718526],[-110.91345599962133,45.696632999880137],[-110.9133610000851,45.696533999975927],[-110.91322600036587,45.696354000214399],[-110.91287700038642,45.695773999760263],[-110.9127209998525,45.695516000243067],[-110.91248700039908,45.695012000189294],[-110.91223999962857,45.694499999885771],[-110.91201200002293,45.694182999880148],[-110.91155099989048,45.693519999732132],[-110.91149399998908,45.693389999753421],[-110.91132699958449,45.693008999769276],[-110.91114599983452,45.692526000248222],[-110.9111230002683,45.692033000069095],[-110.9115319996239,45.691482000188934],[-110.91196799964199,45.691057999882339],[-110.9123259998423,45.690664999982161],[-110.9124749998052,45.69049899976482],[-110.9126160002705,45.690181000051624],[-110.91299399966397,45.68928799984063],[-110.91312599990844,45.688973999962997],[-110.91327499987136,45.68860099970626],[-110.9133629997349,45.688380000017673],[-110.91367499990444,45.687607999690535],[-110.91375899957002,45.687401000229151],[-110.91404999982318,45.686785999720847],[-110.91406400006687,45.686755999905728],[-110.91428499999981,45.686380000231004],[-110.91462899995641,45.685816999756476],[-110.91467199961409,45.685745999879451],[-110.91482099957702,45.685383999954176],[-110.91483099962275,45.684950999938138],[-110.91471900036808,45.684775999756077],[-110.91445499987913,45.684381000201661],[-110.91438600028215,45.684258000276209],[-110.914347999749,45.684172999741094],[-110.91432600000769,45.684093000227023],[-110.91431099993909,45.683987999828219],[-110.91430099989333,45.683642999730296],[-110.91431099993909,45.683040999801435],[-110.91434100007631,45.682775999768445],[-110.9143899995818,45.682452000281941],[-110.91444999985625,45.682326999734371],[-110.91455000031368,45.682202000162732],[-110.91468000001001,45.682083000150378],[-110.91484300021665,45.681982000062625],[-110.91497600028603,45.681925000212189],[-110.91609000017156,45.6816530002585],[-110.91634799991439,45.681557000143698],[-110.91654899975585,45.681452000006026],[-110.91690600013125,45.681133999696044],[-110.91735600039304,45.680668000113492],[-110.91761800033387,45.680381000275013],[-110.91780300028178,45.679978000149035],[-110.91782599984801,45.679589999896898],[-110.91790799986377,45.679235000264455],[-110.91814300004042,45.678926999992584],[-110.9184660000806,45.678630999698782],[-110.91882900030376,45.67834999969272],[-110.919436999851,45.678145999996985],[-110.92098799957951,45.677790000149507],[-110.9210779999912,45.677770000196674],[-110.92201699997452,45.677559000101716],[-110.9223519997103,45.677481000237023],[-110.92255000007702,45.677433999920027],[-110.92317600006589,45.677306999760781],[-110.92406900001848,45.677279000210795],[-110.92461100034178,45.677318999832679],[-110.92518600027705,45.677372999810324],[-110.92531199977543,45.677393999752724],[-110.92545800026362,45.676864000171371],[-110.92557500043949,45.676522000296863],[-110.92561300007432,45.676426000165613],[-110.92565900010507,45.676306999793887],[-110.92583099963421,45.676049000234009],[-110.92602800017602,45.675816000151833],[-110.9263100002083,45.675545999761702],[-110.92637299995752,45.67545300011377],[-110.92640100044491,45.675373999940476],[-110.92640200026982,45.675302999991494],[-110.92637799998037,45.675227999779587],[-110.92634299982028,45.675170000065648],[-110.92612199988734,45.674903000001237],[-110.92606699963575,45.674801000239782],[-110.92604099969647,45.674707000085803],[-110.9260330001989,45.674596000261616],[-110.92605599976513,45.674290999899348],[-110.92603700039683,45.674127999769233],[-110.92600300006166,45.673948000082795],[-110.92593500028958,45.673808000065875],[-110.92578600032668,45.673620999945371],[-110.92573600009797,45.673400000081536],[-110.92569500009007,45.673020000073166],[-110.9256740001737,45.672910999896843],[-110.92562700031802,45.672788999793255],[-110.92557299989133,45.672719000262042],[-110.9255200001879,45.672676999999105],[-110.92550000009641,45.672660999830853],[-110.92542300010352,45.672627000242784],[-110.92529900025495,45.672593999939799],[-110.92494799972737,45.672518999863541],[-110.92482100040407,45.672480999820003],[-110.92467400009097,45.672419999960468],[-110.92456100011307,45.67235199984318],[-110.92413000011784,45.67209199974053],[-110.9240210003379,45.672045999862199],[-110.92394400034502,45.672021999965267],[-110.9238730001999,45.672005000293574],[-110.92344800005246,45.671928000165146],[-110.92312800038533,45.671856000291605],[-110.92268800016929,45.671757999791808],[-110.92254300040432,45.671732999822595],[-110.92229700035702,45.671699000298496],[-110.92102799976249,45.671472999982917],[-110.92082600009613,45.671450999747925],[-110.92073300020969,45.67145500019074],[-110.92042600006303,45.671498000068254],[-110.92028999962061,45.671512999988572],[-110.92014999987853,45.671515999846598],[-110.92002100000708,45.671511000083136],[-110.9199030000063,45.671491999722384],[-110.91967000037782,45.671446999932542],[-110.91938900017041,45.671418000006909],[-110.91897099969566,45.671387000156393],[-110.91861300039369,45.671350999883259],[-110.91836499979826,45.671313000302092],[-110.91794499967369,45.671240000307542],[-110.91622400006587,45.670912000077095],[-110.91585800036796,45.670851999727461],[-110.9155379998025,45.670824000086299],[-110.91517700012749,45.670803000189331],[-110.91503999986013,45.670785000181681],[-110.91491299963853,45.670755999913041],[-110.91465300024585,45.670681999852192],[-110.91423999979396,45.670541999825645],[-110.91409800040206,45.670492000045179],[-110.9132709996734,45.670201000210426],[-110.91315100002279,45.670185999938489],[-110.9123330004133,45.670138999771822],[-110.91210099971138,45.670115000312578],[-110.91179100009001,45.670070000043346],[-110.91147100042285,45.670010000046517],[-110.91140299975245,45.670007000107773],[-110.91110599965155,45.670024999737883],[-110.91097299958217,45.670024999737883],[-110.9101940003307,45.669930999722446],[-110.90965100018249,45.669893999786616],[-110.90893300013209,45.669630000247025],[-110.90892100043652,45.666866999907327],[-110.90891399986553,45.665112000125106],[-110.90891300004061,45.664614000296972],[-110.90763699977339,45.664629000178735],[-110.90766899956043,45.664602000011975],[-110.90809399970787,45.664306999992],[-110.90838699961083,45.66413299998986],[-110.90890899984265,45.663824000006045],[-110.90963600011388,45.663392000235604],[-110.91051800019582,45.662897999973097],[-110.91057000007433,45.662869000012869],[-110.91081899959637,45.662782000042057],[-110.91112900011608,45.66269800026663],[-110.91151800027852,45.662600000055463],[-110.91189499984706,45.662545000150089],[-110.91208900001583,45.662463999734456],[-110.91245999973658,45.662224000023947],[-110.91261100024762,45.662126000238729],[-110.91285999976967,45.66203399975894],[-110.91316299971837,45.661978999925317],[-110.91349800035243,45.661973999937807],[-110.91382399986738,45.662039999863048],[-110.91415899960312,45.662132999825481],[-110.91446199955183,45.662237000309325],[-110.91476500039883,45.662323999871433],[-110.91500600042326,45.662367999973746],[-110.91540700028125,45.662351999997611],[-110.91612199995861,45.662286999929819],[-110.91664300036551,45.66222199978661],[-110.9171570002014,45.66217300022759],[-110.91750700000577,45.662069999746315],[-110.91781400015243,45.661945000126735],[-110.91872399982346,45.661760000177644],[-110.91913700027533,45.661601999988278],[-110.91969999961672,45.661346000085906],[-110.9201909998864,45.661122999820392],[-110.92065799986662,45.6608830000119],[-110.92086100025621,45.660774000057351],[-110.92108600038711,45.660724999858893],[-110.92131200034292,45.660736000201872],[-110.92160699989572,45.660791000000863],[-110.921816999958,45.660884000154496],[-110.92202700002028,45.660955000188004],[-110.92221399961804,45.660977000153615],[-110.92247800010699,45.66091199974516],[-110.92276599998706,45.660863000295322],[-110.92336500021179,45.660780999813127],[-110.92390900018492,45.660650999721355],[-110.92428300027872,45.660602000043099],[-110.92461700018957,45.660602000043099],[-110.92491699976523,45.660569999704734],[-110.92521600041428,45.660493999691106],[-110.92564400003646,45.660411999924143],[-110.92647699971458,45.660124000265867],[-110.92698999972556,45.659992999745803],[-110.92742999994161,45.659894999822569],[-110.9279000002949,45.659774999926363],[-110.92852999958343,45.659563000255609],[-110.92892700014178,45.659377999969976],[-110.92961199968192,45.659029000003386],[-110.929899999562,45.658877000084544],[-110.93010999962428,45.658805999927331],[-110.93041299957299,45.65874599978622],[-110.93236000003495,45.658556999831845],[-110.93291800025177,45.658491999753267],[-110.93303100022968,45.658455999976717],[-110.93313199961371,45.658407000261157],[-110.93342000039212,45.65824399970694],[-110.93353599984475,45.658200000130854],[-110.93370599972405,45.658175999947964],[-110.93394500009866,45.658157000083627],[-110.93410400010731,45.658138000212851],[-110.93427099961359,45.65809999982411],[-110.9347789996017,45.657995999817928],[-110.93526099965055,45.657848999962752],[-110.93559200008667,45.657717999770846],[-110.93582100041552,45.657626000210179],[-110.93641300006922,45.657511999807809],[-110.93694199997373,45.657415000141839],[-110.93749799964243,45.65726999980361],[-110.93810199989001,45.657077999886489],[-110.9392629996312,45.656718000151074],[-110.93968199993085,45.656608000031923],[-110.94007399956801,45.656517000123912],[-110.94043799961609,45.656421999806902],[-110.94051200013425,45.656384999732332],[-110.94076099965628,45.656216999697257],[-110.94115300019175,45.65592000024089],[-110.94161099995114,45.655585000253318],[-110.94208999962694,45.65526399978144],[-110.94242400043611,45.654971000031068],[-110.94265799988952,45.65479899977214],[-110.94272400001175,45.654758999753],[-110.94278099991317,45.654723999712864],[-110.94294099974674,45.654647999927043],[-110.94311099962606,45.654587999725898],[-110.94317799957321,45.654563999878597],[-110.94353699959841,45.65444899989194],[-110.94375400023169,45.654336000188273],[-110.94386300001163,45.654268000078908],[-110.94388700030109,45.654251000038641],[-110.94417099998321,45.654041999713158],[-110.94442299987828,45.653881999814097],[-110.94471099975837,45.653725999911963],[-110.94497199987427,45.653595999766203],[-110.94530599978513,45.653426000231207],[-110.94537500028041,45.653396000111961],[-110.94572799955954,45.653242999693326],[-110.94667900013674,45.65279600000342],[-110.94711000013194,45.652616000161593],[-110.94725599972182,45.652577000130073],[-110.94739600036222,45.652555000003709],[-110.94755100017294,45.652547000183965],[-110.94802599965077,45.652545000228869],[-110.95160400020718,45.652631000118198],[-110.95237300031123,45.652631999780247],[-110.95253599961954,45.652631999780247],[-110.95279000006272,45.652633000070225],[-110.95364899968013,45.652633999732238],[-110.95953000035068,45.652651999925048],[-110.96004099981351,45.652653999876371],[-110.96005000003436,45.650996999733181],[-110.96006900030093,45.645440999759927],[-110.96007000012585,45.645123999991227],[-110.96008000017159,45.643088999976648],[-110.96007000012585,45.642842000011399],[-110.96008299964632,45.640518000134144],[-110.96011199995864,45.639180999975146],[-110.96011699998151,45.638929000206126],[-110.96013299987503,45.638194999874138],[-110.9602020003703,45.634613000228548],[-110.96214999975888,45.634626999997742],[-110.96707300017952,45.634662000033543],[-110.96996999959715,45.634696000065361],[-110.9700790002754,45.63458800000388],[-110.97019599955296,45.634445000212892],[-110.97043800030062,45.634115999874894],[-110.97049299965389,45.634022999866438],[-110.97066500008134,45.633639000162688],[-110.97074299989916,45.633489999812845],[-110.97084400018147,45.63335299976972],[-110.9711339997114,45.633056999688499],[-110.97143099981233,45.632815000175178],[-110.9716340002019,45.632667000165533],[-110.97170399962378,45.6325849998561],[-110.97186799965533,45.632338000068245],[-110.97250899971283,45.631843999739395],[-110.97274399988947,45.631608000237506],[-110.97282900027827,45.631504000035122],[-110.97296300017257,45.631339000248232],[-110.97309600024197,45.631218000053885],[-110.97336099965753,45.630911000086208],[-110.97354899997849,45.63073499985795],[-110.97386899964563,45.630351000239742],[-110.9740219998065,45.630238999724689],[-110.97644799994428,45.630225000115686],[-110.98033199992415,45.630209999812813],[-110.98038999965046,45.630488000083133],[-110.98129699984673,45.634841999782743],[-110.98143499993903,45.634727000131804],[-110.98153700004627,45.63466599996449],[-110.98165400022212,45.634627999981149],[-110.98181099968266,45.634561999783486],[-110.98192799985853,45.634491000207404],[-110.98198300011011,45.634435999704323],[-110.98203699963847,45.634353000110536],[-110.98211500035458,45.634288000206624],[-110.98223300035535,45.634227000189561],[-110.98227199981508,45.634188999908538],[-110.98246699980876,45.633936000306399],[-110.9826230003427,45.633645000168492],[-110.98276399990969,45.633448000270782],[-110.98285799962102,45.633333000271818],[-110.98321699964622,45.63297599996254],[-110.98385799970373,45.632201999748297],[-110.9840960002534,45.631835000069394],[-110.98432700023208,45.631477000228884],[-110.98517800035188,45.630358000028963],[-110.98524799977376,45.63021999980581],[-110.9853420003834,45.629973999712426],[-110.98539699973668,45.629709999774754],[-110.98543500026983,45.629413999926904],[-110.98560000012628,45.629222000004702],[-110.98567799994407,45.629111999909981],[-110.98591999979342,45.62872199994775],[-110.98600600000714,45.628622999868568],[-110.9861850001073,45.628475000096735],[-110.98664600023973,45.627926000288809],[-110.98691999987611,45.627530999691544],[-110.98703700005198,45.627399000092851],[-110.98754500004009,45.626977000090065],[-110.98791999995883,45.626707999862369],[-110.9880530000282,45.626620000128888],[-110.98848300019853,45.626395000167825],[-110.98892000004153,45.62606000013006],[-110.98942800002965,45.625599000131857],[-110.98982700023782,45.625202999947767],[-110.98996000030721,45.625028000169749],[-110.99008499998067,45.624928999848763],[-110.99026400008083,45.624730999938784],[-110.99037299986077,45.624593999845551],[-110.99046699957208,45.624457000045766],[-110.99071699981735,45.624044999721896],[-110.99112299969822,45.623633000139712],[-110.99128699972974,45.623364000199921],[-110.99135700004993,45.623215999736317],[-110.99142800019506,45.623105999792379],[-110.99153699997501,45.622969000125792],[-110.99171699990006,45.622694999788372],[-110.99184199957352,45.622370999968069],[-110.99200499978015,45.621849999706768],[-110.99208299959795,45.621696000244825],[-110.99216100031407,45.62157499996696],[-110.99229400038347,45.621405000012885],[-110.99234899973672,45.621312000274472],[-110.99244199962315,45.621025999808232],[-110.99254399973039,45.620851000185255],[-110.99273899972405,45.620564999880564],[-110.99280900004428,45.620444000303266],[-110.99286400029585,45.620312999962785],[-110.99286400029585,45.620285000181283],[-110.9927539997927,45.620165000241094],[-110.99262900011921,45.620115000085526],[-110.99238700026986,45.620038999839053],[-110.9921989999489,45.619966999841189],[-110.99211299973517,45.619945000102675],[-110.99206599987953,45.619917999754868],[-110.99204199959006,45.619879999825166],[-110.99203499991739,45.619830000043706],[-110.9921279998038,45.619582999966582],[-110.99217499965947,45.619401999964587],[-110.99218300005539,45.61931999972623],[-110.99217499965947,45.619193999938489],[-110.99215100026832,45.619050999826364],[-110.99211199991025,45.61893000012325],[-110.99204900016109,45.618809999796348],[-110.99196299994736,45.618700000004111],[-110.99183800027387,45.618491999887105],[-110.99175200006015,45.618316000248733],[-110.99171199987718,45.61821700001299],[-110.99163400005939,45.617778000206471],[-110.99157100031019,45.617696000106392],[-110.99148500009646,45.61766300010126],[-110.9913679999206,45.617646999920424],[-110.99110199978182,45.617657999927417],[-110.99078100028977,45.617690999935547],[-110.99040600037105,45.61771299993012],[-110.98987499991838,45.617773999698677],[-110.9893819999989,45.617800999822251],[-110.98883499965271,45.617729999748676],[-110.98872500004786,45.617696999763552],[-110.98863100033654,45.617659000213578],[-110.9885450001228,45.617593000140289],[-110.98848999987122,45.617532999834907],[-110.98844300001556,45.61745600019718],[-110.98840399965749,45.617367999763658],[-110.9883960001599,45.617285999692342],[-110.98840399965749,45.617193000033353],[-110.98852900022929,45.616879999993927],[-110.9885519997955,45.616720999818668],[-110.98856799968901,45.61656199982086],[-110.9885669998641,45.616341999997253],[-110.9885519997955,45.616171999885111],[-110.98848099965038,45.615985999859525],[-110.98829700042569,45.615644000087343],[-110.98846599958179,45.615629999975113],[-110.98898000031599,45.615605000080066],[-110.98932300044767,45.615595999687891],[-110.98966700040424,45.615597999705358],[-110.98983800010848,45.615607999791621],[-110.99017899969201,45.615670999979876],[-110.99025800023306,45.615475999766069],[-110.99030000006583,45.615358999940639],[-110.99037299986077,45.615123000151534],[-110.99041999971644,45.614884000247486],[-110.99043300013523,45.614764000058805],[-110.99043300013523,45.614644000241661],[-110.9904180000666,45.614524000167783],[-110.99036700001299,45.614285000224328],[-110.99026800027877,45.613929999947835],[-110.99024599963916,45.613810000231211],[-110.99021600040025,45.613570000027657],[-110.99020100033162,45.613328999690403],[-110.99018600026302,45.613208999944511],[-110.9901579997756,45.613090000309512],[-110.99011699976774,45.612972000163353],[-110.9900590000414,45.612860000114502],[-110.9899800003987,45.612752000079965],[-110.98972199975752,45.612438999759277],[-110.98964899996258,45.61232999978963],[-110.98952799958876,45.612103999903923],[-110.98941999963371,45.611874999824884],[-110.98936000025758,45.611761999707547],[-110.98929099976229,45.611651999913995],[-110.9892139997694,45.611544000066814],[-110.98912500008096,45.611441000111839],[-110.98902399979859,45.611343999847094],[-110.98891400019376,45.611250999759669],[-110.9887970000179,45.611163000271446],[-110.98866999979627,45.611080999924255],[-110.98854799959753,45.610996000127507],[-110.98843100031998,45.610906000054463],[-110.98832500001477,45.61081100030944],[-110.9882489998468,45.61070500029156],[-110.98820600018909,45.610585999742284],[-110.98818899957233,45.610465999782903],[-110.98820100016623,45.6103460001952],[-110.98826100044067,45.609984000302468],[-110.98824499964883,45.609865999905374],[-110.98819600014335,45.609781999950805],[-110.98817699987677,45.609750000114531],[-110.988058999876,45.609669999815615],[-110.98789700039262,45.609621999958527],[-110.98772999998802,45.609587999799274],[-110.98756099993363,45.609568999793687],[-110.98687800004335,45.609507999897666],[-110.98670899998892,45.609488000061553],[-110.9865440001325,45.609455000253533],[-110.98621799971924,45.60937699977319],[-110.98607299995429,45.609318999716315],[-110.98589200020433,45.609160000097859],[-110.98575599976188,45.608960000174925],[-110.98569399983759,45.608767000138691],[-110.98568799998981,45.608740999881228],[-110.98574599971614,45.6087330000896],[-110.98650499977443,45.608781999895051],[-110.98667700020187,45.60877599974166],[-110.98689499976176,45.608749000300101],[-110.98730200036584,45.608650000141871],[-110.98759100007086,45.60859500004829],[-110.98788800017178,45.608522999809978],[-110.98799000027901,45.608518000077993],[-110.98823200012836,45.608539999900728],[-110.98851400016066,45.60859500004829],[-110.98858399958254,45.608573000247077],[-110.98860700004708,45.608556000166331],[-110.98854599994772,45.608469999863502],[-110.9885450001228,45.608451999929592],[-110.98856500021428,45.608440000179897],[-110.98860700004708,45.608434999812125],[-110.98864600040515,45.608445999740844],[-110.98872500004786,45.608518000077993],[-110.98882600033021,45.608577999974159],[-110.98887300018586,45.608567000071325],[-110.98892800043744,45.608539000080391],[-110.98899000036172,45.608528000169905],[-110.98906099960851,45.608549999988711],[-110.98909199957066,45.60857199979889],[-110.98914699982225,45.608637999806099],[-110.98917799978439,45.608648999695056],[-110.98932699974731,45.608660000210193],[-110.98942800002965,45.608681999977279],[-110.98973299962819,45.608517000257258],[-110.98988900016209,45.608451000107635],[-110.99074100010679,45.60823099988604],[-110.99098399978104,45.608176000010054],[-110.99116999955389,45.608149000279681],[-110.99128099988197,45.608143000058519],[-110.99158600037882,45.608143000058519],[-110.99228099996468,45.60816999979177],[-110.99317999976503,45.608186000162881],[-110.99326599997877,45.608197000140429],[-110.99344599990383,45.608251999995879],[-110.99356399990459,45.608345000028635],[-110.99368100008046,45.608416000044407],[-110.9937830001877,45.608459999761301],[-110.99421300035802,45.608570000159283],[-110.99435399992501,45.608591999961618],[-110.99511200015839,45.608602000040328],[-110.99525299972538,45.608568999711039],[-110.99540099986339,45.608553000077578],[-110.99553399993276,45.608563999983154],[-110.99563600004002,45.608602000040328],[-110.99572200025375,45.608650999960233],[-110.99594099963855,45.608849000098473],[-110.99607399970793,45.608947000092407],[-110.99642600006047,45.609160999907175],[-110.99649600038063,45.609232999954905],[-110.99655099973391,45.609418999755285],[-110.99658300041928,45.609485000022701],[-110.99664500034356,45.60956199992232],[-110.99677800041293,45.609703999925152],[-110.99687999962188,45.609787000198487],[-110.99700500019368,45.609852000235897],[-110.99743500036396,45.610006000178579],[-110.99800600010128,45.610230000140227],[-110.99827200024008,45.610388999867531],[-110.99884299997738,45.610636000225611],[-110.99932800039926,45.610761999762865],[-110.99946899996627,45.610821999772206],[-110.99956299967759,45.610883000124353],[-110.9995710000735,45.611019999787466],[-110.99958600014214,45.611041999885678],[-110.99967200035587,45.611102000223831],[-110.99976600006718,45.61113999981832],[-111.00011500004663,45.611231999689061],[-111.00018100016887,45.611238999980422],[-111.00025899998667,45.611227999971035],[-111.00049300033841,45.611150999844966],[-111.00077500037072,45.611085000281179],[-111.00100100032653,45.611091000187578],[-111.00116600018296,45.611144999944941],[-111.00157999956144,45.611315999985671],[-111.00172000020184,45.611348999955574],[-111.00197100027199,45.61138199990603],[-111.00208000005193,45.611370999924681],[-111.00227599987053,45.611321999867393],[-111.0024630003666,45.611260999992716],[-111.00254100018441,45.611249999987649],[-111.00263499989573,45.611266999880279],[-111.00269799964494,45.611282999996341],[-111.00281499982079,45.611359999941179],[-111.00292399960072,45.611403999862226],[-111.00300200031685,45.611420999708237],[-111.00315899977738,45.611414999837095],[-111.00321400002896,45.611425999809811],[-111.0033229998089,45.611470000307428],[-111.00349500023636,45.611574999741642],[-111.00376100037512,45.611755999872891],[-111.00386199975917,45.611816000075621],[-111.00393200007936,45.61184399968748],[-111.00400300022447,45.611860000267278],[-111.00411200000441,45.611866000090806],[-111.00454200017472,45.611861000028469],[-111.00486299966677,45.611876999975067],[-111.00489399962893,45.611894000306059],[-111.00509700001851,45.612069000235024],[-111.00518300023225,45.61211900002467],[-111.00534700026377,45.612162999978615],[-111.00568299982443,45.612211999929535],[-111.00619199963747,45.612267000246675],[-111.00633999977546,45.612273000026669],[-111.00673899998364,45.612239999972083],[-111.00692599958138,45.612268000000611],[-111.00732499978956,45.612422000221876],[-111.00784899967118,45.612646999707373],[-111.0081380002745,45.612779000108105],[-111.00866100033123,45.613037000279903],[-111.00903600024996,45.613228999710536],[-111.00985700023251,45.613684999729728],[-111.00995099994385,45.61375599989794],[-111.01005999972379,45.613865999963373],[-111.01011499997539,45.613898999689575],[-111.0103340002585,45.613991999784631],[-111.01044300003845,45.61402500006507],[-111.0106229999635,45.614041999744948],[-111.01124099955646,45.61400900010289],[-111.01141999965662,45.614020000195161],[-111.01157700001545,45.614041999744948],[-111.01170199968892,45.614097000152491],[-111.01253799974009,45.614531000048245],[-111.01269199972587,45.614623999723563],[-111.01284499988675,45.61471600016273],[-111.01311000020064,45.614557000135164],[-111.01345300033231,45.614388999699166],[-111.01360499976994,45.614339999765185],[-111.01374399968712,45.614305000234957],[-111.01392100013744,45.614267999989735],[-111.0140659999024,45.614241999768829],[-111.01420800019262,45.614225999868559],[-111.01437600042212,45.61422100001662],[-111.014453000415,45.614504999949261],[-111.01451100014133,45.614612000037624],[-111.0146070004008,45.61471600016273],[-111.01474600031796,45.614796999884909],[-111.01517300011523,45.614983999789679],[-111.01532700010102,45.615028000009282],[-111.01549000030762,45.615064999753123],[-111.01566799968455,45.61507200019436],[-111.0158259998683,45.615038000197181],[-111.01598400005206,45.614983999789679],[-111.01611399974838,45.614904000044504],[-111.01617599967267,45.614790000037651],[-111.01625799968843,45.614616999854711],[-111.01632700018372,45.614631999931646],[-111.01667000031539,45.614651999818577],[-111.01684199984454,45.614646000293092],[-111.01718300032638,45.614618999907101],[-111.01752100043518,45.614575999707704],[-111.01769200013941,45.614559999902731],[-111.01803299972295,45.614535000159037],[-111.01850599955095,45.614559000189651],[-111.01899000014795,45.614599999720767],[-111.01943799986159,45.614646000293092],[-111.01987499970461,45.614631999931646],[-111.0212480000562,45.614561999957147],[-111.02169199957193,45.614539000269595],[-111.02195600006088,45.614526000223442],[-111.02196000025883,45.614156000015605],[-111.02200899976432,45.610076999977153],[-111.02206200036609,45.605675000255964],[-111.02247999994252,45.605643999834051],[-111.02332799968926,45.605636000229204],[-111.02572299986488,45.605627000122446],[-111.02714700027011,45.605633999856458],[-111.02746100008947,45.605634999728586],[-111.02874400002939,45.605642000090064],[-111.02873599963347,45.605504999860131],[-111.02871300006724,45.605335000206011],[-111.02865000031807,45.605071999759417],[-111.02851700024867,45.604698999733351],[-111.0284550003244,45.604555999737933],[-111.02826000033073,45.604287000033352],[-111.02823600004128,45.604238000072108],[-111.02824400043718,45.604034999866528],[-111.02830700018637,45.603622999689421],[-111.02844000025578,45.603107000166737],[-111.02843199985985,45.603019999761379],[-111.02840900029362,45.602964999803959],[-111.02829999961538,45.60281100001334],[-111.02817499994191,45.602662999979472],[-111.02807299983465,45.602454000158495],[-111.02805000026842,45.60232800018494],[-111.02806600016197,45.602262000295354],[-111.02825299975972,45.602026000074041],[-111.02860500011222,45.601703000183342],[-111.02862900040165,45.601663999909192],[-111.02862900040165,45.601608999879396],[-111.02860500011222,45.601522000293556],[-111.02845699997421,45.60131899968782],[-111.02841799961615,45.601230999701642],[-111.02849600033227,45.601054999943784],[-111.02851200022579,45.600995000171523],[-111.02850399982988,45.600967000172062],[-111.02820699972897,45.600759000277243],[-111.02815999987328,45.600698000228334],[-111.02815300020059,45.600655000040661],[-111.02821500012489,45.600452000068998],[-111.02827799987408,45.600346999925492],[-111.02833999979835,45.600291999861703],[-111.02843400040798,45.600253999831857],[-111.02871600044031,45.600183000170198],[-111.02876999996866,45.600149999916219],[-111.02881699982433,45.600110999819599],[-111.02886100020525,45.600015000046469],[-111.0288799995735,45.599973999909984],[-111.02888799996943,45.59974899986932],[-111.02887200007591,45.5996889999575],[-111.02884100011376,45.599633999877192],[-111.02852899994423,45.599370999730787],[-111.02847399969264,45.599276999919503],[-111.02845000030152,45.599194999795095],[-111.02845799979913,45.599073999990445],[-111.02839599987483,45.598751000075467],[-111.02842000016427,45.598553000120972],[-111.02845100012641,45.598493000187318],[-111.02848999958618,45.598454000196],[-111.0285680003023,45.598432000188971],[-111.02881799964925,45.598416000178396],[-111.02889700019027,45.598378000135114],[-111.02892800015239,45.598345000076577],[-111.02894400004593,45.598289999935936],[-111.02893599965,45.59816900006534],[-111.02890499968787,45.598053999977601],[-111.02884199993868,45.597911000015301],[-111.02867000040955,45.597680999803728],[-111.0286240003788,45.597559999876943],[-111.02860000008936,45.597357000021461],[-111.02861599998288,45.59723600002453],[-111.02868600030308,45.596923999888475],[-111.02867100023444,45.596869000240638],[-111.02865500034095,45.596835999923258],[-111.02843600005782,45.596643999691523],[-111.02831899988196,45.596500999907228],[-111.02825699995768,45.596412999907216],[-111.0282179995996,45.596297999992025],[-111.02821000010202,45.596044999726175],[-111.02823400039145,45.595952000044811],[-111.02834300017139,45.595716000310318],[-111.02834300017139,45.595627999707858],[-111.02829600031575,45.595458000295977],[-111.02809399975106,45.595080000164835],[-111.02803100000185,45.59493700016646],[-111.02796099968167,45.594613000254967],[-111.0279060003284,45.594531000229082],[-111.02783600000818,45.594453999812075],[-111.02778099975662,45.594437999924409],[-111.02736700037813,45.594420999960171],[-111.02733600041599,45.594409999795701],[-111.02725799969988,45.594339000282318],[-111.02722599991283,45.594278000168266],[-111.02721099984421,45.594206999859288],[-111.02726600009582,45.5940859999845],[-111.02739099976925,45.593910999896337],[-111.02739099976925,45.593828000019322],[-111.02735200030953,45.593686000058661],[-111.02728899966203,45.593543000279638],[-111.02716399998855,45.593400000136292],[-111.02700800035292,45.593306999843101],[-111.02689899967467,45.593214000024403],[-111.0268290002528,45.593103999688388],[-111.02678999989473,45.593016000018714],[-111.02680499996335,45.592911999888308],[-111.02689899967467,45.59261000001289],[-111.02688399960607,45.592505999758743],[-111.02678200039712,45.592231000074143],[-111.02663400025914,45.591995999893101],[-111.02650899968734,45.591858000168109],[-111.02645400033406,45.591825000046988],[-111.02635300005174,45.591786999940553],[-111.02629799980015,45.591775999888426],[-111.02621199958642,45.591715000131572],[-111.02612399972287,45.591633000271585],[-111.02609500030886,45.591606000122773],[-111.02601699959276,45.591500999769963],[-111.02595399984355,45.591374999715867],[-111.02592299988142,45.591275999699405],[-111.02596200023949,45.591123000016317],[-111.02592299988142,45.591040999919983],[-111.02579099963695,45.59088099990835],[-111.02571299981915,45.590705999884158],[-111.02570500032152,45.590585000004531],[-111.02571299981915,45.590431000180516],[-111.02579099963695,45.590079999774112],[-111.02579099963695,45.589975999860734],[-111.02576800007073,45.589843999862488],[-111.02554100028999,45.589393999992723],[-111.02526799958022,45.588702999758894],[-111.02517499969379,45.588423000034304],[-111.02514399973164,45.588280000046971],[-111.02510500027192,45.587940000196973],[-111.02503499995169,45.587610999786776],[-111.02504199962442,45.587588999929423],[-111.02503499995169,45.587529000217451],[-111.02507400030976,45.587533999933946],[-111.02515200012756,45.587571999776557],[-111.02526099990752,45.587764999804222],[-111.02536300001475,45.587967999781718],[-111.02540900004553,45.588132000032587],[-111.02551899965037,45.588417999768318],[-111.02558899997057,45.588527000310584],[-111.02561699955967,45.588565000109568],[-111.02587799967559,45.588922999864828],[-111.02615899988297,45.589230000285895],[-111.02620599973865,45.589377999919769],[-111.02647900044842,45.589871999754706],[-111.02651799990817,45.589970999733161],[-111.0265410003727,45.590063999896657],[-111.0265339998017,45.59011899992764],[-111.02648699994603,45.590201000113787],[-111.02629100012746,45.590398999992637],[-111.02622800037825,45.590485999851865],[-111.02620499991373,45.59054100009795],[-111.02620499991373,45.590601999873499],[-111.02626000016531,45.590695000248736],[-111.02650899968734,45.591012999982304],[-111.02686100003984,45.591501999893964],[-111.02707899959972,45.591891000269882],[-111.02714200024722,45.592044999859539],[-111.02722799956265,45.592210000253147],[-111.02743099995224,45.592505999758743],[-111.02757099969432,45.592753000283459],[-111.02787600019117,45.592961999781643],[-111.02799300036703,45.593082000098228],[-111.02814900000264,45.593416999781169],[-111.02817999996479,45.593674999750128],[-111.02820400025423,45.593751999978785],[-111.02823500021637,45.593829000101856],[-111.02839099985198,45.594069999991966],[-111.02841500014141,45.594091999823426],[-111.02876599977068,45.594262000230465],[-111.02895099971862,45.594322999733265],[-111.02908700016108,45.594366999817858],[-111.0291880004434,45.594416000228577],[-111.02925799986529,45.594493000069136],[-111.0294689997525,45.594789000105294],[-111.02958599992836,45.594905000033393],[-111.02993800028085,45.595124000284436],[-111.03001600009864,45.595272000090688],[-111.0300470000608,45.595370999972559],[-111.03030499980366,45.595640000312407],[-111.03061000030051,45.595898000118574],[-111.03075800043851,45.595997000153169],[-111.03098500021923,45.596128000095618],[-111.03136799963555,45.596304000222979],[-111.03179000030826,45.59642000016229],[-111.03194599994386,45.596441999701071],[-111.03228200040284,45.596463999859743],[-111.03271199967483,45.596446999880719],[-111.03309499998949,45.596546000203908],[-111.03332900034121,45.59659600000235],[-111.03357200001547,45.596627999799672],[-111.03395500033011,45.596666999803006],[-111.03421300007297,45.596678000153624],[-111.03440800006665,45.596672999994553],[-111.03460300006033,45.596656000078795],[-111.03468900027406,45.596640000190419],[-111.03492399955238,45.59655199977982],[-111.03541599964696,45.596260999810688],[-111.0358619997108,45.595959999773406],[-111.03601099967371,45.595893999935726],[-111.03616700020764,45.595849999791291],[-111.03623699962951,45.595838999906931],[-111.03632299984322,45.595838999906931],[-111.03648699987477,45.595856000070142],[-111.03662800034007,45.595888000289456],[-111.03698800019018,45.59600900005028],[-111.03717499978794,45.596086000219337],[-111.03738599967514,45.596217999994018],[-111.03756599960019,45.596294999876285],[-111.0377070000655,45.59631700009264],[-111.03830799994003,45.596350000086723],[-111.03846500029888,45.596383000061387],[-111.03875400000388,45.596509000186089],[-111.03890200014189,45.596557999983617],[-111.03918400017419,45.596619000133508],[-111.03935599970332,45.596651999949991],[-111.03991100044541,45.596684999747062],[-111.04048899985541,45.596778000099292],[-111.0405669996732,45.596800000126287],[-111.0406219999248,45.596827999691008],[-111.04067600035148,45.596871999697129],[-111.04091900002572,45.597135000242936],[-111.0409890003459,45.597194999743067],[-111.04107499966133,45.597245000220298],[-111.04125499958639,45.597321999950459],[-111.04180199993256,45.597530000015752],[-111.04187200025278,45.597569000020698],[-111.04195799956818,45.597651000007232],[-111.04213800039155,45.597902999936281],[-111.04233300038521,45.598023999751987],[-111.04292699968875,45.598226999708601],[-111.04306800015407,45.598298999962644],[-111.04320100022345,45.598381000139447],[-111.04330199960746,45.598430000187903],[-111.04339600021713,45.598463000196411],[-111.0435290002865,45.598496000185499],[-111.04405999984084,45.598584000061614],[-111.04422399987237,45.598627999947887],[-111.04458399972248,45.598754000059898],[-111.04471699979187,45.598781999906656],[-111.04559200020108,45.598837000193591],[-111.0460139999755,45.598891999798063],[-111.04623300025861,45.59885300008407],[-111.04640499978774,45.598808999745685],[-111.04689799970724,45.598649999878063],[-111.04745299955101,45.598508000176757],[-111.04762499997845,45.59848000019322],[-111.04772600026082,45.598442000193238],[-111.04786199980495,45.598364000112639],[-111.04728000019698,45.598365000114377],[-111.04687000011813,45.598356000098249],[-111.0466140000251,45.598342000070332],[-111.04635999958191,45.598319000016843],[-111.04631399955115,45.598302999974045],[-111.0462809999392,45.598275999891548],[-111.04625699964974,45.598243999776919],[-111.0462399999313,45.598210000263684],[-111.04621700036509,45.598103000311625],[-111.04620499977119,45.597995000147201],[-111.04617899983194,45.597311999746594],[-111.04613199997627,45.59653799993032],[-111.04610199983902,45.595916999726043],[-111.04603400006697,45.594796999999645],[-111.04669500021596,45.594764999786783],[-111.04668799964497,45.59471600030934],[-111.0466409997893,45.594612000186366],[-111.04639899993997,45.594294000101549],[-111.04636700015291,45.594238999761792],[-111.04635200008428,45.594129000177695],[-111.04632799979485,45.594084999906549],[-111.04614899969471,45.593844000080857],[-111.04610199983902,45.593727999845385],[-111.04610199983902,45.593547000001472],[-111.04624300030434,45.593530999855254],[-111.04642999990209,45.593547000001472],[-111.04675100029247,45.593591000065871],[-111.04701599970802,45.593613000085114],[-111.04735200016701,45.593564000230465],[-111.0478450000865,45.593547000001472],[-111.04869700003121,45.59339900004607],[-111.04918099972987,45.593360000285898],[-111.04949399972432,45.593333999802148],[-111.05004899956811,45.5932729998529],[-111.05039300042301,45.593202000158222],[-111.05111200029832,45.593010000064794],[-111.05124500036771,45.592982999949868],[-111.05154999996623,45.593005000207462],[-111.05208899991648,45.593005000207462],[-111.05226899984153,45.592982999949868],[-111.05244799994168,45.59293900003739],[-111.0526749997224,45.592851000108986],[-111.05288599960959,45.592752000181711],[-111.05356600002517,45.592335000209275],[-111.05366800013242,45.592280999945579],[-111.0538010002018,45.592226000147406],[-111.05395699983741,45.592198000172296],[-111.0543789996118,45.592171000295338],[-111.05467599971273,45.592137999729594],[-111.05507499992089,45.592077999851355],[-111.05538700009043,45.592011999848367],[-111.05562899993977,45.59193999969942],[-111.05596600022366,45.591825000046988],[-111.05662999984736,45.591556000278615],[-111.0574969998607,45.591188999807528],[-111.05775499960355,45.591096000250779],[-111.05838800016346,45.590930999725259],[-111.05956899999613,45.590573999716817],[-111.05967000027847,45.590524999723335],[-111.05985000020353,45.590404000082138],[-111.05991299995272,45.590382000062192],[-111.06002400028079,45.590366000270876],[-111.06017800026659,45.590344000236037],[-111.06082699982171,45.590295000041756],[-111.06106899967104,45.590245000286906],[-111.06133499980982,45.590146000163159],[-111.06173300019307,45.589883000180002],[-111.06190499972222,45.589757000265379],[-111.06204600018752,45.58968599989452],[-111.06221299969377,45.589611000060401],[-111.06300699991218,45.589311999884885],[-111.06326499965502,45.589236000015312],[-111.06347600044053,45.589120000313727],[-111.0635230002962,45.589104000162671],[-111.06375799957452,45.589131000257765],[-111.06400000032218,45.589120000313727],[-111.06420299981345,45.589071000308145],[-111.06449999991437,45.588977999756565],[-111.06468800023535,45.588818999693608],[-111.064883000229,45.588626999693325],[-111.06499700003182,45.588537999742215],[-111.06502399979601,45.58851699979671],[-111.06528200043718,45.588407000313168],[-111.06535199985908,45.588390999958868],[-111.06542999967688,45.588385000139134],[-111.06559000040876,45.588404999954818],[-111.06564899995998,45.588411999951468],[-111.06575799973994,45.588411999951468],[-111.06586800024309,45.588389999779395],[-111.06727400020667,45.588001000284684],[-111.06740700027606,45.587946000064278],[-111.06750900038332,45.587890999789941],[-111.06771199987459,45.587731999791139],[-111.06775100023265,45.587715999873048],[-111.0680089999755,45.587655000104292],[-111.06848600000149,45.587529000217451],[-111.06855600032169,45.587480000080298],[-111.06874299991945,45.587259999976588],[-111.06876700020888,45.587243999923956],[-111.06888199983661,45.587214999777707],[-111.06896999970016,45.587193999965905],[-111.06933700012128,45.586849000047422],[-111.06939200037286,45.586820999904511],[-111.06968100007786,45.586732999813499],[-111.06972000043592,45.586711000240712],[-111.06979200040595,45.586609999748077],[-111.06980599975132,45.586591000133019],[-111.07001699963853,45.586393000023172],[-111.07008000028603,45.586304999889883],[-111.07013399981439,45.586173000059944],[-111.07021199963219,45.585865999893237],[-111.07024400031757,45.585795000258663],[-111.07070499955169,45.585164000145234],[-111.07075200030569,45.58511999976124],[-111.07079099976542,45.585109000288519],[-111.07087699997913,45.585048999811789],[-111.07154099960287,45.584499999827699],[-111.07189200013048,45.584115999801583],[-111.07221299962252,45.583615999904431],[-111.07266600025737,45.583089999755401],[-111.07279099993083,45.582914000311995],[-111.0729859999245,45.582574000024799],[-111.07328300002543,45.582145999827645],[-111.07331700036062,45.582108999747],[-111.0734710003464,45.581943000172515],[-111.07403500041102,45.580970999903428],[-111.07417400032818,45.580729999724994],[-111.0744079997816,45.580279999724546],[-111.074548000422,45.579827999854736],[-111.0744150003526,45.579251000225391],[-111.07435000005528,45.579113999690819],[-111.07437199979658,45.57847300014685],[-111.07430599967435,45.578294000242344],[-111.07428200028322,45.578135000098015],[-111.07422799985655,45.577899000267742],[-111.07428999978083,45.577767000164563],[-111.07439899956078,45.577634999751083],[-111.07453199963015,45.577449000213704],[-111.07468099959307,45.577195999864152],[-111.07472699962383,45.576987999891074],[-111.0747590003092,45.576696999717889],[-111.07475599993613,45.5766439998892],[-111.0753080003052,45.576643000129209],[-111.07518899958119,45.576482999948539],[-111.07474199969244,45.575165000285288],[-111.07459799975238,45.574740000212117],[-111.07422500038182,45.57424400028647],[-111.07404700010657,45.574007000016387],[-111.0733790002849,45.573117999886854],[-111.07333499990396,45.573060000076914],[-111.07282899956566,45.572385999736291],[-111.07251700029443,45.571559999777037],[-111.07236199958544,45.571148000130378],[-111.07214900004841,45.569834999804726],[-111.07208299992618,45.568302000042074],[-111.0723370003694,45.567330000099552],[-111.07234400004209,45.567303000210416],[-111.07133399991363,45.562746999871088],[-111.07125799974567,45.56258000028118],[-111.07117200043022,45.562291999713061],[-111.07085000021496,45.561541000068445],[-111.07064900037352,45.561204000036724],[-111.07047799977099,45.560938000208026],[-111.07034200022684,45.560834999813153],[-111.0700779997379,45.560736000031156],[-111.06988100009441,45.560668000200572],[-111.06951200002347,45.560614999711291],[-111.06909400044702,45.560489000151257],[-111.06888000018678,45.560366999878696],[-111.06868299964498,45.560146999831254],[-111.06841200038164,45.559693000063604],[-111.06817399983194,45.559386999843646],[-111.06793000033279,45.559198000040709],[-111.06766199964586,45.55897300007539],[-111.06738999965931,45.558721000227038],[-111.06725900013807,45.558527999741209],[-111.06719100036599,45.558342999907914],[-111.06715899968064,45.558243000050389],[-111.06705499992356,45.557925000251679],[-111.06695199999139,45.557726999693337],[-111.06682800014283,45.557613999973711],[-111.06594000021312,45.557417000308753],[-111.06544999976836,45.557236999860969],[-111.06518899965245,45.55709800013053],[-111.06498699998609,45.55685900025172],[-111.06483800002316,45.556287999984058],[-111.064811000259,45.556013000269182],[-111.06476699987807,45.555810999998691],[-111.06466899996876,45.555666999848334],[-111.06440700002794,45.555536999972205],[-111.06409700040655,45.555456000245719],[-111.06381000035137,45.555369999709463],[-111.06357699982455,45.555159000249752],[-111.06344100028043,45.554880000081724],[-111.06313999998154,45.55458799969167],[-111.06284899972842,45.554393999950861],[-111.06268600042011,45.5543040003041],[-111.06236099983178,45.554098000164721],[-111.06206899975375,45.553994000277775],[-111.06146000038159,45.553845000303944],[-111.06119199969469,45.553779000016171],[-111.06056900007883,45.553549000142318],[-111.06022500012226,45.553406000030648],[-111.06000599983913,45.55326200000794],[-111.05940999998748,45.552596000135992],[-111.05877700032589,45.551857999951295],[-111.05851500038509,45.551575000184116],[-111.05836300004911,45.551466999828406],[-111.05818999979674,45.551399000103729],[-111.05781400005311,45.551372999687679],[-111.05695100023776,45.551211000066701],[-111.05643499985371,45.551053999798185],[-111.05592299966763,45.550733999764155],[-111.05572199982618,45.550550000287842],[-111.05552400035778,45.550303000296779],[-111.05528800035624,45.549955999713497],[-111.05495899956993,45.549609999745428],[-111.05455500023722,45.549277000232031],[-111.05434599999982,45.549186999939856],[-111.05404300005115,45.549128999954853],[-111.05362399975149,45.549079000028144],[-111.05328999984064,45.549002999802767],[-111.05283700010411,45.548863999836612],[-111.05238099999453,45.548732999694188],[-111.05198000013654,45.548635000237994],[-111.05165899974617,45.548598999727204],[-111.05109600040478,45.548593999689395],[-111.05037800035437,45.548594999948641],[-111.05022799966824,45.54859199979996],[-111.04966299977872,45.548581999722657],[-111.04913899989708,45.548540999764512],[-111.0487039997039,45.54848700015765],[-111.04841699964871,45.548415999815013],[-111.04768699990275,45.548140999954065],[-111.04710000027193,45.547925999949271],[-111.04665699968282,45.547722999903868],[-111.04627400026648,45.547556999975818],[-111.04602400002123,45.547416999928238],[-111.04584599974599,45.547202000299755],[-111.04572400044559,45.54703999998079],[-111.04540600042827,45.54667099985317],[-111.04518499959701,45.546301999819754],[-111.045008000045,45.545987000053707],[-111.04485900008208,45.545649000167018],[-111.04468300035499,45.54536999997277],[-111.04448499998828,45.545275999701467],[-111.04411199971938,45.545185999923554],[-111.04269800025818,45.544875999935115],[-111.04200699997199,45.544719000216304],[-111.0413540002189,45.544551999893926],[-111.04106700016372,45.544485000314538],[-111.04071700035938,45.544381999960322],[-111.04033300021982,45.544218999985368],[-111.03992099959284,45.543967999748169],[-111.03951399988705,45.543630000304987],[-111.03893899995181,45.543180999737316],[-111.03845299970499,45.542838999778475],[-111.03822900029731,45.542613999747147],[-111.0379460004401,45.542411000022788],[-111.03733799999456,45.542159999892462],[-111.03647799965395,45.54196199978616],[-111.03585500003808,45.541866999729066],[-111.03541300017224,45.541840999937143],[-111.03507800043647,45.541868000108018],[-111.03472899955869,45.541971000034913],[-111.03435500036321,45.542147000065782],[-111.03393299969049,45.542389999814183],[-111.03350599989324,45.542641999911964],[-111.03317299980729,45.542889999953999],[-111.03289599979786,45.543038000300136],[-111.03262100033656,45.543097000006405],[-111.03228599970248,45.543115000139032],[-111.03166100043683,45.543138000160383],[-111.03093699964035,45.543219000023733],[-111.03039600004027,45.543273000287236],[-111.03005999958128,45.543269000129705],[-111.0297869997698,45.54325100004634],[-111.02953800024778,45.543138000160383],[-111.02916599980378,45.542936000171338],[-111.02880400030385,45.542693000266198],[-111.02857800034805,45.542589999774556],[-111.02823699986618,45.542539999693886],[-111.0277950000003,45.542522000006279],[-111.02719300030087,45.542464000064932],[-111.02658200038059,45.542410000282672],[-111.02608899956279,45.542360999782908],[-111.02551799982548,45.542415000241363],[-111.02510699992172,45.542418999830531],[-111.02472399960709,45.542382999742912],[-111.02444800032089,45.542306999901726],[-111.02421399996915,45.542171999971835],[-111.02397499959454,45.541988000151306],[-111.02376200005752,45.541754000207192],[-111.02363099963796,45.541532999890009],[-111.02327099978785,45.541232000258532],[-111.02260700016411,45.540782000274838],[-111.02228199957581,45.54058399971985],[-111.02202999968073,45.540376999852647],[-111.02150999999704,45.539894999919866],[-111.02141700011062,45.539768999833136],[-111.02111900018478,45.539435999907646],[-111.02090699957436,45.539270000047125],[-111.02056599999081,45.539045000204325],[-111.02036000012652,45.538945999786947],[-111.01988399992545,45.538810999966444],[-111.01938799963288,45.538635999996366],[-111.01905100024732,45.53846000030051],[-111.01830100040986,45.537874999973226],[-111.01785000032315,45.537488000051574],[-111.01768600029162,45.537358000285103],[-111.01760900029873,45.537285999897897],[-111.01751399986416,45.53719599991345],[-111.01733399993911,45.537044999783809],[-111.01713899994544,45.536881000092045],[-111.0167199996458,45.536556999908967],[-111.0162130003809,45.536138000077464],[-111.01593700019639,45.535900000274047],[-111.01572799995901,45.535661000232459],[-111.01555600042987,45.535359999998683],[-111.01543400023114,45.535026999761001],[-111.01525199975795,45.534648999907787],[-111.01515999969645,45.534406000053821],[-111.01502099977928,45.534194000035676],[-111.01480800024225,45.533969000017862],[-111.01459900000486,45.533735000051209],[-111.0144810000041,45.533560000015257],[-111.01434899975962,45.533302999975042],[-111.01421599969025,45.533014999758727],[-111.01411500030621,45.532740999984277],[-111.01409299966657,45.532470999800999],[-111.01409299966657,45.532051999730484],[-111.01416899983457,45.531686999748757],[-111.01427199976673,45.531309000100059],[-111.01430299972887,45.530990000252793],[-111.01431799979747,45.530692999983756],[-111.01434399973675,45.530507999775693],[-111.01430500027701,45.530369000018354],[-111.01414100024547,45.530048999914129],[-111.01389199982512,45.529662000254604],[-111.01341800017219,45.528992000267586],[-111.0131219998962,45.52862299999537],[-111.01264499987022,45.528285000186862],[-111.01224499983714,45.527921000300054],[-111.01205200039162,45.527695999729715],[-111.01194199988844,45.527528999820916],[-111.01178600025281,45.527092999855036],[-111.01162999971889,45.526520999890288],[-111.01151199971812,45.526209000147006],[-111.01125300015036,45.525350000225622],[-111.01120000044691,45.525221000137677],[-111.0111719999595,45.525153000133223],[-111.01107099967714,45.524730000082911],[-111.01090199962276,45.523946999818797],[-111.01073400029158,45.523323999709568],[-111.01062799998637,45.522780999887047],[-111.01055900038941,45.522363000107099],[-111.01047900002347,45.522141999736299],[-111.01027900000692,45.521670000055828],[-111.01010099973168,45.521301000215956],[-111.00994500009607,45.520994999940861],[-111.00963200010162,45.52055400030067],[-111.00922500039584,45.520071999773236],[-111.00878400035488,45.519608999772572],[-111.0083290000702,45.519244000241649],[-111.0078760003337,45.518928999950141],[-111.00743899959238,45.518663999737797],[-111.00705700000096,45.518493000049908],[-111.0067370003338,45.518380000136581],[-111.00651800005069,45.518297000033428],[-111.00581900026685,45.518033999709367],[-111.00562900029607,45.51794399975892],[-111.00517300018647,45.517650999937239],[-111.0046319996881,45.517278000057814],[-111.00414100031675,45.516867999973684],[-111.0029420000424,45.515945000086944],[-111.00217700013633,45.515193999927064],[-111.00190299960164,45.514887999801061],[-111.00132000016876,45.514073000177113],[-111.00113199984779,45.513772000237879],[-111.00092400033363,45.513415999766806],[-111.00081899985334,45.513298999958401],[-111.00062600040779,45.513108999783633],[-111.00044999978242,45.512935000048202],[-111.00011800041969,45.512647000042051],[-111.00000999956634,45.512547999738864],[-110.99981499957266,45.51239500024402],[-110.99962799997495,45.51224100005679],[-110.99944800004987,45.512101999857073],[-110.99909700042059,45.511804999955594],[-110.99891099974943,45.511687999945586],[-110.99879399957358,45.511566000138849],[-110.99863799993797,45.511421999964746],[-110.99850200039384,45.511283000260335],[-110.99832499994353,45.511067000033968],[-110.99811200040651,45.510851000237636],[-110.99743199999092,45.510080999774026],[-110.99720699986003,45.509846999897384],[-110.99698699975201,45.50964499993713],[-110.99670800009274,45.509419999928845],[-110.9965490000841,45.509307000052665],[-110.99637099980886,45.509195000280222],[-110.99623100006679,45.50907799988083],[-110.99609100032468,45.508928999848763],[-110.99591800007232,45.508767000063528],[-110.99576900010942,45.508595999889316],[-110.99545600011497,45.508253999870973],[-110.99533999976401,45.508137000033798],[-110.99516099966387,45.508001999919472],[-110.99492700021045,45.507858000070165],[-110.99395300006702,45.50731300009874],[-110.9930290001523,45.506769000260768],[-110.991945000404,45.50620099980987],[-110.99161700034095,45.506035000069993],[-110.99126599981335,45.505881999868663],[-110.99094600014622,45.505750999690939],[-110.99048400018886,45.505549000140981],[-110.9902830003474,45.505449999944162],[-110.98985999984978,45.505256000001147],[-110.98968999997047,45.505170999883653],[-110.98938399964872,45.504991000248069],[-110.98919100020318,45.504856000143675],[-110.98898699998868,45.504676000130488],[-110.9889259998893,45.504604999872555],[-110.98816500018121,45.50371700021185],[-110.98608200017513,45.501368999749985],[-110.98577699967828,45.501025000205175],[-110.9856369999362,45.500877000113128],[-110.98540900033055,45.500679000113252],[-110.98496499991654,45.500376999834678],[-110.98470999964843,45.5001969999823],[-110.98455099963978,45.500074999825124],[-110.98417700044428,45.499675000304407],[-110.98400500001682,45.499350999894034],[-110.98395999981098,45.499121000266896],[-110.98375700031971,45.498504999687469],[-110.98367500030393,45.498230000052679],[-110.98362300042541,45.498027999962233],[-110.98359800031105,45.497806999728262],[-110.98356700034891,45.497658000086787],[-110.98347399956417,45.497388000276992],[-110.98333800002003,45.497154999813226],[-110.98316300011786,45.496844000240394],[-110.9829759996218,45.496546999800131],[-110.98268799974173,45.496151000134681],[-110.9824979997709,45.49588100002552],[-110.98231100017315,45.495569999713375],[-110.98219300017239,45.495282000273647],[-110.9820530004303,45.494966999987035],[-110.98188900039877,45.494503000023883],[-110.98185000004071,45.49423800003283],[-110.98188000017794,45.494039999986036],[-110.98202099974492,45.49376499995558],[-110.98218999979935,45.493531000264397],[-110.98235600037901,45.493323999775576],[-110.9824890004484,45.493166999721879],[-110.98260499990103,45.492963999741605],[-110.98265199975671,45.492694000095099],[-110.98268100006899,45.492320999804512],[-110.98266600000041,45.491883999686287],[-110.9826590003277,45.491334999915473],[-110.98267199984818,45.491060999924045],[-110.98266400035058,45.490632999752236],[-110.98263500003827,45.490263999815411],[-110.98262599981743,45.489899000155155],[-110.98259800022834,45.489611000052875],[-110.9825389997788,45.489142999816011],[-110.982532999931,45.488886999720513],[-110.98246799963368,45.488521999953548],[-110.98246900035689,45.488248000132302],[-110.98236800007457,45.48797799991943],[-110.98224199967787,45.487702999888342],[-110.98218999979935,45.487252999918667],[-110.9820679996006,45.486672000278048],[-110.98186799958405,45.486199999746333],[-110.98162800028284,45.485754000205176],[-110.98133399965667,45.485286000041768],[-110.98137499966455,45.485007000201918],[-110.98142300024345,45.484808999822704],[-110.98143400011411,45.484182999949162],[-110.98127099990749,45.484017000164002],[-110.98109199980735,45.483936000072283],[-110.98081200032317,45.483903999685175],[-110.9804830004352,45.483917999896121],[-110.98017799993835,45.484012000052864],[-110.97996600022624,45.484102000096129],[-110.97979399979879,45.484255000280619],[-110.97968300036904,45.484534000065892],[-110.97963700033827,45.484808999822704],[-110.97980499966944,45.485011000094261],[-110.97966499992737,45.485448000005384],[-110.97969199969154,45.485712999789122],[-110.97959499960719,45.48625299985104],[-110.97930400025234,45.486784000143864],[-110.97890199967114,45.487131000057602],[-110.97856799976029,45.487347000178609],[-110.97836400044409,45.487507999797067],[-110.97805999977217,45.487746999731655],[-110.97789900011369,45.487846000198026],[-110.97744499965393,45.488084999958005],[-110.97717900041347,45.488179000089055],[-110.97684600032753,45.488268999772728],[-110.97647300005863,45.488328000250071],[-110.97605600030711,45.488349999931891],[-110.97570099958156,45.488336000192582],[-110.97541900044757,45.488300000127296],[-110.97515800033167,45.488291000107374],[-110.97495099974411,45.488291000107374],[-110.97469200017633,45.488255000013332],[-110.97449100033488,45.488142999923426],[-110.97428600029548,45.487944999860623],[-110.97412899993664,45.48775100005922],[-110.97399800041538,45.487647000267117],[-110.97382000014015,45.487535000227822],[-110.97360900025295,45.487408999996212],[-110.97342099993197,45.487229000255994],[-110.97322400028848,45.486994999859711],[-110.97298499991388,45.486779000278325],[-110.97275099956217,45.486639000083912],[-110.97243599991789,45.486548999685262],[-110.972134999619,45.486486000076361],[-110.97176600044638,45.486417999869651],[-110.97149199991168,45.486381999838102],[-110.9713310002532,45.486341999986003],[-110.9712750001767,45.486098999943465],[-110.97122800032103,45.485955000123425],[-110.97114399975715,45.485733999744809],[-110.97077800005925,45.485594000102246],[-110.97037800002617,45.485517999736693],[-110.96983200040322,45.485392000031766],[-110.96944300024079,45.485264999919025],[-110.96912299967533,45.485116999971936],[-110.96880899985597,45.485022000269097],[-110.9683119997385,45.484940999732935],[-110.96790699968255,45.484811000090829],[-110.9675309999389,45.48462600017978],[-110.96707300017952,45.484392000307217],[-110.96673699972054,45.48424299981189],[-110.96630700044854,45.484044999896454],[-110.96604999963228,45.483895999743019],[-110.96569300015521,45.483657999999174],[-110.96538900038159,45.483509000081803],[-110.96508200023494,45.483427999889521],[-110.96473699955513,45.483364999939347],[-110.96446499956856,45.483238999827691],[-110.96423100011513,45.483072000245166],[-110.96401400038017,45.482828999953284],[-110.96392800016645,45.482690000191162],[-110.96385700002133,45.482491999856194],[-110.9638050001428,45.48228400018634],[-110.96364699995904,45.482086000314048],[-110.96347700007973,45.481959999861246],[-110.9632979999796,45.48183399975651],[-110.96320799956791,45.481699000186318],[-110.96287299983214,45.481560000155611],[-110.96260800041659,45.481414999875923],[-110.96237400006486,45.481253000281868],[-110.96214800010905,45.48112299968755],[-110.96186799972658,45.48099199985117],[-110.96151100024952,45.481037000098546],[-110.9612850002937,45.480796999833416],[-110.96119800025508,45.480704000188062],[-110.96090199997906,45.480433999718024],[-110.96047199980875,45.480078000050604],[-110.95973000036722,45.479448000229304],[-110.95942599969527,45.479163999910014],[-110.9591379998152,45.478875999721211],[-110.95886500000374,45.478574000304128],[-110.95864099969774,45.478336000123612],[-110.95840399987127,45.478061000264432],[-110.95823499981687,45.47785400024091],[-110.95814100010556,45.477674999835664],[-110.95807599980822,45.477449000295969],[-110.95804700039422,45.477255000252413],[-110.9579910003177,45.477043999959754],[-110.95788099981455,45.476845999939712],[-110.95767099975227,45.476552999727957],[-110.9573989997657,45.476314000174845],[-110.95709400016717,45.476134000258682],[-110.95669599978392,45.475945000294772],[-110.95629800029897,45.475800999716817],[-110.95602600031241,45.47567900025156],[-110.95576900039444,45.475552999958566],[-110.95553599986762,45.475417999827009],[-110.9555190001492,45.475404000023516],[-110.95546600044575,45.475419000127793],[-110.95538799972964,45.475430000285762],[-110.95533300037637,45.475430000285762],[-110.95515400027621,45.475402999722427],[-110.95492699959719,45.475358999686591],[-110.95477199978649,45.475348000144734],[-110.95464700011301,45.475392000189153],[-110.95437400030154,45.475539999857325],[-110.95426499962329,45.475562000123837],[-110.95412400005627,45.475556999892255],[-110.95377300042701,45.475396999805461],[-110.95370300010681,45.475375999776119],[-110.95346899975507,45.475451999965294],[-110.95337599986867,45.475425000042421],[-110.95328999965493,45.475386999942444],[-110.95327399976142,45.475371999829648],[-110.95310200023226,45.475288000257862],[-110.95287600027646,45.475067999916135],[-110.95277499999413,45.474991999839006],[-110.95255599971101,45.474875999855193],[-110.95241599996893,45.474822000074546],[-110.95229100029546,45.474723000027325],[-110.95222900037118,45.474635000119243],[-110.95216599972366,45.474339000050023],[-110.9521199996929,45.474218000261438],[-110.95208000040827,45.474157999801385],[-110.95200199969214,45.474091999851488],[-110.95192399987434,45.474041999990682],[-110.95164400039017,45.474010000283229],[-110.95157300024505,45.473988000040755],[-110.95128500036498,45.473812000311533],[-110.95100400015758,45.473844999830192],[-110.95090299987524,45.473850999912401],[-110.95080099976799,45.473844999830192],[-110.95065299962998,45.473756999810966],[-110.95024000007642,45.473427999796165],[-110.9500910001135,45.473339999755737],[-110.94999800022707,45.473313000080864],[-110.94992000040929,45.473302000139604],[-110.94953000042194,45.473291000196248],[-110.94933500042826,45.473252999917129],[-110.94929600007021,45.473235999817156],[-110.94893700004501,45.472911999747311],[-110.94885099983129,45.472873999842591],[-110.94850799969961,45.47278099971907],[-110.94835200006399,45.472649000296322],[-110.94822700039053,45.472523000158027],[-110.94815700007032,45.472478999763432],[-110.9480640001839,45.472446000074875],[-110.94794700000806,45.472423999851806],[-110.94767400019657,45.472441000196717],[-110.9475489996248,45.472473999888201],[-110.94720600039142,45.472589000055613],[-110.9470420003599,45.472600000136033],[-110.94698000043563,45.47257799997309],[-110.94688599982598,45.472528999751077],[-110.94679999961227,45.472423999851806],[-110.94669900022824,45.472325999727303],[-110.94663599958072,45.472308999977628],[-110.94634000020304,45.472325999727303],[-110.94627800027874,45.472315000223368],[-110.94620700013363,45.472286999701076],[-110.94579399968177,45.472072999884425],[-110.94573900032849,45.47206199970114],[-110.94558299979458,45.472067999973177],[-110.94551300037269,45.47206199970114],[-110.94540399969441,45.472039999958142],[-110.945318000379,45.471985000248011],[-110.94512300038535,45.471787999826574],[-110.94504499966922,45.471727999929122],[-110.94499100014086,45.47170600005574],[-110.94478799975126,45.471684000173738],[-110.944733000398,45.471651000019676],[-110.94456199979547,45.47149699988519],[-110.94449900004626,45.471464000251615],[-110.94435900030419,45.471459000286337],[-110.94424999962594,45.471464000251615],[-110.94416400031052,45.471430999968739],[-110.94410900005893,45.47138699998149],[-110.94401600017251,45.471283000218669],[-110.94377400032317,45.470965000019945],[-110.94364899975139,45.470828000102429],[-110.94318099994625,45.470618999825867],[-110.94314999998412,45.470574999834675],[-110.94304100020416,45.47033900004017],[-110.94297799955666,45.470278999860113],[-110.94286200010403,45.470251999978757],[-110.94274400010323,45.470251999978757],[-110.94238599990295,45.470307000120101],[-110.94233099965139,45.470296000222113],[-110.94230800008516,45.470273999789761],[-110.94224500033596,45.470153000093063],[-110.94217500001577,45.470054000033535],[-110.94207399973342,45.469938999733316],[-110.9419800000221,45.469911999689046],[-110.94186299984624,45.469894999841209],[-110.94165299978394,45.469900999713964],[-110.94159000003476,45.469883999862809],[-110.94151999971454,45.469850999914804],[-110.94127100019251,45.469665000247204],[-110.94093499973354,45.469478000189589],[-110.94073200024228,45.469329999721019],[-110.94059999999779,45.469263999786911],[-110.94053800007352,45.469219999997868],[-110.94048299982192,45.469142999811957],[-110.9403969996082,45.468869000236232],[-110.94013999969025,45.468846999876881],[-110.9401010002305,45.468825000138892],[-110.94007000026836,45.468769999811357],[-110.94005400037483,45.468703999851527],[-110.94005400037483,45.468622000003705],[-110.94007699994106,45.468496000312435],[-110.94004599997892,45.4684249997973],[-110.93993700019897,45.46836400030373],[-110.93984299958932,45.468331000095802],[-110.93965599999157,45.468319999812181],[-110.93946099999792,45.468319999812181],[-110.93936899993641,45.468309000156424],[-110.93934399982204,45.468315000198004],[-110.93921199957757,45.468248999705352],[-110.93897800012417,45.467979999838136],[-110.93893299991831,45.467940000151046],[-110.93891500037495,45.467924999946085],[-110.93861900009895,45.467815999806731],[-110.93854100028115,45.46777200014737],[-110.93846299956502,45.467710999947144],[-110.938362000181,45.467606999701381],[-110.93841599970938,45.467541000269776],[-110.93855700017467,45.467415000052071],[-110.93860400003035,45.467354999909404],[-110.9386579995587,45.467201000006902],[-110.93865000006109,45.467135000099923],[-110.93855700017467,45.46694900028988],[-110.93841599970938,45.466783999954899],[-110.93804199961555,45.466404999849871],[-110.9377920002686,45.466223999951225],[-110.93769099998627,45.46616900023588],[-110.93753500035066,45.466097999939755],[-110.9371300002947,45.465954999870561],[-110.9369810003318,45.465890000234623],[-110.93687199965353,45.465824000052685],[-110.93680200023164,45.46576899994708],[-110.9366299998042,45.465587999896371],[-110.9365450003137,45.465526999852777],[-110.93625599971038,45.465401000173493],[-110.93607699961024,45.465335000049052],[-110.93595199993678,45.465275000212522],[-110.9358120001947,45.465160000242335],[-110.93560100030749,45.464962000050832],[-110.93554699988083,45.464923999826318],[-110.93537500035168,45.464884999718493],[-110.93519600025154,45.464874999880358],[-110.9350399997176,45.464802999985402],[-110.93488400008199,45.464654999842466],[-110.93479799986828,45.464529000104235],[-110.9347440003399,45.464489999723156],[-110.93434599995666,45.464242999833253],[-110.93425200024532,45.464221000188516],[-110.93412000000085,45.464211000232602],[-110.93404200018304,45.464167000279488],[-110.93398699993145,45.464116999804226],[-110.9338000003337,45.463913999725087],[-110.93363600030217,45.463847999749831],[-110.93351900012631,45.463815000048257],[-110.93338699988185,45.463733000018877],[-110.93331699956163,45.463666999831716],[-110.93322299985032,45.463551999731507],[-110.93309800017683,45.46333300008628],[-110.93304399975017,45.463267000060888],[-110.93281799979434,45.463097000212457],[-110.93275500004518,45.463024999936827],[-110.93273199958062,45.462980999688114],[-110.93268499972496,45.462789000033816],[-110.93263799986931,45.462662999905319],[-110.93257599994502,45.462563999921848],[-110.93246700016508,45.462443999956989],[-110.93239699984487,45.462383000291744],[-110.93215499999552,45.462235000096236],[-110.93209999974395,45.462180000269392],[-110.93204600021558,45.462102999917597],[-110.93175699961228,45.461598999772292],[-110.93166399972587,45.461460999854381],[-110.93146100023458,45.461246999888914],[-110.931109999707,45.460961999907369],[-110.93061099993972,45.460699000143002],[-110.93013599956356,45.460396999719713],[-110.92993300007227,45.460313999820734],[-110.92980000000288,45.460292999842089],[-110.92933499967246,45.460587000091273],[-110.9288569998216,45.4604769996889],[-110.92858900003299,45.460510000084163],[-110.9285120000401,45.460290000024543],[-110.92837099957478,45.460133999840153],[-110.92829199993207,45.460066999907134],[-110.92796600041714,45.460084000198613],[-110.92772200001966,45.460098999969695],[-110.92757899990454,45.460041000118572],[-110.92750699993451,45.459978999798956],[-110.92742099972079,45.460051000184066],[-110.92730600009307,45.460127000245855],[-110.92719099956702,45.46018000030292],[-110.92705699967271,45.46018000030292],[-110.92685599983128,45.460098999969695],[-110.92661599963176,45.459954999860166],[-110.92643400005689,45.459807000221922],[-110.92618999965941,45.459767999724676],[-110.92601300010739,45.459745000275085],[-110.925956000206,45.459777999838586],[-110.92576899970994,45.459753999814282],[-110.92569199971703,45.459673000129271],[-110.92561700027228,45.459585999987937],[-110.92535600015637,45.459491000085833],[-110.92525499987403,45.459479999967428],[-110.92506800027627,45.459523999798044],[-110.92498200006254,45.459496999805843],[-110.92475600010675,45.459365000147834],[-110.92470099985515,45.459342999859757],[-110.92461499964143,45.459342999859757],[-110.92446700040173,45.459376000288678],[-110.92442800004368,45.459369999925748],[-110.92398399962967,45.459145000031178],[-110.92381200010054,45.459079000143866],[-110.92374599997829,45.459066999984216],[-110.92344200020467,45.459065000062367],[-110.92318899958639,45.459035999927494],[-110.92297299967632,45.458958999692548],[-110.92278699990348,45.45882999993065],[-110.92263299991768,45.458691000198861],[-110.92243700009909,45.458518999843278],[-110.9220780000739,45.458414000309794],[-110.92181000028529,45.458365999719831],[-110.92145100026011,45.458135999712724],[-110.92131499981765,45.457785000246822],[-110.92101400041709,45.457581000064884],[-110.92076400017186,45.457460000216777],[-110.9206550003919,45.457377999765932],[-110.92042900043607,45.457164000056309],[-110.92034300022236,45.457108999693503],[-110.92028100029808,45.457086999785446],[-110.9200779999085,45.457059999886503],[-110.9200000000907,45.457031999977666],[-110.91918900015388,45.456610000297836],[-110.91905699990939,45.456582000165511],[-110.9190929998944,45.466097000103552],[-110.91916800023746,45.490957999970909],[-110.91917699955998,45.497447000017125],[-110.91917900010812,45.497576000183457],[-110.91917999993304,45.498274999752837],[-110.91918099975796,45.498627999986937],[-110.91918300030611,45.499767000244333],[-110.91918300030611,45.499882999981693],[-110.91919199962861,45.503507999786123],[-110.91920400022248,45.508200999695084],[-110.91921099989518,45.511140999954222],[-110.91921199972009,45.512859000067337],[-110.91921199972009,45.514249000023085],[-110.91921199972009,45.514493999936604],[-110.91921599991804,45.515000000204822],[-110.91922199976582,45.524861000142408],[-110.91096199971152,45.524864999721444],[-110.9029429996816,45.524891999862028],[-110.86501400027716,45.524898000171227],[-110.85825200024793,45.524878999819265],[-110.85825300007284,45.526408999761955],[-110.85825899992061,45.53396200015667],[-110.85826700031653,45.536815000019715],[-110.85826599959331,45.541278999705177],[-110.85816699985911,45.550719000219132],[-110.85800399965247,45.561205000071553],[-110.85772300034341,45.569828000007142],[-110.85750200041048,45.582089999866028],[-110.85738199986156,45.59065000028918],[-110.84577099992983,45.590654999727697],[-110.83644999969344,45.59065000028918],[-110.83644999969344,45.590145000014957],[-110.81572599993778,45.590162000017187],[-110.81572400028794,45.591375999842107],[-110.80995200029567,45.591183999787951],[-110.80780399999226,45.591115000226829],[-110.80091800011445,45.590887000089914],[-110.79963799964926,45.59084600019861],[-110.79477399967817,45.590681999705367],[-110.79471299957881,45.594820000239615],[-110.7946699999211,45.601813999944937],[-110.79467199957092,45.608627999733848],[-110.79467199957092,45.613256999873684],[-110.79468099979175,45.613405999968109],[-110.79502899994628,45.619514000142381],[-110.79510599993918,45.620873999797084],[-110.79541899993364,45.626359999994996],[-110.79546199959135,45.627111999778563],[-110.79545300026882,45.627494000006699],[-110.79543099962922,45.628252999706326],[-110.79535799983427,45.631560999722993],[-110.79525099970414,45.636315999879784],[-110.79523700035875,45.636787999694192],[-110.79511199978697,45.642159999774741],[-110.79520300002356,45.645709999882236],[-110.79550299959922,45.658323000200433],[-110.79556100022387,45.662585000257877],[-110.79556600024672,45.663032999763452],[-110.7955710002696,45.663373000257813],[-110.79557700011738,45.663997000253858],[-110.79557999959211,45.664197999797793],[-110.79558799998803,45.664658999930239],[-110.7955999996836,45.665549000102907],[-110.79561200027747,45.666435999806964],[-110.79566900017889,45.670652000189854],[-110.79571100001168,45.672794000070269],[-110.79571699985945,45.673056999825626],[-110.79584200043125,45.680385999873678],[-110.79588500008896,45.684913999891478],[-110.79588500008896,45.6856939998505],[-110.79569199974512,45.691059000113285],[-110.79558899981295,45.693503999876583],[-110.7952609997499,45.699234999734792],[-110.79525200042737,45.699463999840226],[-110.79525499990213,45.700018999785584],[-110.79527300034377,45.70089200008875],[-110.79527699964341,45.701870000215116],[-110.79528900023729,45.702905000033354],[-110.7953539996363,45.709078000179673],[-110.79538600032167,45.7120430000368],[-110.79543099962922,45.719291000040478],[-110.79543999985003,45.721695000021377],[-110.79544099967495,45.742871999873906],[-110.7954299998043,45.748435999759074],[-110.79542599960634,45.750808000232908],[-110.79541999975855,45.755152999841449],[-110.79540600041315,45.758508999695245],[-110.79539899984216,45.759775000046012],[-110.79539700019232,45.759996999758236],[-110.79538499959844,45.762748000153366],[-110.79534100011584,45.769067999854983],[-110.79528900023729,45.778429000027131],[-110.79527300034377,45.783224000015657],[-110.79526400012294,45.786319000211869],[-110.78939900024423,45.786308000138185],[-110.78932399990117,45.790522000194827],[-110.7892910002892,45.794111999971129],[-110.78916200041778,45.799020000207648],[-110.78912899990749,45.800776000128032],[-110.78911100036414,45.801746000299325],[-110.78910600034126,45.802325000208697],[-110.78910600034126,45.802698999855615],[-110.78904799971664,45.809891999910711],[-110.78900000003604,45.815818999866956],[-110.78899599983811,45.81831700020031],[-110.78899199964013,45.836586000302646],[-110.78900500005894,45.843619000300798],[-110.78900099986097,45.844528999864167],[-110.78899900021115,45.844663000308444],[-110.78889999957863,45.850927999881641],[-110.78889399973085,45.851159000218388],[-110.78885500027111,45.853416000104495],[-110.78885299972298,45.853559999900746],[-110.78871899982866,45.860673999753175],[-110.78856400001797,45.867462000098641],[-110.78844199981924,45.872765000135921],[-110.7884669999336,45.875307000262225],[-110.78849000039813,45.878731999758948],[-110.7884960002459,45.879584000030931],[-110.78849799989574,45.879801999818874],[-110.78849200004794,45.885977999688706],[-110.78848399965203,45.895207000009911],[-110.78847799980426,45.904920999998062],[-110.78847600015442,45.910856999873396],[-110.78847399960627,45.915419000226123],[-110.78846000026088,45.916502000281618],[-110.78845799971276,45.916652999953314],[-110.78845900043596,45.916830999973953],[-110.78848700002507,45.92396900028384],[-110.78851999963705,45.931277999786182],[-110.78955400005492,45.945600000172078],[-110.78959199968978,45.952826000166965],[-110.78959900026079,45.954151000119751],[-110.78960500010857,45.955426000190641],[-110.78960199973551,45.956462000262704],[-110.78961099995635,45.96005799977101],[-110.78965199996422,45.960613000096153],[-110.7898829999429,45.963726000158815],[-110.79014999990657,45.967265000248794],[-110.79038799955796,45.970443999935313],[-110.79042000024333,45.970867999996834],[-110.79067700016128,45.974259000236771],[-110.79068999968176,45.974472000262089],[-110.79224499960824,45.987421000132066],[-110.79240399961691,45.988778999743502],[-110.79244899982274,45.992477999942359],[-110.79245800004358,45.993907999848219],[-110.79245899986849,45.994066999891345],[-110.79248200033302,45.997390000054537],[-110.79253199966344,46.00729399985287],[-110.79256199980065,46.018490000195676],[-110.79249700040164,46.019450999876284],[-110.79234699971549,46.021652000038259],[-110.79202600022344,46.026224000111199],[-110.79178600002393,46.029666999865441],[-110.79167300004602,46.031222000090331],[-110.79158699983229,46.032479000186129],[-110.79157599996165,46.032645999996305],[-110.79139799968642,46.03440899978402],[-110.79085999956108,46.039776000046338],[-110.7907690002228,46.041803000076946],[-110.79053900006902,46.046948000136936],[-110.7905590001605,46.052633999889451],[-110.79061100003905,46.067567999988761],[-110.79062000025986,46.072024000196329],[-110.79066299991757,46.082924999700452],[-110.79068700020701,46.087700000208187],[-110.79069999972751,46.090516999806447],[-110.79070399992546,46.0913420002896],[-110.79073300023779,46.099676999738698],[-110.79073800026066,46.101105000277137],[-110.79073800026066,46.101242000286241],[-110.79073900008557,46.101480000133797],[-110.79074800030638,46.104046999790711],[-110.79074599975826,46.110825000135726],[-110.79074699958318,46.111086999961501],[-110.79074699958318,46.111457000251605],[-110.79074800030638,46.118157000065111],[-110.79074099973538,46.119591000193502],[-110.79076199965178,46.136929000194051],[-110.79076300037502,46.138145000125085],[-110.79076699967466,46.141845999765259],[-110.78403099958467,46.141826000144448],[-110.78397899970614,46.158217999900728],[-110.78396399963752,46.158569999851245],[-110.78396500036075,46.162075000148015],[-110.78387400012416,46.185995999963559],[-110.78383300011627,46.192698999858813],[-110.78776099957875,46.192690999817088],[-110.78992999979856,46.19268700010673],[-110.79919400013355,46.192668000234768],[-110.80470300036011,46.192656999782223],[-110.81546999984475,46.192707999826659],[-110.8183250003279,46.192721000123043],[-110.82273700038738,46.192742999756597],[-110.83024000003323,46.192770000255891],[-110.84796699991384,46.192816999872711],[-110.86400199960057,46.192761000298248],[-110.86752099970745,46.192748999937805],[-110.87535399996455,46.192793999721268],[-110.87668499958504,46.192788000166836],[-110.88297799998423,46.192808999848161],[-110.88795499993321,46.192810999698978],[-110.89649000034717,46.192813000171533],[-110.90402800015313,46.192855000128908],[-110.9056740003162,46.192851999733293],[-110.90664699973641,46.192851999733293],[-110.91069100044817,46.192842999789029],[-110.91458100027582,46.192829000218303],[-110.91767400041036,46.192817999797981],[-110.91948500042987,46.192817999797981],[-110.91960500008048,46.192808999848161],[-110.92380799990258,46.192792999795557],[-110.93665499991853,46.192763000150769],[-110.94684300016827,46.192756999971088],[-110.95124799965672,46.19275300026554],[-110.9555819998984,46.192765999929428],[-110.95571300031796,46.192776999738307],[-110.95797299987605,46.192772000108121],[-110.96789099978902,46.192800999822445],[-110.97589099955236,46.192809999773573],[-110.98150699990903,46.1928050001464],[-110.98551200026272,46.192801999748006],[-110.98764200012448,46.192799999896906],[-110.99324099986441,46.192795000268774],[-110.99865399983149,46.192783999841645],[-111.00179999966947,46.192778000286118],[-111.01279399983312,46.192754000191933],[-111.02029700037733,46.192750999790761],[-111.03398299991922,46.192746000158209],[-111.03645199971467,46.19275300026554],[-111.03879099981378,46.192761000298248],[-111.04164100027408,46.192771000182013],[-111.04504599967983,46.19278199998989],[-111.04766799963618,46.192790999944137],[-111.05008000042855,46.192798999971302],[-111.05258199983598,46.192806999997316],[-111.05454500019148,46.192814000096831],[-111.05931299990309,46.192826999746337],[-111.05938099967514,46.192826999746337],[-111.05946000021619,46.192826999746337],[-111.06004199982415,46.192829000218303],[-111.06195599977583,46.192833999843309],[-111.06252700041145,46.192834999768266],[-111.07370599962472,46.192879000179026],[-111.07545999974285,46.192867999768708],[-111.07953200004368,46.192865999919967],[-111.08188500038652,46.192863000146765],[-111.10947400010359,46.192834999768266],[-111.12813099974667,46.192829000218303],[-111.13717099977569,46.19281599994747],[-111.13763600010608,46.19283000014336],[-111.14931200033516,46.192804000220889],[-111.15577300006551,46.192829000218303],[-111.15954499989239,46.192829000218303],[-111.15953400002174,46.188407000176575],[-111.15954400006747,46.18776699977181],[-111.16269900012628,46.187759000256008],[-111.16470599996438,46.187747000047239],[-111.16600399997293,46.187756000204061],[-111.17473299965732,46.187792000194719],[-111.17502999975825,46.187785000077433],[-111.17562999980785,46.187794000228045],[-111.17881500000389,46.18780099972227],[-111.18185399971178,46.187805999804645],[-111.18203700000986,46.187805999804645],[-111.18309499981889,46.187803999771759],[-111.19318299961118,46.187833000241717],[-111.19357699979649,46.187834000257666],[-111.20010500037232,46.187851999919452],[-111.20127699998415,46.1878559999817],[-111.20235400005976,46.187851999919452],[-111.20261900037363,46.187852999935053],[-111.20638700000254,46.187845999825541],[-111.20687900009712,46.187843999794104],[-111.22473200037442,46.187803999771759],[-111.22604399972833,46.187804999788234],[-111.22890099986132,46.187808999853871],[-111.24210000022981,46.187787000111065],[-111.24269699990639,46.187785000077433],[-111.24360499992758,46.187783000043787],[-111.25607799984975,46.187767999788953],[-111.26466000011936,46.187759000256008],[-111.26526600001674,46.187761000290536],[-111.27422800022795,46.187777999959316],[-111.28144999966644,46.187784000060645],[-111.2838209995526,46.187784000060645],[-111.28462499981673,46.187787000111065],[-111.29706799960167,46.187785000077433],[-111.29958599980094,46.187784000060645],[-111.30556200000771,46.187784000060645],[-111.3292369996077,46.187803999771759],[-111.33205500028092,46.18780099972227],[-111.33241299958291,46.18780099972227],[-111.34665200021706,46.187785000077433],[-111.34662899975253,46.181461000150918],[-111.34662100025493,46.176906000141756],[-111.34662000043001,46.1743330001785],[-111.34661899970679,46.172707000039246],[-111.34660799983612,46.172325999787148],[-111.34661799988187,46.172072000019007],[-111.34662000043001,46.17204299994394],[-111.34661700005697,46.165520999929178],[-111.34661899970679,46.165129999737914],[-111.34663499960031,46.15274100017718],[-111.34663600032356,46.151523000149076],[-111.34665600041502,46.141945000021899],[-111.34666499973754,46.137202999813184],[-111.34941599956532,46.137202999813184],[-111.34941399991548,46.131420000074108],[-111.34941300009058,46.129821999859885],[-111.34941300009058,46.129490000076878],[-111.34941300009058,46.127882999906561],[-111.34941399991548,46.125332999893146],[-111.34940499969466,46.124760000293186],[-111.34939499964892,46.124105999885018],[-111.3493720000827,46.122606999952851],[-111.34913799973097,46.122672000210223],[-111.34892500019396,46.122743000116309],[-111.34870400026102,46.122847000234479],[-111.34853100000863,46.12294100002871],[-111.34826300022004,46.123062000143754],[-111.34808900014279,46.123176999692916],[-111.34790800039282,46.123292000247268],[-111.34780499956231,46.123319999923552],[-111.34732400023672,46.123501000022948],[-111.34701899973987,46.123550000195202],[-111.34674799957823,46.123594000007849],[-111.34608499977942,46.123687999772798],[-111.34596699977862,46.123725999857434],[-111.3458880001359,46.123781000064618],[-111.34584100028026,46.123840999888415],[-111.34582500038672,46.123879999801076],[-111.34585700017377,46.123972999768824],[-111.34595099988512,46.124094000107746],[-111.34596699977862,46.124142999752614],[-111.34596699977862,46.124202999804751],[-111.34595199971001,46.124252999902041],[-111.34590400002945,46.124329999813725],[-111.34581799981571,46.124439000289044],[-111.3457469996706,46.124489000172133],[-111.34563600024084,46.1245380000883],[-111.34554099980627,46.124565999753955],[-111.34519400037496,46.124587999881548],[-111.3448310001518,46.124642999850778],[-111.34466600029536,46.124603999855644],[-111.34459500015026,46.124554999998175],[-111.34446000043104,46.124411999860108],[-111.3442469999957,46.124296999775808],[-111.34420000014005,46.124285999966318],[-111.3440500003522,46.124308000205723],[-111.3439790002071,46.124329999813725],[-111.34385299981039,46.124418000025734],[-111.34374999987824,46.12459400002804],[-111.34352899994531,46.12472500005385],[-111.34335599969295,46.124933999996664],[-111.34328399972293,46.125028999878353],[-111.34323699986726,46.125154999940598],[-111.34317400011807,46.125528000125385],[-111.34313499976,46.125605000122768],[-111.34305600011729,46.125670999857007],[-111.34284299968195,46.125796999696021],[-111.34233800006689,46.126153999750173],[-111.34203000009531,46.126356999921065],[-111.34194399988159,46.126428000058866],[-111.34162000001648,46.126741000004877],[-111.34132799993843,46.126966000303469],[-111.34108400043928,46.127114000034787],[-111.34042099974215,46.127459999849094],[-111.34020800020512,46.12755299999904],[-111.33990100005848,46.127668999999393],[-111.33968699979823,46.127684999701223],[-111.33945900019259,46.127651999805302],[-111.33937200015396,46.127618999889648],[-111.33933199997099,46.12759199977414],[-111.33908000007591,46.126993999980243],[-111.33900800010588,46.126938999867889],[-111.33896100025022,46.126922999949414],[-111.33883499985353,46.126912000041671],[-111.33877200010433,46.126927999963378],[-111.33866900017217,46.126988000095189],[-111.33857499956252,46.127059999918075],[-111.33846400013277,46.127158999987827],[-111.3383620000255,46.127295999992128],[-111.33826699959097,46.127466000305375],[-111.33821200023769,46.12759199977414],[-111.33819600034417,46.127691000132941],[-111.33818799994825,46.128085999931571],[-111.33825999991825,46.128355000084952],[-111.33834600013199,46.128530000111269],[-111.33835199997976,46.128612999979168],[-111.3383620000255,46.128750000102592],[-111.33833100006336,46.12892000028647],[-111.33829900027634,46.129008000014387],[-111.33823599962882,46.129116999949382],[-111.33803099958939,46.129402999707231],[-111.3378260004483,46.129550999738925],[-111.33771599994512,46.129605999733485],[-111.33754199986787,46.129731999910184],[-111.33713199978902,46.130078000088794],[-111.33697399960529,46.130258999773325],[-111.33687900006905,46.130319000012157],[-111.33666599963372,46.130396000160623],[-111.33639799984512,46.130456000250213],[-111.33622399976782,46.130473000201413],[-111.33594000008571,46.130461999757507],[-111.33562500044144,46.130429000280209],[-111.33534099986099,46.130369000161217],[-111.33494599985077,46.130231999706808],[-111.33488700029955,46.130213000044037],[-111.33484299991861,46.130199000091714],[-111.33476400027591,46.130188000215604],[-111.33421199990687,46.130220999837292],[-111.3339120003312,46.130199000091714],[-111.33359699978864,46.130209999965572],[-111.33277599980606,46.130193999752144],[-111.33230999965075,46.130100999703338],[-111.33203400036454,46.130057000107527],[-111.33178900014217,46.130061999836975],[-111.33072399976211,46.129935999792615],[-111.33058999986781,46.129935999792615],[-111.33003699967385,46.1299749997482],[-111.32997399992468,46.129997000205819],[-111.32983199963445,46.130085000080761],[-111.329666999778,46.13016700027628],[-111.32953200005879,46.130216000122289],[-111.32938999976857,46.130237999861073],[-111.32916200016294,46.130226999992757],[-111.32894100023,46.130189000034648],[-111.32885400019136,46.130199999910545],[-111.32872000029705,46.130233000147612],[-111.32794699999508,46.130513000212474],[-111.32750500012919,46.13073800004468],[-111.32741800009057,46.130764999863203],[-111.32691299957717,46.130864000121981],[-111.32648699960482,46.13091299997042],[-111.32617100013564,46.130967999850043],[-111.32594199980679,46.131034000006622],[-111.32583999969955,46.131084000129157],[-111.32574500016331,46.131148999722576],[-111.32572099987385,46.131259000200636],[-111.32573699976739,46.131490000115903],[-111.32572900026976,46.131572000087267],[-111.32565800012468,46.131790999966604],[-111.32563499966012,46.1318299998538],[-111.32558699997955,46.131867999924772],[-111.32510599975561,46.132103999942537],[-111.32408800012956,46.132565000033011],[-111.32385899980071,46.132653000162634],[-111.32366999965483,46.132708000172244],[-111.3234010000413,46.132856000038515],[-111.32288899985522,46.133087000103387],[-111.32262000024173,46.133217999852441],[-111.32232800016368,46.13334399985883],[-111.32211499972833,46.133449000266459],[-111.32138900018033,46.133772000188202],[-111.32108100020875,46.133848999866778],[-111.32078199955969,46.13396399993006],[-111.32056900002267,46.134008000139758],[-111.31987400043683,46.13409599983116],[-111.31913999959457,46.134320999966164],[-111.31889600009541,46.13445300025657],[-111.3184850001917,46.134545999804359],[-111.31815399975558,46.134661000279664],[-111.3180430003258,46.134688999779854],[-111.31787699974613,46.134754999834819],[-111.31768000010265,46.13491899989306],[-111.31764099974458,46.134979999767367],[-111.31760499975957,46.134825999730225],[-111.31720700027464,46.134913999982011],[-111.31656000036935,46.135006999996278],[-111.3164099996832,46.135006999996278],[-111.31614899956728,46.134990999931397],[-111.31597500038833,46.134990999931397],[-111.31579399974005,46.135006999996278],[-111.31554900041597,46.135078000189246],[-111.31545499980633,46.135117000238779],[-111.31513900033717,46.13528099984147],[-111.3149810001534,46.13534199993726],[-111.31483100036559,46.135391000159174],[-111.3147130003648,46.135412999698318],[-111.31463399982377,46.135418999910662],[-111.31426300010301,46.1353969997514],[-111.31396299962904,46.13534199993726],[-111.31370999990905,46.135319999747246],[-111.31352099976316,46.135314000146579],[-111.3132839999367,46.135319999747246],[-111.31310400001165,46.135724000194585],[-111.31264200005428,46.136758999831301],[-111.31212400002043,46.137060000141183],[-111.31128100029656,46.136841999748057],[-111.309799000165,46.135651999869651],[-111.3087070000208,46.135337000064617],[-111.30930299987246,46.134897000156556],[-111.31094200036286,46.135305999848065],[-111.31117699964118,46.135154999909325],[-111.31120099993061,46.134666999951428],[-111.31119300043302,46.134518999971903],[-111.31116099974764,46.134342999932763],[-111.31112200028788,46.134228000038398],[-111.31101099995981,46.134090999845391],[-111.310933000142,46.134063000041166],[-111.31085399960099,46.134053000063183],[-111.31074300017121,46.134053000063183],[-111.31038800034399,46.134112999903927],[-111.31011200015945,46.134124000241137],[-111.30982000008139,46.134073999765896],[-111.30933100035986,46.133881999785004],[-111.30913299999314,46.133795000127691],[-111.30897499980939,46.133739999958628],[-111.30888899959567,46.133722999770718],[-111.30862800037808,46.133711999975944],[-111.30828100004845,46.133574999744305],[-111.30815499965175,46.133558999885885],[-111.30798099957448,46.133558999885885],[-111.30756299999804,46.133597000008969],[-111.3073499995627,46.13358600018897],[-111.30718399988136,46.133558999885885],[-111.30713700002569,46.13354200026464],[-111.3070740002765,46.133504000103613],[-111.30703400009354,46.133470999958881],[-111.30700999980407,46.133426999942664],[-111.3069970002836,46.133390000085747],[-111.30695499955249,46.133272999920287],[-111.30687599990976,46.132955000273874],[-111.30683699955173,46.132845000070567],[-111.30679700026707,46.132779000216644],[-111.30673399961957,46.132725000050932],[-111.30654500037198,46.132692000061951],[-111.30626900018746,46.132686000174985],[-111.30606300032315,46.132708000172244],[-111.30590599996431,46.132746000259971],[-111.30511599994388,46.133081000259445],[-111.30488800033825,46.133092000180305],[-111.3047929999037,46.133108999940418],[-111.30464300011586,46.13314699975151],[-111.30430400018216,46.133278999743304],[-111.30416899956464,46.133317000059591],[-111.30406700035572,46.133431999988723],[-111.30392500006548,46.133486999842908],[-111.3036959997366,46.133547000300247],[-111.30319899961914,46.133602000039581],[-111.30307999979347,46.133630000078199],[-111.30281200000486,46.133749999993448],[-111.30256699978247,46.133876999779815],[-111.30195199966425,46.134293000278873],[-111.30144600022426,46.134545999804359],[-111.30132800022348,46.134583999868916],[-111.30123299978892,46.134605999730454],[-111.30104399964304,46.134628000205716],[-111.30083100010602,46.134633000142728],[-111.30029399980558,46.134605999730454],[-111.30012099955323,46.134638999817582],[-111.29986799983324,46.134704999932481],[-111.29942599996735,46.134749000172647],[-111.2991890001409,46.134754000098674],[-111.29868399962751,46.134737000223829],[-111.29858200041859,46.134742999887308],[-111.29839999994539,46.134780999815916],[-111.2983449996938,46.134824999995324],[-111.29832100030268,46.134857999951222],[-111.29833700019621,46.134928999713829],[-111.2984789995881,46.135050000264378],[-111.29874700027503,46.13520400029757],[-111.2987949999556,46.135241999908075],[-111.29881000002422,46.135330000117655],[-111.29880199962828,46.135439999714983],[-111.29877900006205,46.135488999849635],[-111.29873100038149,46.135537999940745],[-111.29863699977186,46.135598999751856],[-111.29827400044699,46.135713999895714],[-111.29802099982871,46.135729999750531],[-111.29760300025228,46.135872999763976],[-111.29693999955514,46.136201999912835],[-111.29648199979573,46.136393999897457],[-111.29629199982494,46.136459999776427],[-111.29611100007497,46.136497999765226],[-111.2958740002485,46.136526000198835],[-111.29563700042205,46.136514999718941],[-111.29545599977378,46.136492999997543],[-111.29521899994731,46.136421000055563],[-111.29512400041106,46.136366000019173],[-111.29487199961767,46.136163000009205],[-111.2948170002644,46.136098000108525],[-111.29459600033145,46.135740999764742],[-111.29448500000338,46.13561500026259],[-111.29437500039853,46.135515999829032],[-111.29424900000183,46.135472000201688],[-111.29413799967374,46.135450000063599],[-111.29401999967298,46.135461000133745],[-111.29347499987493,46.1355710000919],[-111.29300899971962,46.135729999750531],[-111.29242499956352,46.135900000177543],[-111.29228300017161,46.13597600027925],[-111.29210999991925,46.136091999970176],[-111.29198299969764,46.136190000280628],[-111.29173900019848,46.136465000169594],[-111.29165200015986,46.136520000107119],[-111.29152499993825,46.136574000286551],[-111.29127300004316,46.136650999782269],[-111.29110700036181,46.136689000261704],[-111.29021500023414,46.13677700002637],[-111.28977300036826,46.136721999723093],[-111.28951300007725,46.136677999814374],[-111.28933899999998,46.13663399987054],[-111.28913399996057,46.136556999728562],[-111.28893700031709,46.136463999842007],[-111.2883769995521,46.136156999877933],[-111.28821099987077,46.136057999796279],[-111.28801400022726,46.135898999839682],[-111.28794300008217,46.13575599989376],[-111.28793499968624,46.135684999952431],[-111.28805299968701,46.135323000169812],[-111.28825899955135,46.134791000284217],[-111.28825899955135,46.13466999978705],[-111.2882350001602,46.134543999701954],[-111.28819599980213,46.134422999907109],[-111.28814100044887,46.134301999846407],[-111.28805400041026,46.134181999888909],[-111.28795099957976,46.134060999921211],[-111.28781699968546,46.133935000310245],[-111.28766000022493,46.13380800003516],[-111.28737599964451,46.133610999720034],[-111.28699700042613,46.133401999705555],[-111.2866579995941,46.133259000123296],[-111.28657700030155,46.13322799998204],[-111.28629500026926,46.133122000009813],[-111.28579700032688,46.132956999811512],[-111.28559200028747,46.132918999869325],[-111.28507199970545,46.13289100009176],[-111.2848189999855,46.132798000239269],[-111.28455899969448,46.132776000277957],[-111.2843689997237,46.13277100017234],[-111.28423499982939,46.132776000277957],[-111.28383999981918,46.132853000104078],[-111.28366699956683,46.13287500003463],[-111.28324099959448,46.13289100009176],[-111.28287800026962,46.132863000299949],[-111.28219100018137,46.132703999833836],[-111.28186800014117,46.132626999799449],[-111.28169400006391,46.132600000271182],[-111.28148099962856,46.132589000252096],[-111.28129099965777,46.132589000252096],[-111.28123600030449,46.132600000271182],[-111.28113400019724,46.132637999810939],[-111.28074699968464,46.132736999815627],[-111.28060500029274,46.13278099976062],[-111.28050200036057,46.132823999899237],[-111.27963399962402,46.133269000245448],[-111.27919199975814,46.13350999990142],[-111.27901000018328,46.133673999932221],[-111.27889200018249,46.133817000304468],[-111.27882799971009,46.133905000301077],[-111.27875699956498,46.134046999702015],[-111.2786939998158,46.134228000038398],[-111.27866600022669,46.134328999785261],[-111.27858300038601,46.134633999881117],[-111.27844899959341,46.135006999996278],[-111.27835400005716,46.135325999969709],[-111.27830700020149,46.135423999775853],[-111.27827500041445,46.135474000270399],[-111.27822799966044,46.135517999896145],[-111.27815700041366,46.135573000157002],[-111.27804600008558,46.135627000020094],[-111.27791999968889,46.135666000303324],[-111.2777859997946,46.13568799973261],[-111.27767500036481,46.135693000195886],[-111.27757300025756,46.13568799973261],[-111.27739099978439,46.135660000117895],[-111.27716999985144,46.135611000135341],[-111.27693300002497,46.135522999752354],[-111.27667299973398,46.135402000241093],[-111.27649899965671,46.135303000047074],[-111.2764209998389,46.135221000028309],[-111.27638900005184,46.135149000290724],[-111.27637300015832,46.135062000144991],[-111.27653899983967,46.134798000299689],[-111.27653899983967,46.134756000193462],[-111.27653899983967,46.134726999745723],[-111.27650799987754,46.134638999817582],[-111.27642900023481,46.134530000228011],[-111.27616100044621,46.134243999702491],[-111.27583800040603,46.133749999993448],[-111.27566400032876,46.133509000142681],[-111.275498999574,46.133327999933265],[-111.27530899960321,46.133151999822978],[-111.27515899981536,46.133058999788695],[-111.2746540002003,46.132817000255379],[-111.27448900034386,46.132724000277939],[-111.27433899965774,46.132614000235733],[-111.27417299997636,46.132455000295778],[-111.2740549999756,46.13231200012217],[-111.273999999724,46.1322189999145],[-111.27384999993617,46.131879000087906],[-111.27362200033055,46.131462000234386],[-111.2732039998558,46.130906999889689],[-111.27305400006797,46.1307589997663],[-111.2729439995648,46.130666000048983],[-111.27285700042448,46.130616000169489],[-111.27267499995129,46.130556000254209],[-111.27260399980618,46.130556000254209],[-111.27254100005699,46.130571999739971],[-111.27249400020132,46.130616000169489],[-111.27244599962245,46.130704000300568],[-111.27242300005622,46.130880000140827],[-111.27239899976676,46.130918000244762],[-111.27237500037565,46.130928999975026],[-111.2722959998346,46.130939999703152],[-111.27199600025895,46.130890000072398],[-111.27170500000582,46.130719999743285],[-111.2715700002866,46.130616000169489],[-111.27149199957049,46.130534000019885],[-111.27143700021722,46.130434999790495],[-111.27138899963832,46.130308999976862],[-111.27138899963832,46.130209999965572],[-111.2715080003623,46.129842000105434],[-111.27149199957049,46.12979299992675],[-111.27146099960835,46.129760000048627],[-111.27139000036155,46.129716000180416],[-111.27132699971405,46.129661000295698],[-111.27128700042938,46.129578999969382],[-111.27124800007132,46.129431000012922],[-111.27123999967542,46.129062999928578],[-111.27098100010764,46.12801500006308],[-111.27091800035844,46.127867000262285],[-111.27079199996174,46.127636000093922],[-111.27068900002958,46.127477000102445],[-111.27052400017314,46.127257999879653],[-111.27032599980642,46.127114999909615],[-111.26998699987271,46.12693399985497],[-111.26975099987115,46.126845999926566],[-111.2696560003349,46.126840999905156],[-111.26936400025686,46.126795999692334],[-111.26915099982153,46.126795999692334],[-111.2690560002853,46.126807000245847],[-111.26900100003371,46.126829000101026],[-111.26896900024666,46.126861999867401],[-111.26896099985073,46.126912000041671],[-111.26896900024666,46.126966000303469],[-111.26900100003371,46.127043000158622],[-111.26911900003448,46.127213000007487],[-111.26941899961014,46.127520999891495],[-111.2694579999682,46.127613999938454],[-111.26944999957229,46.127668999999393],[-111.26939500021901,46.127724000005458],[-111.26930800018037,46.127773000157021],[-111.26919699985228,46.12781699970963],[-111.2690079997064,46.127865999778514],[-111.26888200020801,46.127894000242947],[-111.26881899956051,46.127877000118289],[-111.26867700016861,46.127761999796469],[-111.26856599984053,46.127624999706015],[-111.26847999962681,46.127542000217097],[-111.26841600005271,46.127509000235506],[-111.26832999983898,46.127492999860053],[-111.26820299961737,46.127492999860053],[-111.26745399960483,46.127800000183804],[-111.26691700020271,46.128079000308098],[-111.26675099962304,46.128123000238865],[-111.26656900004815,46.128162000233033],[-111.2661430000758,46.128189000069149],[-111.26550399966814,46.128270999974461],[-111.26532299991817,46.12830900001066],[-111.264967000266,46.128330999888597],[-111.26439099960753,46.128501000120437],[-111.26413899971244,46.128534000130266],[-111.26375999959575,46.128550000203383],[-111.26362599970145,46.128533000281188],[-111.26328699976774,46.128456000018552],[-111.26262399996892,46.128241999847262],[-111.26224499985223,46.128098999941422],[-111.26211900035385,46.128028000089685],[-111.26200899985068,46.127945999822636],[-111.26192199981205,46.127851999852226],[-111.26185900006287,46.127802999770935],[-111.26140100030347,46.127544999818234],[-111.26127499990676,46.12746200020878],[-111.26073099993363,46.127050999789738],[-111.26055799968127,46.126907999904887],[-111.26050199960477,46.126841999784936],[-111.26024999970971,46.126277000059581],[-111.26015599999836,46.12610099983084],[-111.25999799981462,46.125926000181366],[-111.25988800020977,46.125843000000245],[-111.2596510003833,46.125721999767272],[-111.25950900009309,46.125639999803006],[-111.25939100009231,46.125547000158967],[-111.25924899980207,46.125404000105512],[-111.25914699969483,46.125277999990175],[-111.25906800005212,46.125156999761359],[-111.25884700011918,46.12493200016781],[-111.25859600004901,46.1247719999254],[-111.25812999989368,46.12454700000464],[-111.2577990003559,46.124293999997796],[-111.25766499956327,46.124173000098153],[-111.257349999919,46.123832999791148],[-111.25727100027629,46.123778000258518],[-111.25716099977313,46.123729000288996],[-111.25688499958859,46.123652000159943],[-111.25676599976292,46.123634999971372],[-111.25664000026453,46.123630000281196],[-111.2565609997235,46.123645999910892],[-111.25648200008079,46.12368499996159],[-111.25641900033159,46.123744999889936],[-111.25638699964622,46.123793999845176],[-111.25637099975272,46.12384399969109],[-111.25637900014864,46.123963999758715],[-111.25639500004216,46.124018999728293],[-111.25648999957839,46.124133999770294],[-111.25659199968564,46.124200000021631],[-111.25690800005316,46.124337999838815],[-111.25703399955152,46.124403999845761],[-111.25714400005469,46.124518999706666],[-111.25724699998686,46.124662000189652],[-111.25726999955307,46.124710999951901],[-111.257277999949,46.124765999798321],[-111.25726899972815,46.124931000253348],[-111.25705100016827,46.125208000147474],[-111.25701799965799,46.125235000186315],[-111.25693700036544,46.125282000245321],[-111.25678699967932,46.125347999743923],[-111.25668499957206,46.125370000181839],[-111.25657400014229,46.125364000119866],[-111.25618800035291,46.125314999693202],[-111.2558009998403,46.125282000245321],[-111.25565100005247,46.125282000245321],[-111.25550899976226,46.125271000009931],[-111.25528799982933,46.125243000079948],[-111.25507500029231,46.125204999796459],[-111.25484599996345,46.12514400030242],[-111.25470500039647,46.125072999754948],[-111.25464199974896,46.124968000189433],[-111.25464199974896,46.124929999716251],[-111.25451600025058,46.124626999888051],[-111.25444500010545,46.124523000016922],[-111.25415399985232,46.12423200019046],[-111.25409899960073,46.124132999841351],[-111.25392600024668,46.123743999953938],[-111.25385500010157,46.123616999839292],[-111.2537520001694,46.123490999995134],[-111.25365799955976,46.123414000156018],[-111.25357899991705,46.123370000199657],[-111.25329500023491,46.123265999823474],[-111.25313700005117,46.123172999907517],[-111.2530190000504,46.123085000197349],[-111.2529479999053,46.123013000160093],[-111.2528850001561,46.122919999817007],[-111.25277499965291,46.122650999895988],[-111.25269600001022,46.12238199990675],[-111.25270400040613,46.122283999931469],[-111.25272799979726,46.122179000031359],[-111.25283099972941,46.121981999838965],[-111.25296499962371,46.121772999904621],[-111.25306799955587,46.121653000045796],[-111.25324199963316,46.121504999963719],[-111.25344699967258,46.121351000230362],[-111.25376800006293,46.121141999770302],[-111.25389899958419,46.121033000243649],[-111.25400700043754,46.120914000005797],[-111.25406599998877,46.120681999954151],[-111.25395800003373,46.12023000003245],[-111.25390899962991,46.120129999962138],[-111.25387699984287,46.120075999848666],[-111.25381800029164,46.120017000286886],[-111.25369299971987,46.119919999846331],[-111.25348799968044,46.119838999970248],[-111.2532659999226,46.119832999928597],[-111.25305500003542,46.119902999751524],[-111.25290400042267,46.119974000112649],[-111.25273000034539,46.120066999824616],[-111.25233600016011,46.120220000033584],[-111.2522879995812,46.120253000022963],[-111.25173600011047,46.120423000277725],[-111.25098600027302,46.120636999691463],[-111.25085200037873,46.120664000102551],[-111.25078899973121,46.120653000190359],[-111.2499550002282,46.120927999827316],[-111.24870900009817,46.121296000087845],[-111.24849599966284,46.121323000175991],[-111.24830700041528,46.121356000127399],[-111.2482039995848,46.121384000165001],[-111.24811700044448,46.12141700007983],[-111.24791200040507,46.121527000068376],[-111.24766800000758,46.121679999958992],[-111.2472810003933,46.121822999716763],[-111.24674499991779,46.121960999884394],[-111.24656400016782,46.121988000269255],[-111.24568799993366,46.122180999960193],[-111.24534099960403,46.122230000061236],[-111.2451830003186,46.122274000305403],[-111.24502500013485,46.122296000102992],[-111.24494899996688,46.122299999952062],[-111.24479699963091,46.122307000309817],[-111.24462099990382,46.122293000216033],[-111.24438599972716,46.122275000268097],[-111.24414200022801,46.122219999802716],[-111.24392899979267,46.122193000154155],[-111.24353399978246,46.122236999805224],[-111.2431479999931,46.122231000024719],[-111.24307600002307,46.122236999805224],[-111.24300499987795,46.122248000023831],[-111.24261200041587,46.122394000056929],[-111.24222499990327,46.122538999745238],[-111.24208299961305,46.122577999956981],[-111.24140399992072,46.1225339999556],[-111.24063800018975,46.122315000006033],[-111.24050400029545,46.12224400017103],[-111.24040999968578,46.122178000066931],[-111.24032299964715,46.122095999808622],[-111.24023599960853,46.121985999710802],[-111.24019600032386,46.121903999789382],[-111.24018799992795,46.121766000101637],[-111.24021200021738,46.121602000104453],[-111.24023200030888,46.12153699983002],[-111.24034500028678,46.121173999847471],[-111.24040800003597,46.120701999782398],[-111.24045499989165,46.120405999715437],[-111.24047900018108,46.120333999913107],[-111.24052600003674,46.120257000020359],[-111.2408180001148,46.119916999829996],[-111.24091199982612,46.119791000241172],[-111.24099100036716,46.119593000216291],[-111.24099100036716,46.119521999986844],[-111.2409749995753,46.119466999886541],[-111.2408959999326,46.119358000159593],[-111.24080100039635,46.119302999895581],[-111.24071400035773,46.119275000045796],[-111.24051699981592,46.119253000287245],[-111.24032000017242,46.119269999959904],[-111.23992599998714,46.119352000065518],[-111.23934199983103,46.119495000261495],[-111.23903399985944,46.119626999969256],[-111.23890800036106,46.119710000175488],[-111.23856900042736,46.119984000156151],[-111.23835599999202,46.120104999916201],[-111.23809599970102,46.120226000033135],[-111.2380089996624,46.120248000025818],[-111.2379380004156,46.120253000022963],[-111.23782799991243,46.120242000028718],[-111.23766200023108,46.12020400003162],[-111.23737000015304,46.120099999905626],[-111.23672300024774,46.119913999813448],[-111.23610700030457,46.119694000025433],[-111.23570499972335,46.119524000012085],[-111.2354679998969,46.119381999906615],[-111.23530200021554,46.119184000280001],[-111.23527000042851,46.11909699982278],[-111.23524600013904,46.118833000042336],[-111.23516699959802,46.118696000162473],[-111.23507299988671,46.118630000166981],[-111.23492300009886,46.118603000004526],[-111.23394399993255,46.118619999877737],[-111.23366000025042,46.118603000004526],[-111.23343199974647,46.118575999828799],[-111.23329000035459,46.118537999928101],[-111.23301300034514,46.118356999713704],[-111.23291899973549,46.118318000250184],[-111.23263400022844,46.118242000066729],[-111.23217700029397,46.11816499974119],[-111.23180599967488,46.118131999746652],[-111.2307570000867,46.118078000165831],[-111.23059899990294,46.118072999971318],[-111.23006999999843,46.118078000165831],[-111.22985699956308,46.118066999737366],[-111.22972299966879,46.118083999775934],[-111.22950199973586,46.118182999786519],[-111.22945499988019,46.118231999707064],[-111.22936799984157,46.118322999799766],[-111.22921800005372,46.118478999964829],[-111.22910800044887,46.11857799988843],[-111.22902899990784,46.118627000080416],[-111.22892699980059,46.118665999947915],[-111.22881600037083,46.118677000256803],[-111.22871400026357,46.118665999947915],[-111.22863499972254,46.118633000253382],[-111.22847700043711,46.118495999876302],[-111.22820799992527,46.118215999750504],[-111.22810599981803,46.118100999809258],[-111.2276320001651,46.117629000194924],[-111.22756100002,46.117540999724703],[-111.22726100044434,46.11707500001507],[-111.22692900018332,46.116641999762052],[-111.22662899970935,46.116291000144791],[-111.22656599996014,46.116191999848525],[-111.22654199967072,46.116125999967366],[-111.22653400017309,46.116011000023249],[-111.22655000006664,46.115901000231204],[-111.22657000015811,46.115844000094093],[-111.22659600009739,46.115768000234702],[-111.22666800006739,46.115556000138433],[-111.22665999967148,46.115490000118278],[-111.22663600028037,46.115446000060871],[-111.22660500031823,46.115406999782493],[-111.22653400017309,46.115363999746982],[-111.22647100042393,46.115335999763744],[-111.22626499966127,46.115280999844202],[-111.22616299955403,46.11522699996037],[-111.22602100016212,46.115095000298311],[-111.22580000022917,46.114876000048341],[-111.22566600033487,46.114770999730709],[-111.22558699979386,46.114726999721967],[-111.22522399957069,46.114567999836297],[-111.22506600028525,46.11456299994606],[-111.22497900024662,46.11458499970891],[-111.22481299966695,46.114662000055233],[-111.22447399973323,46.114859999740013],[-111.22437199962599,46.114903000168837],[-111.22397699961577,46.115013000084822],[-111.22367799986502,46.11505699986521],[-111.22343299964264,46.11507400020966],[-111.22274700027761,46.115024999971801],[-111.22245500019956,46.115035999762121],[-111.22213100033447,46.115095999768549],[-111.2215560003992,46.115168000188234],[-111.22134999963656,46.115205999922019],[-111.22056200016428,46.115408999957147],[-111.22020700033704,46.115485999774826],[-111.2198600000074,46.11552999980028],[-111.21944900010367,46.115563000107635],[-111.21908599988052,46.115563000107635],[-111.2188180000919,46.11554699999882],[-111.21843899997523,46.115498000181539],[-111.21729499995247,46.115262000006425],[-111.21699600020175,46.115245999810163],[-111.21641200004564,46.115142000289708],[-111.21546499966637,46.114928000084078],[-111.21514900019719,46.114867999894734],[-111.21450999978953,46.114779999997054],[-111.21414699956635,46.114691999958815],[-111.21372099959399,46.114538999968289],[-111.21306600019111,46.114324999912007],[-111.21261699975423,46.114236999769943],[-111.21233300007209,46.114150000220242],[-111.21183599995464,46.11390799981281],[-111.21131500044604,46.113634000132514],[-111.2109599997205,46.113415000304002],[-111.21051799985462,46.113101999999465],[-111.21035200017326,46.112986999972243],[-111.21016300002736,46.112882999925127],[-111.2098550000558,46.112756000307996],[-111.20968900037444,46.112673999727917],[-111.20955499958183,46.112537000104233],[-111.20947599993912,46.112427000228088],[-111.20931799975537,46.112142000291946],[-111.20925500000618,46.112082000183094],[-111.20916799996753,46.112027000129792],[-111.20904999996677,46.111972000021602],[-111.20847400020658,46.111768999781134],[-111.20832400041874,46.111698000057373],[-111.20805300025711,46.111542000001066],[-111.20778000044564,46.111481999861851],[-111.20740100032896,46.111210999820415],[-111.20734699990226,46.110925000278009],[-111.20718000039599,46.110622000029977],[-111.20663899989762,46.110282000175296],[-111.20623899986452,46.11010299998965],[-111.20596900042611,46.109843999787905],[-111.20551499996634,46.109595000298],[-111.20437199976851,46.10890900015945],[-111.20410399997991,46.108627999688636],[-111.20400100004774,46.108194999704864],[-111.2037580003735,46.107882000272454],[-111.2035259996716,46.107951999706856],[-111.20334499992163,46.10803000019974],[-111.20321199985224,46.108044000180676],[-111.20292599962197,46.107929999787437],[-111.20271499973478,46.107801000139801],[-111.20259099988621,46.107648999931008],[-111.20259099988621,46.107329999732016],[-111.20250899987045,46.107120000038108],[-111.202195999876,46.106833000200645],[-111.20191999969148,46.106703000231811],[-111.20169100026094,46.106614000128992],[-111.20144500021365,46.106589999803752],[-111.2007959997602,46.106330000281758],[-111.2003089996885,46.105990000110488],[-111.20002800037942,46.105768000262891],[-111.19999999989201,46.105614000146389],[-111.19958200031559,46.105280000300048],[-111.19868299961691,46.10466000001307],[-111.19842999989693,46.104511999757527],[-111.19768900028029,46.104193999758117],[-111.19733299972982,46.103985999917924],[-111.19719899983552,46.10391500013418],[-111.19684999985606,46.103714999769274],[-111.19594500020791,46.103397999837796],[-111.19545300011335,46.103322000255275],[-111.1950070000495,46.103228000003917],[-111.19480100018517,46.103148000193841],[-111.19431499993837,46.103156999866833],[-111.19377400033829,46.102968000196647],[-111.19315300037226,46.10299000022782],[-111.19274199957022,46.103076000265474],[-111.19227700013812,46.103152000187059],[-111.19209300001511,46.103224999701688],[-111.19166100019497,46.102978999901921],[-111.19121799960587,46.102784000214967],[-111.19039599979838,46.10277400016453],[-111.18969299981661,46.102892999712957],[-111.18928199991286,46.103194999784861],[-111.18901199957614,46.103648999894482],[-111.18877399992476,46.103983999951566],[-111.18822300027894,46.10415700019729],[-111.18745499999983,46.104383999872603],[-111.18691500022467,46.104632999857245],[-111.18666599980432,46.104892999909119],[-111.18636399968052,46.105022000133694],[-111.18611799963324,46.105061000286994],[-111.18620399984695,46.105257999937074],[-111.18621899991557,46.105312999893883],[-111.18623599963399,46.105379000267874],[-111.18624400002992,46.105537999881825],[-111.18621999974049,46.105647999804653],[-111.18616299983907,46.105785999997678],[-111.18609300041717,46.106384000163636],[-111.18588800037779,46.1064930000177],[-111.18562800008677,46.106546999739912],[-111.18535799975004,46.106589999803752],[-111.18499100022724,46.106644000053727],[-111.18472000006558,46.106644000053727],[-111.18450400015551,46.106687000041944],[-111.18444999972884,46.106774000161749],[-111.18437399956086,46.106871000076154],[-111.18409300025178,46.106978999972654],[-111.18387700034171,46.107076000149164],[-111.18366100043166,46.107194999753688],[-111.18345499966901,46.107239000170473],[-111.18336900035359,46.107378999960694],[-111.18323899975894,46.107421999998344],[-111.18309900001687,46.107487000107497],[-111.18291499989384,46.107498000156745],[-111.18283899972585,46.107487000107497],[-111.18270900002952,46.107390000031444],[-111.1822439996991,46.107474999824838],[-111.18130399989084,46.107670999962565],[-111.18120699980648,46.107628000119163],[-111.18111999976783,46.10757400021032],[-111.1809690001551,46.107421999998344],[-111.1808069997734,46.107228000069576],[-111.1806660002064,46.107032999841557],[-111.18048200008339,46.106892999795448],[-111.18030899983103,46.106871000076154],[-111.18011499966227,46.106913999887304],[-111.17993100043755,46.107032999841557],[-111.17977999992651,46.107205999861215],[-111.17972600039815,46.107444000120545],[-111.1797580001852,46.10760600007039],[-111.17983400035317,46.10774699977766],[-111.17990899979795,46.107887000146029],[-111.17985500026958,46.108049000039564],[-111.17977999992651,46.108135999878172],[-111.17960099982636,46.108329999725299],[-111.17907500029492,46.10828600017939],[-111.17865000014746,46.108148000016932],[-111.17831600023662,46.10800899991019],[-111.17822900019799,46.107904000211072],[-111.17809299975555,46.107813999953834],[-111.17745000004821,46.107647000097529],[-111.1770819998022,46.107705999824859],[-111.17663400008853,46.107868000250335],[-111.17632600011693,46.108024999716328],[-111.17617999962877,46.108235999916722],[-111.1759639997187,46.10844099989572],[-111.17560100039385,46.108586999768356],[-111.17500700019202,46.108539000202676],[-111.17464999981662,46.108539000202676],[-111.17440100029461,46.108384000139111],[-111.17401799997997,46.108209000266747],[-111.17319600017248,46.108024999716328],[-111.17303899981367,46.108070999911519],[-111.17293099985862,46.108024999716328],[-111.17253599984841,46.10803000019974],[-111.17235799957318,46.108084000284641],[-111.17222299985397,46.108138999913088],[-111.17212599976961,46.108300999688815],[-111.1720990000054,46.108446999932227],[-111.17188800011822,46.108581999958282],[-111.17163899969788,46.108690000239235],[-111.17155300038245,46.108678999805093],[-111.17145100027523,46.108651000162197],[-111.17133800029731,46.108616000277138],[-111.17068899984389,46.1085729999253],[-111.17014300022093,46.108648999742314],[-111.16938599981248,46.108773000103774],[-111.16892700022815,46.108885999793493],[-111.16844600000421,46.108967999781534],[-111.16822400024638,46.109016000219199],[-111.16786500022118,46.109170999751171],[-111.16781400016755,46.109049000067664],[-111.16780599977162,46.109028999746691],[-111.16780300029689,46.108970000189842],[-111.16783500008394,46.108921000129911],[-111.16790000038128,46.108873999815408],[-111.16815700029923,46.108710000060448],[-111.16843900033153,46.108586000180026],[-111.16875300015089,46.108433000053658],[-111.16909299990951,46.108280999719192],[-111.16945699995756,46.10817400010103],[-111.16980599993705,46.108101000288883],[-111.17009899984001,46.108050000260391],[-111.17038400024536,46.108025999937603],[-111.1706060000032,46.107983999970351],[-111.17066299990461,46.107945000016556],[-111.1706820001712,46.107921999871166],[-111.17070100043776,46.108022000297986],[-111.17074200044563,46.108067000275156],[-111.17080799966956,46.108095999811951],[-111.17085399970033,46.108107999959408],[-111.17090200027921,46.108109000179176],[-111.17095199960961,46.108103999702927],[-111.17129200026655,46.108038999698529],[-111.17129999976414,46.107471000145239],[-111.17136199968843,46.10746600023392],[-111.17186200017893,46.107348999813148],[-111.17216500012765,46.107195999990068],[-111.17255199974196,46.106928999770069],[-111.17295799962281,46.106627999846779],[-111.17339199999108,46.106298999933557],[-111.17381799996342,46.10600000020041],[-111.1738999999792,46.105954000145431],[-111.17407599970629,46.105813999850255],[-111.17424899995864,46.105565000217297],[-111.17467599975591,46.10419300009017],[-111.17464899999173,46.103894999818891],[-111.17491900032846,46.103450999796038],[-111.17548099984495,46.102835000132622],[-111.17575100018168,46.101807999820828],[-111.17606599982595,46.099757999973541],[-111.17625599979675,46.09868399999317],[-111.17776700024062,46.095008000122135],[-111.17781200044645,46.094757999811996],[-111.17762099975243,46.094177999786154],[-111.17711899961211,46.09344400004202],[-111.17670000021077,46.091608999993497],[-111.17669299963977,46.09154600027086],[-111.17655100024784,46.090673000177887],[-111.17648599995053,46.090176000006117],[-111.17643200042215,46.089818999865422],[-111.17646500003411,46.089548999794992],[-111.17623800025342,46.089277999710511],[-111.17603200038909,46.08917000002765],[-111.17570799962567,46.089084000105878],[-111.17551400035524,46.088965000036495],[-111.17524300019356,46.088792000095452],[-111.1750699999412,46.08857599986117],[-111.1750699999412,46.088273000131807],[-111.1750699999412,46.088014000168499],[-111.1750699999412,46.088002999969959],[-111.17511400032214,46.087591999927803],[-111.17514299973614,46.087181999914883],[-111.17508099981185,46.086780999823446],[-111.17494100006978,46.086359000118549],[-111.17484300016049,46.086186000103801],[-111.17438899970072,46.086077999974378],[-111.17380500044295,46.086003000192768],[-111.1735350001062,46.085949000286902],[-111.17351400018981,46.085861999704264],[-111.17365399993189,46.085364999796688],[-111.17378399962824,46.085073000036914],[-111.17415600007223,46.084403999902683],[-111.17389699960616,46.084188999962379],[-111.17362700016771,46.083421999782558],[-111.17348599970239,46.08235100023871],[-111.17344800006758,46.082197000142116],[-111.17322200011176,46.082172999780887],[-111.17317799973083,46.081653999851326],[-111.17335099998319,46.081361999765406],[-111.17329699955651,46.080891999774408],[-111.17334799961014,46.080708000278371],[-111.17350499996898,46.07964399993687],[-111.17390699965188,46.07957900002868],[-111.17379700004703,46.079282999699153],[-111.17320000037046,46.078906000064329],[-111.17264499962835,46.078449999733408],[-111.17236299959605,46.078217999780371],[-111.17215699973174,46.077738000197186],[-111.17245100035791,46.0772270003092],[-111.17222500040211,46.076550000269734],[-111.17222600022701,46.076399000076158],[-111.17213599981531,46.075200999921904],[-111.17212400011977,46.075113000266775],[-111.17211400007403,46.074954000165867],[-111.1721059996781,46.074622000096909],[-111.17214300038633,46.074390000252158],[-111.17218600004404,46.0742910001102],[-111.17230599969463,46.074054000295178],[-111.17238699988549,46.073792999818252],[-111.172442999962,46.073656999768197],[-111.17261700003925,46.073288000290333],[-111.1727459999107,46.072935999843523],[-111.17275900032949,46.072835999972789],[-111.17277600004792,46.072667999881766],[-111.17259000027509,46.072204999862642],[-111.17293500005658,46.071500000098432],[-111.17298600011021,46.071395000052568],[-111.17391300039799,46.069877999725165],[-111.17537899973769,46.067944000097533],[-111.17663400008853,46.066586000017594],[-111.17689100000646,46.066139999938585],[-111.17697399984715,46.065931999921737],[-111.17730399956002,46.065105000132874],[-111.17748100001035,46.06452400019905],[-111.17762199957734,46.062758000200866],[-111.17801900013571,46.061342000117463],[-111.17831500041171,46.061001999957114],[-111.17875599955435,46.060663999863678],[-111.17992200021673,46.059416000102928],[-111.18026199997537,46.058980999823142],[-111.18046500036495,46.058476999916593],[-111.18072999978051,46.058006000246216],[-111.18146399972443,46.057174000059419],[-111.18181699990184,46.056716999792712],[-111.18306499968165,46.054878000233664],[-111.18331800029998,46.05441599993393],[-111.18342700007992,46.054065999986349],[-111.1836370001422,46.053390000092094],[-111.18368200034803,46.052399999926251],[-111.18337199982834,46.051434000118164],[-111.18300299975738,46.050564000049626],[-111.18299299971164,46.050132999961491],[-111.18315500009335,46.049672999934117],[-111.18341200001129,46.04923099992839],[-111.1839969999923,46.048530000001129],[-111.18418699996312,46.048188000014029],[-111.18429900011611,46.047689999899553],[-111.184376000109,46.047345000098531],[-111.18445700029986,46.04690300016857],[-111.18443600038344,46.046559999994834],[-111.18386800012088,46.045353999774996],[-111.18379199995289,46.044954000114465],[-111.18408499985587,46.044150000303219],[-111.18416500022181,46.04374200015782],[-111.1841800002904,46.041748999944815],[-111.18433599992602,46.041249000025495],[-111.18501600034159,46.039916000221417],[-111.18533799965857,46.039073000035486],[-111.18540499960571,46.037576000240193],[-111.18548800034469,46.037098000092762],[-111.18584399999683,46.035825999780286],[-111.18592400036277,46.035413999986666],[-111.18592099998973,46.035004000212396],[-111.18580600036201,46.034585000257202],[-111.18579499959304,46.034542999869245],[-111.18512299957339,46.032969000030924],[-111.18503999973272,46.032464999734707],[-111.18513400034237,46.031967000080179],[-111.18550900026109,46.031081999716434],[-111.18563999978234,46.030677999999199],[-111.18567400011753,46.030273999823635],[-111.18560600034546,46.02987600028915],[-111.18537899966644,46.029523999973698],[-111.18462399980611,46.028849999925178],[-111.18432800042842,46.028498999728768],[-111.18427300017683,46.02829400014312],[-111.18422399977304,46.028112000175099],[-111.18423899984164,46.027028000056092],[-111.18420200003172,46.026694000285588],[-111.1841509999781,46.02660200009889],[-111.18406099956641,46.026439999886072],[-111.18442399978956,46.026520999739944],[-111.18454500016338,46.026551000187027],[-111.18529500000085,46.026916000268315],[-111.18563200028474,46.026984999718906],[-111.18567099974447,46.027089000201485],[-111.18567099974447,46.027236000040091],[-111.18567099974447,46.027304999714929],[-111.18574400043772,46.027370000052983],[-111.18591299959381,46.027422000268416],[-111.18619799999918,46.027496000010863],[-111.18631500017504,46.02748900009005],[-111.18873700011486,46.028006000143797],[-111.1895239997622,46.028437999891977],[-111.19108899973443,46.028913999909086],[-111.1914090002999,46.028930999989797],[-111.19191899993783,46.028991999906225],[-111.19238599991806,46.02903499992955],[-111.19446999974906,46.029324999735493],[-111.19671099993889,46.029415999980344],[-111.20038599968139,46.029060999883932],[-111.20235499988465,46.030249000200484],[-111.20400199987266,46.031068000158477],[-111.2048150003576,46.031448000177292],[-111.20687300024933,46.031154000059914],[-111.21095499969762,46.03046199994543],[-111.21341799964529,46.030061999741918],[-111.21366799989055,46.03004700016136],[-111.21533499997003,46.02952600014482],[-111.21796899962195,46.028899000016956],[-111.22077800007435,46.028688999852363],[-111.22172000043074,46.028656999739411],[-111.22337699956616,46.028331000066757],[-111.22385000029247,46.028343000104108],[-111.22439500009052,46.028356999728572],[-111.22686999973376,46.027842999875467],[-111.2282160003212,46.02800399991763],[-111.22851199969888,46.028300999962006],[-111.22847900008695,46.028962999944127],[-111.22782299996081,46.0301299998685],[-111.22782299996081,46.03047299976356],[-111.22834799966735,46.031112999927771],[-111.22933299968146,46.031593000176926],[-111.23008800044011,46.032095000239536],[-111.23074399966791,46.032895999844548],[-111.23090799969944,46.033558999997553],[-111.23133500039499,46.034518999989537],[-111.23170100009291,46.035284000068167],[-111.23172899968201,46.035342000203904],[-111.23113200000542,46.03625899979783],[-111.23090900042266,46.036599999781131],[-111.23094200003462,46.038085000036524],[-111.23113899967811,46.038291999952854],[-111.23127000009768,46.038223000274797],[-111.23215399982941,46.036989000294255],[-111.23264699974892,46.036622999735364],[-111.23382900030482,46.036415999802813],[-111.23441699976057,46.036118999711093],[-111.23451200019512,46.035991999797737],[-111.23481099994588,46.035592999992836],[-111.23520500013116,46.035227000165747],[-111.23566399971548,46.035707000231064],[-111.23628800005454,46.035889999793483],[-111.23678099997404,46.0363240002075],[-111.23720799977131,46.037125000255635],[-111.23724100028159,46.037902000259983],[-111.23602600011372,46.039890999971199],[-111.23560000014137,46.041080000270462],[-111.23566600026362,46.041674999955212],[-111.23635699965153,46.04272600002821],[-111.23674900018702,46.04297699994769],[-111.23694599983048,46.042933000016902],[-111.23723600025873,46.042526999937458],[-111.23730700040382,46.042428000016955],[-111.237699000041,46.0413550002242],[-111.23805899989109,46.040805999764672],[-111.23835599999202,46.040873000198204],[-111.23855299963553,46.041172000053635],[-111.23871699966703,46.042222999718405],[-111.23917699997459,46.04242900018081],[-111.24131100003429,46.043640000118323],[-111.24262400011145,46.044621999805294],[-111.2446269997516,46.046038999777331],[-111.24505199989902,46.046062000167069],[-111.24672700037443,46.045535000218983],[-111.2477109996653,46.045375000228972],[-111.24866300006742,46.045420000195051],[-111.24889900006896,46.045472000262649],[-111.25041200016268,46.045808000238829],[-111.25078999955613,46.045738999970666],[-111.25140800004742,46.045512000233344],[-111.25177000044567,46.045580000054763],[-111.25183700039283,46.045623999747896],[-111.25196700008915,46.045489000238135],[-111.25257200016165,46.045403000198327],[-111.25300499980669,46.045410999830672],[-111.25367900037448,46.045420000195051],[-111.25564299965656,46.045152000077707],[-111.25647299985995,46.045090999915907],[-111.2569830003962,46.044883999907263],[-111.25749399985907,46.044521000269455],[-111.2578910004174,46.043914999800371],[-111.25835000000171,46.043568999973559],[-111.25890300019567,46.043248999988968],[-111.25925200017512,46.042704999814326],[-111.25935500010729,46.042544000195647],[-111.25932300032024,46.041606999691993],[-111.25880000026351,46.039228999930145],[-111.2592289997106,46.037720000126484],[-111.25939399956704,46.036576999817356],[-111.25998500029415,46.035663000123215],[-111.26021600027283,46.03477199975606],[-111.26038100012927,46.033948999783853],[-111.26057899959768,46.033239999742811],[-111.26034699979408,46.031997000066156],[-111.26019199998338,46.031772000086228],[-111.26024399986194,46.028744999849508],[-111.26340899996649,46.025095999980017],[-111.26679900020193,46.024542000214275],[-111.26707600021136,46.023729000136122],[-111.26813099964734,46.022206999977435],[-111.26999000024576,46.020536000046953],[-111.27135600002634,46.019276999785887],[-111.27227499991821,46.018156999972931],[-111.27240700016269,46.017700000046275],[-111.2723090002534,46.016738999877376],[-111.27250599989689,46.016282000084338],[-111.27296600020443,46.015984999722953],[-111.27378600036208,46.015573999906309],[-111.27417999964905,46.015207999770588],[-111.27529600008272,46.014659999746605],[-111.27588799973643,46.01358599974855],[-111.27621599979949,46.013242999882316],[-111.2767740000163,46.013036999800498],[-111.2773649998451,46.012785999896394],[-111.27792300006193,46.011666000252035],[-111.27838300036949,46.011299999831962],[-111.27887499956577,46.011003000165601],[-111.27913800022979,46.010683000019519],[-111.27956500002706,46.009426000303364],[-111.27953300024001,46.007916999773727],[-111.27940199982044,46.006750999708196],[-111.27948499966112,46.006574000270632],[-111.27973900010431,46.006032000120321],[-111.27973099970841,46.005975000003147],[-111.27972800023369,46.005949999998897],[-111.27925100020771,46.002381999731618],[-111.27937500005626,46.000780999768359],[-111.27959299961614,46.000002000263564],[-111.28140100016093,45.999158000044886],[-111.28297600017892,45.999182000299939],[-111.28284399993443,45.999318000300434],[-111.28268499992576,45.99942399979372],[-111.28253400031302,45.999506000227932],[-111.2823419997941,45.999599000261284],[-111.28227200037222,45.999658000087344],[-111.2822570003036,45.999694999829821],[-111.28227400002206,45.99972600016843],[-111.28230900018212,45.99974899986492],[-111.2823569998627,45.999756000177619],[-111.28253500013794,45.999728999858078],[-111.28261299995573,45.999710999845696],[-111.28274100000226,45.999656000083689],[-111.28282200019312,45.999634000038768],[-111.28289499998807,45.999630999719933],[-111.28293599999594,45.999654000079957],[-111.28295299971437,45.999698000145138],[-111.28290599985871,45.999776000174698],[-111.28280899977435,45.999872000060172],[-111.28266700038243,45.999996999973398],[-111.28249900015294,46.000114999961824],[-111.28234500016714,46.000200000284089],[-111.28211300036355,46.000290999794288],[-111.28190199957805,46.000406000126993],[-111.28174599994244,46.000525000165354],[-111.28141200003158,46.000755999912926],[-111.28127300011441,46.000857999851085],[-111.2811719998321,46.000964000138211],[-111.28110499988495,46.001055999928418],[-111.2810610004023,46.00115799993754],[-111.2810460003337,46.001176999765562],[-111.2809690003408,46.001189999742593],[-111.28108200031872,46.001307000022805],[-111.28114699971773,46.001347999795783],[-111.28123200010654,46.001374000290497],[-111.2813559999551,46.001380000114956],[-111.28145600041252,46.001373000007689],[-111.28198699996686,46.0012909998444],[-111.28303300008031,46.001098000175205],[-111.28357399968039,46.000994000100171],[-111.28383099959834,46.000940999698727],[-111.28397799991144,46.00088999982966],[-111.28410099993509,46.000821000262349],[-111.28422399995874,46.000727999786903],[-111.28437499957147,46.00058499992506],[-111.28572100015892,45.99966699979084],[-111.28641200044513,45.999282999699027],[-111.28665199974633,45.999149999957531],[-111.28766600007272,45.998623000081615],[-111.28832899987154,45.998244999773263],[-111.28881500011835,45.997949000248305],[-111.2888820000655,45.9979009999063],[-111.29034400010556,45.996653999856903],[-111.29040699985475,45.996590999719203],[-111.29051700035792,45.99647299970421],[-111.29057500008425,45.996380999782374],[-111.29059199980269,45.996347000193119],[-111.29061199989417,45.996287999956913],[-111.29065000042731,45.996237999919032],[-111.29074099976557,45.996038999695045],[-111.29085799994145,45.995638000309285],[-111.29100299970642,45.995228000089952],[-111.29102799982077,45.995061999980528],[-111.29101199992726,45.994904000075501],[-111.29097599994225,45.994823000087507],[-111.29091900004083,45.994752000262508],[-111.29077199972774,45.99462599995325],[-111.29049300006848,45.994465000076744],[-111.29008200016474,45.994276999872334],[-111.28982400042189,45.994111000030635],[-111.28968399978149,45.993989999719481],[-111.28963100007803,45.99391800028048],[-111.28956900015378,45.993764999835314],[-111.28956400013089,45.993680000237362],[-111.28958300039747,45.993597999906775],[-111.289775999843,45.993278000179181],[-111.28981000017816,45.993188000175955],[-111.28982500024681,45.9931029996918],[-111.28981699985087,45.992689000151699],[-111.28978599988874,45.992338000069431],[-111.28982000022394,45.992193999919834],[-111.28991499976017,45.991927999741712],[-111.28994700044552,45.991752000145816],[-111.28996900018683,45.990991999804876],[-111.28995699959297,45.990924000224908],[-111.28992599963082,45.990856999786061],[-111.28986999955433,45.990802999811137],[-111.28979699975937,45.990758000311907],[-111.28971399991872,45.990726999942176],[-111.28872999972953,45.990599000123979],[-111.28862900034551,45.990577000222963],[-111.28842799960574,45.990509999988198],[-111.28818400010658,45.990370999987668],[-111.28786100006639,45.990097000262089],[-111.28770999955536,45.990007999943188],[-111.28764099995837,45.989993999971198],[-111.28761099982113,45.989989999889367],[-111.28752799998047,45.98998599980726],[-111.28743500009404,45.989998999917034],[-111.28717300015322,45.990076000024452],[-111.28707299969579,45.990094999912863],[-111.28670799982281,45.990086999763562],[-111.28643300036151,45.990053999915496],[-111.28548199978431,45.989941000267933],[-111.28512799978198,45.989874999753965],[-111.28491199987191,45.989802999954577],[-111.284650999756,45.98968700018488],[-111.2842929995557,45.98950300009453],[-111.2841229996764,45.989390999821453],[-111.28395100014725,45.989261000279114],[-111.2834609997025,45.988785000309484],[-111.28337299983893,45.988717999777926],[-111.2826509995906,45.988243000027893],[-111.28217799976257,45.987896999972449],[-111.28188700040775,45.987703999773935],[-111.28176699985883,45.987606000185245],[-111.28172599985096,45.987546999992496],[-111.28170999995743,45.987475000285727],[-111.28172099982808,45.987402999861082],[-111.28180899969162,45.987273000018867],[-111.28200000038565,45.987119000012378],[-111.28204200021844,45.987060999842114],[-111.2820599997618,45.986998000018772],[-111.28205399991401,45.986935000123786],[-111.28202399977678,45.986866999928743],[-111.2818079998667,45.986620000197277],[-111.28173300042195,45.986517000302051],[-111.28172300037622,45.986458000196997],[-111.28173099987382,45.98639099996965],[-111.28177500025475,45.986246999951902],[-111.28178199992745,45.986165999777292],[-111.28169800026187,45.985661999772837],[-111.28167099959937,45.985337999932788],[-111.28167899999529,45.985098999868057],[-111.28173900026975,45.984950999788609],[-111.28192900024054,45.984567999909707],[-111.28215299964822,45.984166999803023],[-111.28227800021999,45.983977000251329],[-111.28239700004569,45.983860000156973],[-111.2826509995906,45.9836609997433],[-111.28283399988869,45.98349899982253],[-111.28289199961499,45.983429999793259],[-111.28312299959369,45.983157000028257],[-111.28317600019547,45.983142000207962],[-111.2832289998989,45.983108999964728],[-111.28328300032557,45.983060999859575],[-111.28398399975923,45.982314000077274],[-111.28447900022687,45.981786000285787],[-111.28533000034666,45.980878000081539],[-111.28560700035608,45.980604000183327],[-111.2858840003655,45.980303999783104],[-111.28614799995617,45.979993999805174],[-111.28629699991909,45.979791999707146],[-111.28639499982837,45.979644999849349],[-111.28642900016355,45.979594999757758],[-111.2865089996312,45.9794960001175],[-111.28660200041591,45.979396000244392],[-111.28755599956955,45.978632999842404],[-111.28764400033143,45.978570999862491],[-111.28771899977617,45.978501999934139],[-111.28778599972333,45.978432999919747],[-111.28784299962474,45.9783539996982],[-111.28794200025726,45.978180000171903],[-111.28869000044487,45.976968000013414],[-111.28877099973742,45.976849999988097],[-111.28890600035496,45.976612000219511],[-111.28913499978549,45.976126000211472],[-111.28925899963406,45.975782999701359],[-111.28940099992425,45.975426000277579],[-111.28957099980357,45.975053000152421],[-111.28984600016318,45.974528999743043],[-111.2899089999124,45.97439300000827],[-111.28996699963869,45.974251999820453],[-111.2900160000425,45.974106999917076],[-111.29042699994625,45.971893999747145],[-111.29046299993125,45.971750000107264],[-111.29054699959684,45.971493999823039],[-111.29058199975694,45.971365999861568],[-111.29060400039656,45.971237000025432],[-111.29060900041942,45.971101999904192],[-111.29058799960471,45.970657999862539],[-111.29057199971122,45.970500999815833],[-111.29052400003062,45.970150999744213],[-111.29051399998488,45.96996799988051],[-111.29063899965836,45.968180000085802],[-111.29065799992493,45.968060999806077],[-111.29068800006216,45.967948000222009],[-111.29072999989495,45.96784199976166],[-111.29079099999431,45.967740999805841],[-111.29086399978925,45.9676479999371],[-111.29096800044462,45.96754299979694],[-111.29142700002895,45.967545999982136],[-111.29218899956194,45.967050000045759],[-111.29229900006513,45.967048000112527],[-111.29269900009822,45.966997999885827],[-111.29289900011474,45.966957999921739],[-111.29311000000193,45.966899000202922],[-111.29329199957684,45.966822999985752],[-111.29345499978345,45.966709999749355],[-111.29364899995221,45.966541000043165],[-111.29378299984651,45.966461000050501],[-111.29393900038042,45.966393000309296],[-111.29425700039775,45.966328999778725],[-111.2947250002029,45.96626800005302],[-111.29499499964132,45.966221000003607],[-111.29515100017524,45.966135000274889],[-111.29526800035111,45.966025999824296],[-111.2955550004063,45.965664999979758],[-111.29567400023197,45.965594999900212],[-111.29605699964831,45.965461999755099],[-111.29623800029658,45.965431000205875],[-111.29718700032568,45.965362999824734],[-111.29811000041548,45.965217000065039],[-111.29893700024583,45.965157999740768],[-111.29918300029311,45.965115000004559],[-111.29936800024105,45.965054000190911],[-111.30015800026148,45.964671999748418],[-111.30052800015731,45.964530000089297],[-111.3009130001218,45.964425000283136],[-111.30232599975805,45.964244999974049],[-111.30329099968066,45.964014999907519],[-111.30373199972162,45.963872999813177],[-111.30447499988638,45.963553999689964],[-111.30486800024676,45.96343200030438],[-111.30568800040442,45.963199000188716],[-111.30654000034913,45.963063000107788],[-111.30675799990901,45.963010999951877],[-111.30696399977334,45.962935000020494],[-111.30736700017948,45.96274099987081],[-111.30804099984893,45.962348999825664],[-111.30823900021565,45.962264000071201],[-111.30840900009495,45.962215000263683],[-111.30883900026527,45.96213600001127],[-111.30991399979273,45.961844999706393],[-111.31007399962631,45.961801999896537],[-111.31039400019176,45.961674999769542],[-111.31081099994329,45.961565999910228],[-111.31097099977686,45.961464999751819],[-111.31143100008438,45.961174000293845],[-111.31202699993604,45.960722999725469],[-111.31339199989172,45.960051000057724],[-111.31352599978604,45.960000999760368],[-111.31381000036649,45.959896999896614],[-111.31423700016374,45.959696999754065],[-111.31453500008958,45.959501999716245],[-111.3146909997252,45.95938600015598],[-111.31480899972595,45.959247999867564],[-111.31496600008481,45.958982000007126],[-111.3151419998119,45.95878000007702],[-111.31530199964546,45.958717999728186],[-111.31633400041352,45.958490999873547],[-111.3167129996319,45.958342999866389],[-111.3170449998929,45.95814800005931],[-111.31765199961524,45.957751000256167],[-111.31808599998351,45.957265000235019],[-111.31895700019479,45.956572000014269],[-111.31929500030358,45.956401000289333],[-111.31971500042815,45.956334999761317],[-111.31991299989654,45.956285999706466],[-111.32008299977586,45.956221000140324],[-111.32072300000847,45.955842000190927],[-111.32140300042404,45.95553100018958],[-111.3221339999949,45.955197000228424],[-111.32248299997435,45.955001999967337],[-111.32277300040261,45.954810999770238],[-111.32310899996325,45.954590000048199],[-111.32331300017776,45.954315000104444],[-111.32360000023294,45.953823999836587],[-111.32364000041591,45.953756000198098],[-111.32377099993715,45.953691000162578],[-111.32395199968714,45.953646999749374],[-111.32444799997967,45.953637000161599],[-111.3246949998519,45.953598999712987],[-111.32493800042442,45.953527000204957],[-111.3254139997272,45.953295000182443],[-111.32624099955756,45.952784000139758],[-111.32669199964425,45.9525979999935],[-111.32686200042185,45.952522000143603],[-111.32699399976802,45.952455000074444],[-111.3274139998926,45.952317999932554],[-111.32826099981443,45.952167999831083],[-111.32992700006901,45.95194900004055],[-111.33013399975825,45.951906999973311],[-111.33028899956894,45.951836000069747],[-111.33099300027395,45.951400999932787],[-111.33149000039141,45.95109399976112],[-111.33202099994575,45.95087799993744],[-111.33322699989277,45.950501000203431],[-111.33377500006387,45.950239999990387],[-111.33468100043522,45.949706000017969],[-111.33504600030822,45.949430000226187],[-111.33544700016621,45.949211000234918],[-111.33564800000765,45.949144999888205],[-111.33583499960542,45.949109000063423],[-111.33597000022293,45.949117999865685],[-111.33614699977494,45.949142999933272],[-111.33635299963927,45.949154000309186],[-111.33662100032619,45.949120999799462],[-111.3369109998561,45.949027999903791],[-111.33716799977404,45.948906999745496],[-111.33758600024881,45.948625999788838],[-111.33780700018174,45.948509999946992],[-111.33783800014388,45.948494000122068],[-111.33803499978735,45.948449999955081],[-111.33827300033705,45.948425000199499],[-111.3385579998441,45.948448999965038],[-111.33892299971708,45.948506999980154],[-111.33946300039057,45.948570999861772],[-111.34018899993855,45.948562999958682],[-111.34088400042273,45.94851899984647],[-111.34123199967898,45.948465999792703],[-111.34154899987139,45.948391999880322],[-111.34231299995253,45.948142000306703],[-111.34270299993987,45.947983000161145],[-111.34307700003369,45.947782000114032],[-111.3433609997158,45.947599000061857],[-111.34364100009829,45.947316999709997],[-111.34415300028436,45.946506000304375],[-111.34433099966131,45.94636499971373],[-111.34456199963998,45.946228000134191],[-111.34582200001367,45.94572500021043],[-111.347133000441,45.945142999976447],[-111.34771699969879,45.94491800021558],[-111.34841399983279,45.944735000078104],[-111.34851599994005,45.944667999965418],[-111.34858999955988,45.944651000222329],[-111.34854400042744,45.944292999974941],[-111.34866200042821,45.944097000008306],[-111.34887300031541,45.943897999757084],[-111.34889000003385,45.943801000172947],[-111.34889099985877,45.943770999822874],[-111.34886499991948,45.943648999981015],[-111.34879999962219,45.943532999718506],[-111.34867199957566,45.943430000262069],[-111.34796000027134,45.943377999796716],[-111.34773400031553,45.94331599970662],[-111.34737899958998,45.943070000076425],[-111.34705800009792,45.942747999845444],[-111.34670900011848,45.942422999946899],[-111.34630800026048,45.941998000088006],[-111.34615900029758,45.941700000066412],[-111.34613199963506,45.941623000152632],[-111.34597500017456,45.941177999862049],[-111.34588700031101,45.940869000286746],[-111.34574800039383,45.940476999813143],[-111.34553300030868,45.94009200005263],[-111.34528300006343,45.939713999901763],[-111.34504700006187,45.939324999847258],[-111.34479099996882,45.938963000171455],[-111.34445899970781,45.938628999696199],[-111.3441130001014,45.9383179999381],[-111.34382900041928,45.938014000308634],[-111.34368200010617,45.937687999963714],[-111.34367200006042,45.937375999735877],[-111.34372399993899,45.937148999926571],[-111.34379599990901,45.936887999944062],[-111.34392399995552,45.936609000069204],[-111.34410700025362,45.936384000034373],[-111.34448100034743,45.935960999921313],[-111.34479699981659,45.935627000105967],[-111.34485399971801,45.935401999835172],[-111.34480100001458,45.935105000204011],[-111.34471700034899,45.93478700026818],[-111.34455900016525,45.934327999791613],[-111.3445080001116,45.934011000024029],[-111.34450499973855,45.933755000292486],[-111.34455800034033,45.933567000127539],[-111.344605000196,45.933162999823416],[-111.3446129996936,45.933096000096263],[-111.34463699998305,45.932426999901274],[-111.34466000044756,45.932100000164553],[-111.34469399988446,45.931781000201006],[-111.34472300019678,45.931413999773191],[-111.34484100019753,45.930418000250469],[-111.3449089999696,45.930059000250971],[-111.34505700010762,45.929783000114242],[-111.34540299971403,45.929480000263872],[-111.34585999964852,45.929118999764],[-111.34662799992763,45.928526000070654],[-111.34697000023439,45.928253999971304],[-111.34725100044177,45.92803799987945],[-111.34753199975084,45.927805000286661],[-111.34788999995114,45.927519000255657],[-111.34828099976338,45.927198000066007],[-111.34865900005516,45.92686699985029],[-111.34888500001098,45.926606000214889],[-111.34909400024836,45.926334000073339],[-111.34933600009769,45.92612399986033],[-111.34967300038159,45.925889000182039],[-111.35009799963071,45.9256150000951],[-111.35060099959594,45.925354000192691],[-111.35072000031997,45.925282000240578],[-111.35080700035859,45.925228000058908],[-111.3509920003065,45.925079999962747],[-111.35104300036015,45.925006000079023],[-111.35109400041375,45.924867999795715],[-111.35109000021581,45.924788000253152],[-111.35107299959905,45.92472399978616],[-111.35099800015431,45.924448999770803],[-111.35097200021502,45.924329999932404],[-111.35096800001706,45.924209000234015],[-111.35101700042087,45.92411299975366],[-111.35112299982777,45.924013999689677],[-111.35130399957774,45.923801000013384],[-111.35144599986795,45.923642000047607]]]},"properties":{"MTFCC":"G5020","OID":"2077015532923019","GEOID":"30031001700","STATE":"30","COUNTY":"031","TRACT":"001700","BASENAME":"17","NAME":"Census Tract 17","LSADC":"CT","FUNCSTAT":"S","AREALAND":"2125809683","AREAWATER":"2902346","UR":"R","CENTLAT":"+45.9170184","CENTLON":"-111.0074111","INTPTLAT":"+45.9087765","INTPTLON":"-111.0376683","HU100":2165,"POP100":4343,"OBJECTID":53316}},{"type":"Feature","id":58562,"geometry":{"type":"Polygon","coordinates":[[[-111.25742799973681,45.81629699975219],[-111.25784700003648,45.816340000282047],[-111.25641699978345,45.815594999713852],[-111.25518099969919,45.814964000040014],[-111.25395100036104,45.814344000280734],[-111.25023899991031,45.812448000089404],[-111.24772300025919,45.811168999988908],[-111.24646399971037,45.810523000072344],[-111.24140800011868,45.807914000186912],[-111.23494499984018,45.80457499972163],[-111.23364500018181,45.803907999730598],[-111.22965900009468,45.801844999766054],[-111.22579199983326,45.799843999903189],[-111.2147270004228,45.794134000167944],[-111.21131799992077,45.792368999967891],[-111.20998200027742,45.791679999890199],[-111.20865900015451,45.790999000129055],[-111.20736100014597,45.790305999945417],[-111.20613699975728,45.789554999854026],[-111.20503000044275,45.788739999725173],[-111.20404000040581,45.787863000012734],[-111.20365200006829,45.787449999792585],[-111.20315900014879,45.78692599983232],[-111.2024079995881,45.785937999868381],[-111.20178800034532,45.784915999718109],[-111.20130999959612,45.78388499997066],[-111.20097599968527,45.782857999940106],[-111.20073999968372,45.781865000002668],[-111.2006469997973,45.781430000260293],[-111.20051899975078,45.78083699984677],[-111.20009600015148,45.778954000200009],[-111.19977200028639,45.777973999972133],[-111.19945500009398,45.777304000017189],[-111.19931799982662,45.777014000233486],[-111.19877700022654,45.776098999822786],[-111.198132999796,45.775215000013361],[-111.19737999958549,45.774350999847215],[-111.19654000023468,45.773538999893056],[-111.1957460000163,45.772889000306826],[-111.19559799987829,45.772768000304168],[-111.19430499989261,45.771852999775881],[-111.19344700010014,45.771355999866806],[-111.19324899973341,45.771257000125033],[-111.19226600026747,45.770763000091137],[-111.19107200001599,45.770263999734716],[-111.18824099982228,45.769249999938133],[-111.18797899988145,45.769159000284077],[-111.18772100013861,45.7690640001288],[-111.18721300015048,45.768889000078858],[-111.18672000023098,45.768713000011907],[-111.18648199968129,45.768635000103721],[-111.18535799975004,45.768234000300055],[-111.18515799973349,45.768162999826593],[-111.18515699990859,45.768367000070043],[-111.18513199979424,45.769087000273601],[-111.1850530001515,45.771116999994007],[-111.18501700016651,45.772024999819756],[-111.18500100027298,45.772495999971618],[-111.18499399970196,45.772948000181863],[-111.18497899963336,45.773838000228984],[-111.18497600015861,45.774046999761289],[-111.18495400041731,45.774915000184777],[-111.18493400032582,45.775987000196935],[-111.18493299960259,45.776130999853585],[-111.18493099995278,45.776382000280599],[-111.18492900030294,45.776558999909945],[-111.18492099990704,45.777266999700977],[-111.18492000008213,45.777366000051806],[-111.18491099986129,45.777654000016057],[-111.18491000003638,45.777693999876057],[-111.18490300036369,45.778009999891424],[-111.18489400014285,45.778180999817195],[-111.18489300031793,45.778570999807357],[-111.18489300031793,45.778599999920949],[-111.18488800029508,45.77910999986441],[-111.18488400009711,45.779474000307658],[-111.18488099972406,45.779696999839132],[-111.18487599970119,45.780192000191349],[-111.18509099978634,45.780306999802342],[-111.18578100024764,45.780665000041715],[-111.18598399973894,45.780763999997987],[-111.18607599980044,45.780816999794709],[-111.187445999779,45.781533000196326],[-111.18773200000926,45.781690999886493],[-111.18782200042094,45.781736999775596],[-111.18839200033334,45.782031999959926],[-111.1885939999997,45.782135999890599],[-111.1889510003751,45.782328000313129],[-111.18957300016602,45.782642999906862],[-111.19009000037497,45.782916000078046],[-111.19035899998848,45.78305600003285],[-111.19119000001677,45.78348899995882],[-111.1914660002013,45.783631999835144],[-111.19174900005851,45.783778000070775],[-111.192318000146,45.784076000188946],[-111.19269800008759,45.784283999747892],[-111.19535699985386,45.785686999860154],[-111.19569499996267,45.78586199982049],[-111.197146999957,45.786596000270336],[-111.19999200039442,45.787985000209694],[-111.20102500008907,45.788492000277934],[-111.2010209998911,45.790571000047876],[-111.2010209998911,45.790604999946211],[-111.20102000006621,45.791379999704631],[-111.20102000006621,45.791473999740248],[-111.20102000006621,45.791628999765869],[-111.20102000006621,45.791803999862715],[-111.20101699969317,45.79322699985655],[-111.20101599986825,45.79398199976977],[-111.20101400021842,45.795547999894069],[-111.20413099974408,45.795559000023282],[-111.20413099974408,45.799513999791586],[-111.20412200042156,45.802096000282425],[-111.20100400017267,45.802099000022288],[-111.19365499961428,45.802094000038281],[-111.19144000026203,45.802094000038281],[-111.18398799977147,45.802091999794065],[-111.18606400010488,45.800737000066306],[-111.18707000003536,45.800002000300942],[-111.18715899972383,45.79993699990618],[-111.18706199963944,45.799893999863521],[-111.18697299995097,45.799831999830928],[-111.1869260000953,45.799799000088463],[-111.18645599974202,45.799450000249671],[-111.18639700019079,45.799406999831113],[-111.18590799957093,45.799052999785197],[-111.1856570003991,45.798872000078092],[-111.18553400037545,45.79877799999479],[-111.18542600042042,45.79867900008869],[-111.1853829998644,45.798625000179676],[-111.18535399955206,45.798565999917656],[-111.18533400035892,45.798507999779687],[-111.18533199981076,45.798456000079767],[-111.1853269997879,45.798325999991356],[-111.18532599996298,45.798267000039104],[-111.1853269997879,45.797640000263783],[-111.1853269997879,45.797627000140857],[-111.18531599991725,45.796957999837467],[-111.18531900029029,45.796775999996939],[-111.18405800009167,45.796775999996939],[-111.18357699986773,45.796775999996939],[-111.18305600035914,45.796768999726254],[-111.182320999692,45.79676800013484],[-111.18210399995702,45.796777999805727],[-111.18173499988607,45.796817000133338],[-111.18164399964948,45.796820999747858],[-111.18149800005962,45.796797999768387],[-111.18145200002884,45.796780999831867],[-111.18129800004307,45.796711999815415],[-111.18101600001077,45.796563000223621],[-111.18080400029866,45.796479999950357],[-111.18058599984046,45.796409999963373],[-111.18027200002111,45.796314999885119],[-111.18026699999824,45.796001999720865],[-111.18027200002111,45.795135000247782],[-111.18028899973955,45.794809000191307],[-111.18007100017965,45.794811999697146],[-111.17918900009771,45.794824000224239],[-111.17919300029567,45.794796000034253],[-111.17920599981616,45.794615999908558],[-111.17920400016632,45.794346999830616],[-111.17917900005197,45.794094000202271],[-111.17912799999834,45.793825000109983],[-111.1790900003635,45.793683999994641],[-111.178998000302,45.793421999868102],[-111.17889700001967,45.793197999835087],[-111.17876700032332,45.792961999855358],[-111.17865099997236,45.792782000069536],[-111.17854499966717,45.792638000198082],[-111.17838900003154,45.792450999805396],[-111.17826299963487,45.792313999909965],[-111.17803800040228,45.792093999761917],[-111.17780900007341,45.791899999793387],[-111.17766900033133,45.791793999925659],[-111.1771539997722,45.791421999740102],[-111.1747669999925,45.789699999892555],[-111.17141199991715,45.787289999987628],[-111.17136900025945,45.787256999708404],[-111.17109999974761,45.787048000200812],[-111.17099000014275,45.78695200005648],[-111.1709230001956,45.78689399973257],[-111.17067799997324,45.78666300011168],[-111.17046899973586,45.786415000193522],[-111.17028799998589,45.786175999710821],[-111.17026500041968,45.786139000270516],[-111.17015499991649,45.785960999944876],[-111.17002500022016,45.785707000044496],[-111.16992300011292,45.785465000276204],[-111.16985399961762,45.78525400009206],[-111.16983400042444,45.785163000241162],[-111.16978599984554,45.784950999737028],[-111.16976499992916,45.784789999843888],[-111.16975499988341,45.784520000138812],[-111.16975700043153,45.784350999862198],[-111.16944199988897,45.78441600027017],[-111.16949600031563,45.78371099989424],[-111.16950499963815,45.782999999717227],[-111.16951600040713,45.782002999751889],[-111.16951700023203,45.78190699969015],[-111.16951800005694,45.781872000266041],[-111.16942599999543,45.781821999797671],[-111.16944899956165,45.781784999973489],[-111.16949600031563,45.78173500005358],[-111.16951999970678,45.781712999974395],[-111.16951899988186,45.781566000105158],[-111.16951700023203,45.781061999937997],[-111.16951700023203,45.780809000147762],[-111.16951700023203,45.780387000072757],[-111.16951700023203,45.78016900024069],[-111.16951700023203,45.780131999946093],[-111.16951800005694,45.779951000182784],[-111.16951899988186,45.779732999899039],[-111.16951899988186,45.779622999851881],[-111.16951999970678,45.7795140001151],[-111.16952100043,45.779296000002276],[-111.16952200025491,45.779078000290106],[-111.16952300007982,45.778859999725654],[-111.16952499972963,45.77864200018837],[-111.16952599955455,45.778422999878437],[-111.1695270002778,45.778178000042814],[-111.16952800010269,45.777931999828041],[-111.16952999975251,45.777686999714653],[-111.16952999975251,45.777440999839826],[-111.16952999975251,45.777195000132807],[-111.16953099957743,45.77694899996704],[-111.16953099957743,45.776702000017849],[-111.16953099957743,45.776470000187743],[-111.16953099957743,45.776223999956343],[-111.16953099957743,45.775976999928488],[-111.16953099957743,45.775731000028372],[-111.16953099957743,45.775485000296179],[-111.16952999975251,45.775184000061984],[-111.16952999975251,45.774644000286806],[-111.1695430001713,45.773403999903444],[-111.16954800019418,45.77301400011676],[-111.1695490000191,45.772881000149056],[-111.16955499986688,45.772797000302852],[-111.16951399985901,45.772797000302852],[-111.16477100026172,45.772817000098698],[-111.1643119997791,45.772819000140544],[-111.16431299960402,45.772735000200925],[-111.16436100018289,45.769870000253462],[-111.16436200000781,45.769805999880973],[-111.16436299983273,45.769713999804267],[-111.16436299983273,45.76963900027647],[-111.16412400035642,45.769515999955367],[-111.16380899981387,45.769353999897994],[-111.16416799983907,45.768967000258435],[-111.16438499957403,45.769087999734808],[-111.16450199974992,45.769174999786422],[-111.16450599994785,45.768988000264066],[-111.16452199984138,45.768264000252323],[-111.16438700012218,45.768193999920868],[-111.1643879999471,45.768085999881706],[-111.16440800003856,45.767402999908882],[-111.16444200037375,45.76562600001531],[-111.16446199956692,45.764633000269832],[-111.16446699958979,45.764459999820112],[-111.16444999987135,45.763373999931574],[-111.16445700044237,45.762729000082288],[-111.16448900022941,45.761443999818482],[-111.16450599994785,45.761112000011877],[-111.16433299969549,45.761050999687207],[-111.16280100023354,45.760516000280262],[-111.16266999981397,45.760469999807079],[-111.16246099957661,45.760397000245383],[-111.1587080000163,45.759079000134932],[-111.15788700003374,45.758789999866714],[-111.15590199993694,45.758092000260682],[-111.14986800000383,45.755972000206278],[-111.1485130000939,45.755502999705683],[-111.14717999992527,45.755028999832142],[-111.14454500044845,45.754103000240477],[-111.14443499994526,45.75406499984507],[-111.14387699972842,45.753865000141687],[-111.1430440000503,45.753565999922237],[-111.13730499966998,45.751554999728711],[-111.13461499994158,45.750603999717612],[-111.1337360002327,45.750293999922285],[-111.12826299999116,45.748367999914556],[-111.12641699981154,45.747717999764767],[-111.12493899987795,45.7471980000877],[-111.12375499967223,45.746763000126705],[-111.12304599984266,45.746488999889777],[-111.12209000014089,45.746105999729885],[-111.12072099998723,45.745511000087994],[-111.1193950003896,45.74488800019347],[-111.11810300022884,45.744227000044347],[-111.11426600010465,45.742246000168016],[-111.11384599998007,45.742027999838413],[-111.10855600003664,45.739282999859611],[-111.1028150000065,45.736305000211487],[-111.10152600021878,45.735644000016286],[-111.10026199964712,45.734983000147899],[-111.09649099964517,45.73302299996152],[-111.09388999960522,45.731679999711439],[-111.09262599993187,45.731026999842967],[-111.0904040000086,45.729872000235069],[-111.08996999964033,45.730285999980744],[-111.08993700002839,45.730316999798823],[-111.08982200040064,45.730425999730535],[-111.08972699996609,45.730516999850011],[-111.08735000023215,45.729283999993243],[-111.08556599997679,45.72835799971481],[-111.08479699987276,45.72796099970531],[-111.08269700014824,45.726876000236572],[-111.08248000041326,45.726764000244494],[-111.08245899959854,45.726752999712417],[-111.0822080004267,45.726622999873506],[-111.079990999628,45.725469999985826],[-111.07888400031349,45.724901999850509],[-111.07564999971363,45.72321900021057],[-111.07362000030932,45.722175000032529],[-111.07336800041425,45.722175000032529],[-111.07297900025181,45.722134000200484],[-111.07279500012879,45.722115999775234],[-111.07216099974399,45.722113999797337],[-111.07192300009261,45.722113000121915],[-111.06807000007488,45.722101999928277],[-111.06792399958668,45.722099000274198],[-111.06777799999682,45.722080999837672],[-111.06765099977522,45.722053000122649],[-111.06720200023665,45.721989999771914],[-111.06712699989357,45.721979000181221],[-111.06695000034158,45.721967000283165],[-111.0667129996168,45.721973999910418],[-111.06672699986051,45.722565999886491],[-111.0665860002935,45.724524999910685],[-111.06661700025563,45.725593999812673],[-111.06661800008055,45.725658999713048],[-111.06661999973036,45.725711999817101],[-111.06662099955528,45.725738999969032],[-111.06662300010343,45.72579500008009],[-111.06663200032426,45.72613400025913],[-111.0666640001113,45.727248000188958],[-111.0666640001113,45.727286000027803],[-111.06669599989836,45.728008999775859],[-111.06669800044649,45.730034000173823],[-111.06670900031715,45.730648999704712],[-111.06670900031715,45.731194000267045],[-111.06670900031715,45.731872000130267],[-111.06670599994411,45.732092999726696],[-111.06670500011919,45.732141000008582],[-111.06669400024853,45.732962999766457],[-111.06667099978401,45.733786000059858],[-111.06664999986761,45.734281999742215],[-111.06661700025563,45.735235000197193],[-111.066598999814,45.735779999897979],[-111.06658299992046,45.736247999929041],[-111.06657600024778,45.736432999995728],[-111.06651299960025,45.738107000121701],[-111.06649599988184,45.738733999844776],[-111.06644300017838,45.7401069997821],[-111.06644800020125,45.740207000235635],[-111.06644700037633,45.740385999873055],[-111.06600899981011,45.740386999848425],[-111.0653190002471,45.740379000045131],[-111.06457000023457,45.740379000045131],[-111.06296900027732,45.740379000045131],[-111.06266200013067,45.740379000045131],[-111.06246499958887,45.740370000265052],[-111.06229600043277,45.740353000049595],[-111.06209399986811,45.740319000230073],[-111.0618119998358,45.740249999924245],[-111.061665000421,45.740220999933783],[-111.06149999966624,45.740202999694311],[-111.06137099979482,45.740197999800927],[-111.06121099996126,45.740201999715694],[-111.06104299973175,45.740216000041997],[-111.06086399963162,45.740238000189422],[-111.06072800008748,45.740264000238511],[-111.06052200022316,45.740313999720158],[-111.06013800008363,45.740431999974398],[-111.0588149999607,45.740897999954683],[-111.05794899977232,45.741249000148599],[-111.05662900002247,45.741896999869347],[-111.05443600041153,45.742975000177552],[-111.05363899982009,45.743406999801152],[-111.05099699977225,45.745214000027396],[-111.05064299976993,45.745453999799992],[-111.04655600029881,45.747760999937107],[-111.04575600023263,45.748193000136645],[-111.04497600025795,45.74861199985687],[-111.04471599996695,45.748719000157962],[-111.04450400025486,45.748795999878666],[-111.0443450002462,45.7488440002207],[-111.04414400040474,45.748892999717548],[-111.04347599968473,45.748994999747552],[-111.0429440003055,45.749055000268115],[-111.04260700002159,45.749109999748349],[-111.04237100002005,45.749167999882367],[-111.042191000095,45.749228000216959],[-111.04207800011709,45.749277999819689],[-111.04194400022278,45.74934899988066],[-111.04144000043263,45.749635000094443],[-111.04159000022045,45.749780999699958],[-111.04166499966522,45.749834000106297],[-111.04173900018337,45.749876999902263],[-111.0418320000698,45.749918999860441],[-111.0419240001313,45.749947000024001],[-111.04202399969043,45.7499660000598],[-111.04212800034581,45.749976999780642],[-111.04223100027797,45.749981000248454],[-111.04233400021012,45.749978000211073],[-111.04243700014227,45.749968000294132],[-111.0425369997014,45.749952000297959],[-111.04273099987017,45.749904000281965],[-111.04292099984096,45.749847999897732],[-111.04311699965953,45.749802999839247],[-111.04361499960191,45.749710000188507],[-111.04381799999149,45.749668000073022],[-111.04391800044893,45.74965599985515],[-111.04401700018315,45.749655000045792],[-111.04411900029038,45.749665000018808],[-111.04422399987237,45.749684999959435],[-111.04432500015469,45.749713000240341],[-111.04441600039131,45.749750000030325],[-111.04449000001115,45.749792999891],[-111.04454400043781,45.749850999942097],[-111.04458100024773,45.749920000291894],[-111.04460499963886,45.749995000003018],[-111.04461899988259,45.750068999811418],[-111.04461700023275,45.750138999692375],[-111.04454400043781,45.75031400026436],[-111.04434100004823,45.750419000218805],[-111.0439090002281,45.750599000128915],[-111.0433390003157,45.750812999802939],[-111.04278299974868,45.751015999769415],[-111.04254799957207,45.751096000059775],[-111.04239100011155,45.751142000112083],[-111.0422339997527,45.751154999792966],[-111.04204799997987,45.751142000112083],[-111.04147499969442,45.751020000162747],[-111.04133099975438,45.751008000235501],[-111.04120400043108,45.751008000235501],[-111.04108999972995,45.751024999713785],[-111.04098699979778,45.751053999733564],[-111.0408250003144,45.751125999825668],[-111.04068899987193,45.751237000072948],[-111.04057199969608,45.751345000135558],[-111.04049300005337,45.751472000139145],[-111.0404749996117,45.751576000020655],[-111.04046100026633,45.751659000082348],[-111.04045200004549,45.751824000064971],[-111.0404460001977,45.752481999987793],[-111.04046200009124,45.753616999764795],[-111.0404660002892,45.753922999722029],[-111.04045899971818,45.754029999870376],[-111.04045100022059,45.754792000265908],[-111.04044700002262,45.755618999788801],[-111.04044100017484,45.756132000253125],[-111.04045000039567,45.75629700017349],[-111.0404460001977,45.756683999964338],[-111.04043500032704,45.757854000252166],[-111.04043000030418,45.758068000311106],[-111.0404329997789,45.75853100015452],[-111.0404450003728,45.759934999842805],[-111.04046799993901,45.761274000190738],[-111.04048200018271,45.762125999841949],[-111.03696800009871,45.762007999695513],[-111.02573000043587,45.761662000153592],[-111.02570899962116,45.761926000200916],[-111.02569299972765,45.762378999792674],[-111.02567000016144,45.763365000098659],[-111.0255970003665,45.764941000304106],[-111.02560300021429,45.765026999769908],[-111.02561400008491,45.765069999766411],[-111.02564300039725,45.765116999739263],[-111.02569399955257,45.765167000146889],[-111.02576399987275,45.765198000026203],[-111.0258579995841,45.765219000197433],[-111.0260049998972,45.765230000045257],[-111.02823000019349,45.765251000204479],[-111.02907399974228,45.765263999732092],[-111.03046100033758,45.765274000041501],[-111.03058799966087,45.765284999878475],[-111.03064200008755,45.765295000184118],[-111.03068999976811,45.765310000012605],[-111.03073900017192,45.765337999974051],[-111.03077299960881,45.765365999921485],[-111.03080299974604,45.765405000294791],[-111.03084299992899,45.765475999892153],[-111.03085100032492,45.765594999747215],[-111.03083299988326,45.76623699988383],[-111.03082600021057,45.766562999726993],[-111.03083700008122,45.767034000258853],[-111.0308410002792,45.767682000178738],[-111.03083700008122,45.768312000142352],[-111.03084600030205,45.769002999726155],[-111.03085299997474,45.769570999949082],[-111.03085600034778,45.770550999972819],[-111.03085899982254,45.771515000242594],[-111.03087399989113,45.772596000045375],[-111.03076599993611,45.777635999944415],[-111.03076299956305,45.777913999846142],[-111.03076199973815,45.777999000057783],[-111.03073900017192,45.778608999801953],[-111.03073300032415,45.779123999829018],[-111.03072800030127,45.779588000247031],[-111.03071499988248,45.780790999841606],[-111.03069800016404,45.781496000180361],[-111.03069399996609,45.782036999864616],[-111.03067300004969,45.782601999992849],[-111.03064100026263,45.78413299986817],[-111.03064000043774,45.785022000137481],[-111.03062299982096,45.785347999809609],[-111.03061199995031,45.78574399977154],[-111.03059900042985,45.786757999729957],[-111.03058099998817,45.787109000284957],[-111.03058799966087,45.787467000069825],[-111.03059000020902,45.787508000164401],[-111.0306179997981,45.787570000127943],[-111.03064000043774,45.787581999708799],[-111.0306959996159,45.787591999775131],[-111.03468300042627,45.787580999952603],[-111.04520100038884,45.787498000082991],[-111.04519899984072,45.789269999780515],[-111.04519700019088,45.790490000280293],[-111.04519200016803,45.794918000088124],[-111.04518299994717,45.802209000183225],[-111.05315000009857,45.802152000200955],[-111.05565499987902,45.80214499997939],[-111.05818700032201,45.802142999736958],[-111.06600999963501,45.802085999687201],[-111.06786300038564,45.802075000220206],[-111.0685089995677,45.802038000061508],[-111.06886900031613,45.801989999768175],[-111.06925799958024,45.801913999688864],[-111.06979499988068,45.801819999727563],[-111.07016700032466,45.80178400015339],[-111.07039999995318,45.80177400012839],[-111.07061599986322,45.801788000037646],[-111.07080900020709,45.801814999718516],[-111.07100400020076,45.801853000151745],[-111.07120099984425,45.801900999936834],[-111.07140000003588,45.801944000309362],[-111.07163100001456,45.801978000158059],[-111.07184399955156,45.801995999885385],[-111.07214099965249,45.802014000233143],[-111.07230100038439,45.802011999986007],[-111.07461100017117,45.801989999768175],[-111.07531699962772,45.801989000270432],[-111.07601700013475,45.801979000282223],[-111.07636699993913,45.801978000158059],[-111.07670699969776,45.801982000028389],[-111.07684399996511,45.801987000022443],[-111.07705300020245,45.802008000117837],[-111.07716399963225,45.802023000091708],[-111.07734500028052,45.802060000260376],[-111.07741899990037,45.802084000068923],[-111.07752199983253,45.802148999837726],[-111.0776669995975,45.802041999927482],[-111.07797999959193,45.801863000162562],[-111.07814000032383,45.80191499981418],[-111.07817999960849,45.801934000313082],[-111.07833799979223,45.801969000292225],[-111.07867300042628,45.801987000022443],[-111.08384299982082,45.801959999798711],[-111.08527899992161,45.801944000309362],[-111.0855099999003,45.801944999807873],[-111.08559199991606,45.801942000059761],[-111.085812999849,45.801944000309362],[-111.08690099979526,45.801940999934935],[-111.09144299955106,45.80190999981366],[-111.09159499988704,45.801918000190049],[-111.0916910001465,45.801933000188107],[-111.09176599959126,45.801958000175901],[-111.09183500008653,45.801989000270432],[-111.09188500031524,45.802025999835458],[-111.09192700014805,45.802067999988971],[-111.09196999980576,45.802168000256785],[-111.0920860001567,45.805562999956663],[-111.09241199967161,45.805561999896845],[-111.0928040002071,45.805566000136075],[-111.09764300006384,45.805548000309727],[-111.10032100009668,45.805527000296301],[-111.10200599971951,45.805526000235787],[-111.10279200044029,45.805496999726557],[-111.10306299970361,45.805482000061843],[-111.10358800030848,45.805464000208396],[-111.10431100038176,45.805454000217708],[-111.10517099982407,45.805454000217708],[-111.10603000033976,45.80545999996184],[-111.10692300029234,45.805457999838474],[-111.10781600024495,45.805465999705369],[-111.11129099997089,45.805473000135869],[-111.11204599983121,45.805471000012922],[-111.11250100011587,45.805454000217708],[-111.11300099970808,45.805408999924325],[-111.11321099977036,45.805391000047294],[-111.11374800007079,45.805355999713051],[-111.11444100000685,45.805328999869602],[-111.12066900010869,45.805270999883334],[-111.12082599956923,45.805268999753181],[-111.12464199977703,45.805227000134209],[-111.12532100036768,45.805220000299023],[-111.12643299970506,45.805204999933494],[-111.12716900019713,45.805200000228247],[-111.12853499997773,45.805207000065991],[-111.12880500031447,45.805208000132183],[-111.12910200041539,45.805204999933494],[-111.13186499993871,45.805181000217019],[-111.13373100020983,45.805163999707077],[-111.13442400014587,45.805157999931062],[-111.1436130001378,45.805170000108667],[-111.14529799976063,45.805117999737817],[-111.1453310002709,45.805114000092637],[-111.14643199973763,45.804983999883206],[-111.14707500034326,45.804963000283358],[-111.14785600014285,45.804966999939374],[-111.15357700008151,45.804998000238285],[-111.15378799996873,45.804999000308236],[-111.15450299964607,45.806131999779147],[-111.15443300022419,45.810459000027478],[-111.15424300025339,45.810516000276479],[-111.15432100007119,45.81059299986115],[-111.15436000042926,45.810763000055353],[-111.15441499978252,45.811393999741625],[-111.15436799992685,45.811541999793064],[-111.15445400014057,45.81164100000985],[-111.1544619996382,45.811674000251728],[-111.15436799992685,45.811837999968311],[-111.15436000042926,45.811893000166037],[-111.15437499959954,45.812085000145849],[-111.1543439996374,45.812359000060013],[-111.15439800006409,45.812551000311728],[-111.15441399995761,45.812688999849016],[-111.15441399995761,45.812781999698238],[-111.15437499959954,45.812962999922249],[-111.15438200017056,45.813045000134544],[-111.15442200035353,45.813105999939303],[-111.15444499991976,45.813181999777015],[-111.15432000024627,45.813269999822062],[-111.15430400035275,45.813291999968079],[-111.15432000024627,45.813331000006471],[-111.15446099981328,45.813417999897247],[-111.15455500042293,45.81350600019551],[-111.1546099997762,45.813533999748969],[-111.15472000027937,45.813567000121424],[-111.15478999970126,45.81361000025484],[-111.15480599959476,45.813642999956166],[-111.15483699955692,45.813944999691586],[-111.15486800041735,45.814028000244178],[-111.15491500027304,45.814077000089938],[-111.1549699996263,45.814110000140637],[-111.1550330002738,45.814125999892546],[-111.15518999973432,45.814110000140637],[-111.15524499998591,45.81408799969158],[-111.15528400034398,45.81406099969783],[-111.15531600013104,45.814017000004576],[-111.15533100019962,45.813967000197145],[-111.15533100019962,45.813912000169253],[-111.15530799973511,45.813851999906106],[-111.15527699977297,45.813796999764655],[-111.15519800013026,45.813725999706641],[-111.15516700016811,45.813676000264032],[-111.15515899977218,45.813615999746624],[-111.15516700016811,45.813560999998231],[-111.15518999973432,45.813523000037861],[-111.15523699958999,45.813490000265467],[-111.15537899988021,45.813478999919546],[-111.15557499969879,45.813593999728546],[-111.15573200005763,45.813721000140063],[-111.15580999987544,45.813796999764655],[-111.15585699973111,45.813879999911741],[-111.15588900041647,45.813962000026059],[-111.15593500044722,45.81426399990999],[-111.15596700023428,45.814346000085031],[-111.1561239996948,45.814566000034532],[-111.15609199990773,45.81489500000216],[-111.1562169995812,45.815228999962223],[-111.15618599961907,45.815289999879163],[-111.1561310002658,45.815322999837178],[-111.15606000012069,45.815344999798342],[-111.15580900005052,45.815349999845189],[-111.15533799987233,45.815344999798342],[-111.15510299969569,45.81536099982155],[-111.15488299958766,45.815438000221086],[-111.15485199962552,45.815503000060772],[-111.15486699969414,45.815557999769581],[-111.15496899980138,45.815668000276411],[-111.15524400016101,45.81583300000311],[-111.15543999997956,45.815921000241808],[-111.15559700033842,45.815970000300233],[-111.15573799990541,45.815981000154075],[-111.15580099965462,45.815976000163886],[-111.15584800040858,45.815958999818115],[-111.15594200011991,45.815871000265574],[-111.15608400041015,45.815762000036443],[-111.15616999972555,45.815740000240019],[-111.15624099987066,45.815733999724884],[-111.15631899968848,45.815740000240019],[-111.15642099979571,45.815767000045902],[-111.1565389997965,45.815838999881521],[-111.15660099972077,45.815898999882144],[-111.15660900011667,45.815981000154075],[-111.15660099972077,45.816046999857697],[-111.15658599965215,45.816097000302058],[-111.1565460003675,45.816151000180547],[-111.15639700040457,45.816271999938465],[-111.15586299957889,45.816655999721206],[-111.15583199961675,45.816689000121883],[-111.15581599972322,45.81672699980021],[-111.15581900009627,45.816774999916959],[-111.16050700034026,45.816755000238572],[-111.16477899975933,45.816735999786133],[-111.17006899970276,45.816721999876954],[-111.17203299988317,45.816729000145031],[-111.17231499991549,45.81673000000437],[-111.17485300020624,45.816724000221953],[-111.17650799969184,45.816706000244793],[-111.17982000010947,45.816680000128365],[-111.18034399999111,45.816664999718597],[-111.19027399959965,45.816658000068571],[-111.19072300003656,45.816601999706322],[-111.19098099977941,45.815932000105377],[-111.19134999985035,45.815761000159732],[-111.1919509997249,45.81575600014974],[-111.19222199988653,45.815763999789823],[-111.19428700034928,45.815822999995646],[-111.19733600010288,45.816653999999858],[-111.20098099970815,45.816636999861075],[-111.2061090001682,45.816648000209263],[-111.20713500019015,45.816639000209129],[-111.21001599971427,45.816637999722062],[-111.21068000023632,45.816626999998],[-111.21122800040739,45.816630000207539],[-111.21271499966352,45.816617999994463],[-111.2135170002778,45.816617000133071],[-111.21737799979316,45.816594000186626],[-111.2189660002299,45.816590999975155],[-111.22035799994978,45.816589000251426],[-111.22070600010433,45.816586000039685],[-111.22281400022476,45.816567000155672],[-111.22371600039818,45.816566000293413],[-111.22508100035387,45.816563999942744],[-111.22575800039641,45.816559000004851],[-111.22693099983314,45.816566000293413],[-111.22744200019429,45.816569999742342],[-111.23130000023491,45.816563999942744],[-111.2318910000637,45.816557000280028],[-111.23248899956519,45.816558000142443],[-111.23313600036877,45.816564999805038],[-111.23361099984663,45.816560999729596],[-111.23503899955149,45.816549999990329],[-111.23558199969972,45.816549999990329],[-111.23613800026673,45.816540999974357],[-111.2366789998668,45.816540000111623],[-111.23711800025795,45.816534000308742],[-111.23728800013726,45.816534000308742],[-111.2373900002445,45.816535000171569],[-111.23744999962064,45.816528999742104],[-111.23765499966007,45.816527000016158],[-111.23983800012357,45.816508000112016],[-111.24020600036961,45.816508999975319],[-111.24265300042376,45.816499000089252],[-111.24361300032349,45.816485000120537],[-111.24434700026744,45.81648100003936],[-111.24579800043684,45.816467999930168],[-111.24631399992256,45.816458000036739],[-111.24939700001134,45.816433000295284],[-111.25143099961363,45.816425000125207],[-111.25333399969468,45.816407999916521],[-111.2540810000574,45.816402999964666],[-111.25525199984432,45.816394999790283],[-111.25548799984587,45.816384000018168],[-111.25556499983875,45.816362999707337],[-111.25555899999098,45.816326000273357],[-111.25604199986473,45.816248999849464],[-111.25695800028186,45.816248999849464],[-111.25742799973681,45.81629699975219]]]},"properties":{"MTFCC":"G5020","OID":"207703716733755","GEOID":"30031000101","STATE":"30","COUNTY":"031","TRACT":"000101","BASENAME":"1.01","NAME":"Census Tract 1.01","LSADC":"CT","FUNCSTAT":"S","AREALAND":"84492503","AREAWATER":"385217","UR":"M","CENTLAT":"+45.7781309","CENTLON":"-111.1174804","INTPTLAT":"+45.7791146","INTPTLON":"-111.1210088","HU100":2583,"POP100":6362,"OBJECTID":58562}}]}