{
  "type": "FeatureCollection",
  "name": "Manhattan Future Land Use Map (FLUM)",
  "metadata": {
    "source": "Manhattan Growth Policy (May 2024)",
    "created": "2026-02-25",
    "description": "Simplified Future Land Use Map for the Manhattan Planning Jurisdictional Area. Based on goals and policies in the Manhattan Growth Policy adopted May 2024.",
    "note": "This is a planning-level generalization. For detailed zoning within town limits, refer to the Manhattan Town Zoning Districts layer.",
    "categories": [
      "Town Zoned Area",
      "Future Residential",
      "Conservation/Open Space",
      "Floodplain",
      "Agriculture"
    ]
  },
  "features": [
    {
      "type": "Feature",
      "properties": {
        "category": "Town Zoned Area",
        "description": "Incorporated area of Manhattan with established zoning districts. See Town Zoning Districts layer for detailed zone boundaries (CBD, LI, NHB, POS, LDR, MDR, RT).",
        "density": "Varies by zone (3-7 units/acre)",
        "primary_uses": "Residential, commercial, industrial, parks per town zoning ordinance",
        "approx_acres": 1105.1
      },
      "geometry": {
        "type": "MultiPolygon",
        "coordinates": [
          [
            [
              [
                -111.33561466099997,
                45.85247172700008
              ],
              [
                -111.336444498,
                45.85298331200005
              ],
              [
                -111.33617231099998,
                45.85319991800003
              ],
              [
                -111.32822571999998,
                45.853155625000056
              ],
              [
                -111.32697412399995,
                45.853160383000045
              ],
              [
                -111.31636232199997,
                45.84748677700003
              ],
              [
                -111.31660621699996,
                45.847290471000065
              ],
              [
                -111.31992556499995,
                45.84744513600003
              ],
              [
                -111.32663564499995,
                45.848492099000055
              ],
              [
                -111.33485965699998,
                45.849500772000056
              ],
              [
                -111.336125531,
                45.849986183000055
              ],
              [
                -111.33671563699994,
                45.85038117300007
              ],
              [
                -111.33587330799998,
                45.851056940000035
              ],
              [
                -111.33624926299996,
                45.851523314000076
              ],
              [
                -111.33561466099997,
                45.85247172700008
              ]
            ],
            [
              [
                -111.334007811,
                45.85093796700005
              ],
              [
                -111.33308933799998,
                45.85082375300004
              ],
              [
                -111.33242456164095,
                45.85081470826857
              ],
              [
                -111.33314840299994,
                45.850831208000045
              ],
              [
                -111.334007811,
                45.85093796700005
              ]
            ],
            [
              [
                -111.33339581299998,
                45.85200773300005
              ],
              [
                -111.33361046303092,
                45.85212677046129
              ],
              [
                -111.33304781699997,
                45.85173707000007
              ],
              [
                -111.33339581299998,
                45.85200773300005
              ]
            ],
            [
              [
                -111.32930599599996,
                45.85163277000004
              ],
              [
                -111.32939165599998,
                45.85147572600005
              ],
              [
                -111.32927418163263,
                45.85165015686568
              ],
              [
                -111.32930599599996,
                45.85163277000004
              ]
            ],
            [
              [
                -111.32941119799995,
                45.851221672000065
              ],
              [
                -111.32940593299998,
                45.85072381600003
              ],
              [
                -111.32939165599998,
                45.85147572600005
              ],
              [
                -111.32941119799995,
                45.851221672000065
              ]
            ],
            [
              [
                -111.33248864299998,
                45.85125225400003
              ],
              [
                -111.33198050899995,
                45.85029551300005
              ],
              [
                -111.33219466099996,
                45.850742851000064
              ],
              [
                -111.33248864299998,
                45.85125225400003
              ]
            ]
          ],
          [
            [
              [
                -111.33697797299999,
                45.854265643000076
              ],
              [
                -111.33817008299997,
                45.854843852000045
              ],
              [
                -111.33840564899998,
                45.85491523600007
              ],
              [
                -111.33856269299997,
                45.85476533000008
              ],
              [
                -111.34226751399996,
                45.85617159100008
              ],
              [
                -111.34225323799996,
                45.85595030200005
              ],
              [
                -111.34238291799994,
                45.85599789100007
              ],
              [
                -111.34238291799994,
                45.85341022700004
              ],
              [
                -111.34482424599997,
                45.853382863000036
              ],
              [
                -111.349374964,
                45.85771943100008
              ],
              [
                -111.35283113199995,
                45.86001561000006
              ],
              [
                -111.35450270299998,
                45.86066996300008
              ],
              [
                -111.35451460099995,
                45.86083057600007
              ],
              [
                -111.34687058199995,
                45.860794885000075
              ],
              [
                -111.34686463299994,
                45.86067591200003
              ],
              [
                -111.34086125299996,
                45.86055545100004
              ],
              [
                -111.33520408399994,
                45.85751568900008
              ],
              [
                -111.33615586899998,
                45.85667098000005
              ],
              [
                -111.33517587199998,
                45.85753555400004
              ],
              [
                -111.32697412399995,
                45.853160383000045
              ],
              [
                -111.33554315699996,
                45.85320202400004
              ],
              [
                -111.336009532,
                45.853426883000054
              ],
              [
                -111.33566153599998,
                45.85322760300005
              ],
              [
                -111.33695085099998,
                45.85322665700005
              ],
              [
                -111.33697797299999,
                45.854265643000076
              ]
            ]
          ],
          [
            [
              [
                -111.33614252799998,
                45.85822039300007
              ],
              [
                -111.34055642799996,
                45.86059985400004
              ],
              [
                -111.33956895199998,
                45.860587956000074
              ],
              [
                -111.32666037599995,
                45.85366372500005
              ],
              [
                -111.32666037599995,
                45.85317593500008
              ],
              [
                -111.33614252799998,
                45.85822039300007
              ]
            ]
          ],
          [
            [
              [
                -111.33668950599997,
                45.859725996000066
              ],
              [
                -111.338295642,
                45.86058260200008
              ],
              [
                -111.33397211799996,
                45.86051728000007
              ],
              [
                -111.33545813599994,
                45.859226310000054
              ],
              [
                -111.33655863599995,
                45.85982712300006
              ],
              [
                -111.33668950599997,
                45.859725996000066
              ]
            ]
          ],
          [
            [
              [
                -111.34637862799997,
                45.86729755400006
              ],
              [
                -111.34718764499996,
                45.86772585700004
              ],
              [
                -111.34802045599997,
                45.86779724200005
              ],
              [
                -111.34838927199996,
                45.873186720000035
              ],
              [
                -111.33775308199995,
                45.87312723400004
              ],
              [
                -111.33777687699995,
                45.87749354500005
              ],
              [
                -111.33268483099994,
                45.877338880000025
              ],
              [
                -111.33270862499995,
                45.874840446000064
              ],
              [
                -111.32213191999995,
                45.87480475400008
              ],
              [
                -111.32169172,
                45.86766637100004
              ],
              [
                -111.32432102499996,
                45.86772585700004
              ],
              [
                -111.32421394899995,
                45.86588177600004
              ],
              [
                -111.32671238299997,
                45.86591746700003
              ],
              [
                -111.32690273999998,
                45.86940337800007
              ],
              [
                -111.32994844999996,
                45.86941527500005
              ],
              [
                -111.33015070399995,
                45.87252047100003
              ],
              [
                -111.33254206199996,
                45.87255616400006
              ],
              [
                -111.33230411599999,
                45.86942717200003
              ],
              [
                -111.33287518699996,
                45.86941527500005
              ],
              [
                -111.33281570099996,
                45.86863005300006
              ],
              [
                -111.33228032199997,
                45.868618156000025
              ],
              [
                -111.33197173489017,
                45.86414364290795
              ],
              [
                -111.32798539899994,
                45.86412197200008
              ],
              [
                -111.32789021999997,
                45.86283706200004
              ],
              [
                -111.32646254399998,
                45.862813268000025
              ],
              [
                -111.32630073599995,
                45.86043162000004
              ],
              [
                -111.321275314,
                45.860317406000036
              ],
              [
                -111.32125627899995,
                45.85668158900006
              ],
              [
                -111.31866742499994,
                45.85666255400008
              ],
              [
                -111.31864838899997,
                45.85391189600006
              ],
              [
                -111.32124676099994,
                45.85394045000004
              ],
              [
                -111.32124676099994,
                45.85484464500007
              ],
              [
                -111.326409002,
                45.85495608300005
              ],
              [
                -111.32642213299994,
                45.85440790100006
              ],
              [
                -111.33545813599994,
                45.859226310000054
              ],
              [
                -111.33397211799996,
                45.86051728000007
              ],
              [
                -111.33200192499999,
                45.86052679900007
              ],
              [
                -111.33366030599996,
                45.860518787000046
              ],
              [
                -111.333918622454,
                45.86415422676796
              ],
              [
                -111.337396163,
                45.864192358000025
              ],
              [
                -111.33726529299997,
                45.862300686000026
              ],
              [
                -111.33793564119951,
                45.86265613449027
              ],
              [
                -111.33944845199994,
                45.86120078600004
              ],
              [
                -111.34788066699997,
                45.86567417400005
              ],
              [
                -111.34789553799999,
                45.865912120000075
              ],
              [
                -111.34637862799997,
                45.86729755400006
              ]
            ],
            [
              [
                -111.34010812122169,
                45.862546525432606
              ],
              [
                -111.34010810899997,
                45.862546519000034
              ],
              [
                -111.33927594099998,
                45.86212580200004
              ],
              [
                -111.34010812122169,
                45.862546525432606
              ]
            ],
            [
              [
                -111.32648157499995,
                45.85488271600008
              ],
              [
                -111.32981281999997,
                45.85667207100005
              ],
              [
                -111.33071401306954,
                45.85714962630878
              ],
              [
                -111.32648157499995,
                45.85488271600008
              ]
            ]
          ],
          [
            [
              [
                -111.32674272099996,
                45.848075694000045
              ],
              [
                -111.31833132599996,
                45.846695606000026
              ],
              [
                -111.31783163899996,
                45.84522628900004
              ],
              [
                -111.32674272099996,
                45.84537500500005
              ],
              [
                -111.32674272099996,
                45.848075694000045
              ]
            ]
          ]
        ]
      }
    },
    {
      "type": "Feature",
      "properties": {
        "category": "Future Residential",
        "description": "Areas within approximately 0.5 miles of town limits suitable for future residential development at urban densities. Per Growth Policy, new residential development should be concentrated adjacent to town limits.",
        "density": "3-6 units/acre",
        "primary_uses": "Single-family residential, two-family residential, neighborhood services",
        "approx_acres": 2561.2
      },
      "geometry": {
        "type": "MultiPolygon",
        "coordinates": [
          [
            [
              [
                -111.36085012231597,
                45.85638340062968
              ],
              [
                -111.36138472541134,
                45.85798169786476
              ],
              [
                -111.36159347931283,
                45.85965405438472
              ],
              [
                -111.36128128348244,
                45.86215747209682
              ],
              [
                -111.36066819889314,
                45.86372733890887
              ],
              [
                -111.35920118852619,
                45.86577976358739
              ],
              [
                -111.357914320416,
                45.86686803055291
              ],
              [
                -111.35635352711671,
                45.86771228161482
              ],
              [
                -111.35646198071804,
                45.87016841398946
              ],
              [
                -111.3517582264378,
                45.86769586861215
              ],
              [
                -111.34718764499996,
                45.86772585700004
              ],
              [
                -111.34637862799997,
                45.86729755400006
              ],
              [
                -111.34789553799999,
                45.865912120000075
              ],
              [
                -111.34788066699997,
                45.86567417400005
              ],
              [
                -111.33944845199994,
                45.86120078600004
              ],
              [
                -111.33793564119951,
                45.86265613449027
              ],
              [
                -111.33726529299997,
                45.862300686000026
              ],
              [
                -111.337396163,
                45.864192358000025
              ],
              [
                -111.333918622454,
                45.86415422676796
              ],
              [
                -111.33723600464435,
                45.864154953297714
              ],
              [
                -111.33707504330394,
                45.861328081356056
              ],
              [
                -111.33430664620857,
                45.86052233422242
              ],
              [
                -111.338295642,
                45.86058260200008
              ],
              [
                -111.33668950599997,
                45.859725996000066
              ],
              [
                -111.33655863599995,
                45.85982712300006
              ],
              [
                -111.33545813599994,
                45.859226310000054
              ],
              [
                -111.32969545566952,
                45.85615338596847
              ],
              [
                -111.32962663887389,
                45.856079361053425
              ],
              [
                -111.32642213299994,
                45.85440790100006
              ],
              [
                -111.326409002,
                45.85495608300005
              ],
              [
                -111.32124676099994,
                45.85484464500007
              ],
              [
                -111.32124676099994,
                45.85394045000004
              ],
              [
                -111.31864838899997,
                45.85391189600006
              ],
              [
                -111.31866742499994,
                45.85666255400008
              ],
              [
                -111.32125627899995,
                45.85668158900006
              ],
              [
                -111.321275314,
                45.860317406000036
              ],
              [
                -111.32630073599995,
                45.86043162000004
              ],
              [
                -111.32646254399998,
                45.862813268000025
              ],
              [
                -111.32789021999997,
                45.86283706200004
              ],
              [
                -111.32798539899994,
                45.86412197200008
              ],
              [
                -111.33197173489017,
                45.86414364290795
              ],
              [
                -111.33228032199997,
                45.868618156000025
              ],
              [
                -111.33281570099996,
                45.86863005300006
              ],
              [
                -111.33287518699996,
                45.86941527500005
              ],
              [
                -111.33230411599999,
                45.86942717200003
              ],
              [
                -111.3323158561768,
                45.86958155542887
              ],
              [
                -111.33003034930987,
                45.869579700211325
              ],
              [
                -111.33027712828667,
                45.872522357987286
              ],
              [
                -111.33015070399995,
                45.87252047100003
              ],
              [
                -111.32994844999996,
                45.86941527500005
              ],
              [
                -111.32690273999998,
                45.86940337800007
              ],
              [
                -111.32671238299997,
                45.86591746700003
              ],
              [
                -111.32421394899995,
                45.86588177600004
              ],
              [
                -111.32432102499996,
                45.86772585700004
              ],
              [
                -111.32169172,
                45.86766637100004
              ],
              [
                -111.32213191999995,
                45.87480475400008
              ],
              [
                -111.33270862499995,
                45.874840446000064
              ],
              [
                -111.3327042293098,
                45.87530200528883
              ],
              [
                -111.33208701066687,
                45.87528633459024
              ],
              [
                -111.33213027119021,
                45.87744844445686
              ],
              [
                -111.33777687699995,
                45.87749354500005
              ],
              [
                -111.33775308199995,
                45.87312723400004
              ],
              [
                -111.34807472589522,
                45.87318496080905
              ],
              [
                -111.3480856888666,
                45.87875191226018
              ],
              [
                -111.35108480860295,
                45.87967685270371
              ],
              [
                -111.35135833273098,
                45.88046659060029
              ],
              [
                -111.35188491505035,
                45.88077225555649
              ],
              [
                -111.35084310021303,
                45.88121112240868
              ],
              [
                -111.3482334122355,
                45.88064582219608
              ],
              [
                -111.3388339475832,
                45.87972510439301
              ],
              [
                -111.33786967695127,
                45.88040787989168
              ],
              [
                -111.33791652359916,
                45.88265855403711
              ],
              [
                -111.34091789389036,
                45.88263192444187
              ],
              [
                -111.34091125215457,
                45.885385654731216
              ],
              [
                -111.34061978357134,
                45.885503072513835
              ],
              [
                -111.33900355144932,
                45.88512134982264
              ],
              [
                -111.33792114676139,
                45.885143207565385
              ],
              [
                -111.33996043318984,
                45.88572164202799
              ],
              [
                -111.33852192818085,
                45.88598811392688
              ],
              [
                -111.33841215216593,
                45.88584924744638
              ],
              [
                -111.3337625315619,
                45.88486896540976
              ],
              [
                -111.3336752261429,
                45.884978625658285
              ],
              [
                -111.33548149879765,
                45.88539036576328
              ],
              [
                -111.3341779573968,
                45.885333338789344
              ],
              [
                -111.33296682137552,
                45.885646869410635
              ],
              [
                -111.33259116384656,
                45.88557988097542
              ],
              [
                -111.3321155194347,
                45.88593512706745
              ],
              [
                -111.33123572504306,
                45.88581970042707
              ],
              [
                -111.33169748074471,
                45.88539350409684
              ],
              [
                -111.33115599891234,
                45.88521740288032
              ],
              [
                -111.33072049067336,
                45.88540472022952
              ],
              [
                -111.33069536635416,
                45.885695474227134
              ],
              [
                -111.32956038362742,
                45.885328586208594
              ],
              [
                -111.32812843992387,
                45.88457140178205
              ],
              [
                -111.32673353062731,
                45.883414099488164
              ],
              [
                -111.32277459439538,
                45.883441369480046
              ],
              [
                -111.32216557995038,
                45.88313909523489
              ],
              [
                -111.32139387329714,
                45.88309626637714
              ],
              [
                -111.32097065891139,
                45.8833228190247
              ],
              [
                -111.31905006703253,
                45.88278011805323
              ],
              [
                -111.31907470875309,
                45.88216786040854
              ],
              [
                -111.31788734080877,
                45.882169614240965
              ],
              [
                -111.31754217481352,
                45.881958141518766
              ],
              [
                -111.31623028624846,
                45.88084983977276
              ],
              [
                -111.31516795515913,
                45.879500455830346
              ],
              [
                -111.31491089130222,
                45.879046379699446
              ],
              [
                -111.31510590814996,
                45.878863569981625
              ],
              [
                -111.31594143627649,
                45.878650841393494
              ],
              [
                -111.31600708717085,
                45.87826540442787
              ],
              [
                -111.31632030458144,
                45.87823523910296
              ],
              [
                -111.31645855175603,
                45.87777683345896
              ],
              [
                -111.3166457403604,
                45.87643031337554
              ],
              [
                -111.31658934136743,
                45.87596434184642
              ],
              [
                -111.31622477783617,
                45.87525562772793
              ],
              [
                -111.3164383565129,
                45.87418235976
              ],
              [
                -111.31619034722321,
                45.874082695512115
              ],
              [
                -111.31626912908979,
                45.87362476845513
              ],
              [
                -111.31606252772016,
                45.873319710016894
              ],
              [
                -111.31694818681943,
                45.872463298792965
              ],
              [
                -111.31679010502748,
                45.872463709351905
              ],
              [
                -111.31659717175806,
                45.871729778807385
              ],
              [
                -111.31621461219123,
                45.871353181027025
              ],
              [
                -111.31464507598491,
                45.87045628165859
              ],
              [
                -111.3147789756391,
                45.87028896566571
              ],
              [
                -111.31398075459542,
                45.86996170724011
              ],
              [
                -111.31355418997406,
                45.86941771621292
              ],
              [
                -111.31372856489688,
                45.868296786614934
              ],
              [
                -111.31339604982445,
                45.86773514889906
              ],
              [
                -111.31343035818105,
                45.867041613976916
              ],
              [
                -111.31396017845553,
                45.86705811512331
              ],
              [
                -111.31330765950793,
                45.865867716341214
              ],
              [
                -111.31362007897172,
                45.86356720154586
              ],
              [
                -111.31181054960939,
                45.86146412538049
              ],
              [
                -111.31075504161937,
                45.85923736895189
              ],
              [
                -111.3104277071358,
                45.857624183520706
              ],
              [
                -111.31041399546602,
                45.85312630300334
              ],
              [
                -111.30929649349335,
                45.85166365857421
              ],
              [
                -111.30857592780197,
                45.85013723678895
              ],
              [
                -111.30809275631624,
                45.84765715573029
              ],
              [
                -111.30818761488634,
                45.84597187230196
              ],
              [
                -111.30894604255195,
                45.843561676414026
              ],
              [
                -111.30983334788304,
                45.842125755931704
              ],
              [
                -111.31098689731475,
                45.84089348076328
              ],
              [
                -111.31311448246613,
                45.83953052875908
              ],
              [
                -111.31554871811734,
                45.83885321528914
              ],
              [
                -111.32118833792242,
                45.839051193027984
              ],
              [
                -111.33707630993243,
                45.841273924996734
              ],
              [
                -111.34006288190022,
                45.842413393864376
              ],
              [
                -111.34231041678471,
                45.84380869560603
              ],
              [
                -111.34355952933775,
                45.844791250379416
              ],
              [
                -111.34785009048771,
                45.844833172617875
              ],
              [
                -111.34746822491445,
                45.84598207221364
              ],
              [
                -111.35166969728594,
                45.84593714916825
              ],
              [
                -111.35218279142764,
                45.84624482447313
              ],
              [
                -111.35345254660919,
                45.84728230816646
              ],
              [
                -111.35449947114411,
                45.84854429059627
              ],
              [
                -111.35528460566474,
                45.84998380941154
              ],
              [
                -111.35571929086011,
                45.851321858377744
              ],
              [
                -111.35710269524368,
                45.85206078825051
              ],
              [
                -111.35843618517478,
                45.85308748177521
              ],
              [
                -111.36001068680622,
                45.85492199632346
              ],
              [
                -111.36085012231597,
                45.85638340062968
              ]
            ],
            [
              [
                -111.33617231099998,
                45.85319991800003
              ],
              [
                -111.336444498,
                45.85298331200005
              ],
              [
                -111.33577824799994,
                45.85265316200008
              ],
              [
                -111.33562655799994,
                45.85228732000007
              ],
              [
                -111.33624926299996,
                45.851523314000076
              ],
              [
                -111.33587330799998,
                45.851056940000035
              ],
              [
                -111.33671563699994,
                45.85038117300007
              ],
              [
                -111.336125531,
                45.849986183000055
              ],
              [
                -111.33485965699998,
                45.849500772000056
              ],
              [
                -111.32663564499995,
                45.848492099000055
              ],
              [
                -111.31992556499995,
                45.84744513600003
              ],
              [
                -111.31660621699996,
                45.847290471000065
              ],
              [
                -111.31636232199997,
                45.84748677700003
              ],
              [
                -111.32665349099995,
                45.85298928000003
              ],
              [
                -111.32697412399995,
                45.853160383000045
              ],
              [
                -111.33517587199998,
                45.85753555400004
              ],
              [
                -111.33615586899998,
                45.85667098000005
              ],
              [
                -111.33520408399994,
                45.85751568900008
              ],
              [
                -111.34086125299996,
                45.86055545100004
              ],
              [
                -111.34686463299994,
                45.86067591200003
              ],
              [
                -111.34687058199995,
                45.860794885000075
              ],
              [
                -111.35451460099995,
                45.86083057600007
              ],
              [
                -111.35450270299998,
                45.86066996300008
              ],
              [
                -111.35283113199995,
                45.86001561000006
              ],
              [
                -111.349374964,
                45.85771943100008
              ],
              [
                -111.34482424599997,
                45.853382863000036
              ],
              [
                -111.34238291799994,
                45.85341022700004
              ],
              [
                -111.34238291799994,
                45.85599789100007
              ],
              [
                -111.34225323799996,
                45.85595030200005
              ],
              [
                -111.34226751399996,
                45.85617159100008
              ],
              [
                -111.33856269299997,
                45.85476533000008
              ],
              [
                -111.33840564899998,
                45.85491523600007
              ],
              [
                -111.33720743380474,
                45.85443321186951
              ],
              [
                -111.33696486736503,
                45.85408164152387
              ],
              [
                -111.33695085099998,
                45.85322665700005
              ],
              [
                -111.33566153599998,
                45.85322760300005
              ],
              [
                -111.336009532,
                45.853426883000054
              ],
              [
                -111.33536470185079,
                45.853195979522624
              ],
              [
                -111.33617231099998,
                45.85319991800003
              ]
            ],
            [
              [
                -111.33956895199998,
                45.860587956000074
              ],
              [
                -111.34055642799996,
                45.86059985400004
              ],
              [
                -111.32666037599995,
                45.85317593500008
              ],
              [
                -111.32666037599995,
                45.85366372500005
              ],
              [
                -111.33956895199998,
                45.860587956000074
              ]
            ],
            [
              [
                -111.31833132599996,
                45.846695606000026
              ],
              [
                -111.32674272099996,
                45.848075694000045
              ],
              [
                -111.32674272099996,
                45.84537500500005
              ],
              [
                -111.31783163899996,
                45.84522628900004
              ],
              [
                -111.31833132599996,
                45.846695606000026
              ]
            ],
            [
              [
                -111.34513945438283,
                45.850685939132845
              ],
              [
                -111.34394379955789,
                45.85036852748129
              ],
              [
                -111.3433406977136,
                45.850991613033194
              ],
              [
                -111.34431733595267,
                45.8515510775251
              ],
              [
                -111.34586658580822,
                45.85126680459121
              ],
              [
                -111.34611846227986,
                45.85083225961856
              ],
              [
                -111.34513945438283,
                45.850685939132845
              ]
            ]
          ],
          [
            [
              [
                -111.3293910965787,
                45.85316684796879
              ],
              [
                -111.32830164246252,
                45.85316469565432
              ],
              [
                -111.32816252121185,
                45.853155865253164
              ],
              [
                -111.32822571999998,
                45.853155625000056
              ],
              [
                -111.3293910965787,
                45.85316684796879
              ]
            ]
          ],
          [
            [
              [
                -111.32712087516546,
                45.853159825118716
              ],
              [
                -111.32712278734078,
                45.85316086595649
              ],
              [
                -111.32697412399995,
                45.853160383000045
              ],
              [
                -111.32712087516546,
                45.853159825118716
              ]
            ]
          ],
          [
            [
              [
                -111.32806499867172,
                45.85315623598961
              ],
              [
                -111.32807923132546,
                45.853163973116466
              ],
              [
                -111.32729611842814,
                45.85316142905001
              ],
              [
                -111.32729868350812,
                45.853159149172086
              ],
              [
                -111.32806499867172,
                45.85315623598961
              ]
            ]
          ],
          [
            [
              [
                -111.3296111263876,
                45.85319102775584
              ],
              [
                -111.32958455631392,
                45.853176899990544
              ],
              [
                -111.33068081523929,
                45.85319301064511
              ],
              [
                -111.3296111263876,
                45.85319102775584
              ]
            ]
          ],
          [
            [
              [
                -111.33200192499999,
                45.86052679900007
              ],
              [
                -111.3321090783925,
                45.860526281287775
              ],
              [
                -111.33210907839438,
                45.86052628131867
              ],
              [
                -111.33200192499999,
                45.86052679900007
              ]
            ]
          ],
          [
            [
              [
                -111.33242456164095,
                45.85081470826857
              ],
              [
                -111.33308933799998,
                45.85082375300004
              ],
              [
                -111.334007811,
                45.85093796700005
              ],
              [
                -111.33314840299994,
                45.850831208000045
              ],
              [
                -111.33242456164095,
                45.85081470826857
              ]
            ]
          ],
          [
            [
              [
                -111.33339581299998,
                45.85200773300005
              ],
              [
                -111.33304781699997,
                45.85173707000007
              ],
              [
                -111.33361046303092,
                45.85212677046129
              ],
              [
                -111.33339581299998,
                45.85200773300005
              ]
            ]
          ],
          [
            [
              [
                -111.32939165599998,
                45.85147572600005
              ],
              [
                -111.32930599599996,
                45.85163277000004
              ],
              [
                -111.32927418163263,
                45.85165015686568
              ],
              [
                -111.32939165599998,
                45.85147572600005
              ]
            ]
          ],
          [
            [
              [
                -111.32939165599998,
                45.85147572600005
              ],
              [
                -111.32940593299998,
                45.85072381600003
              ],
              [
                -111.32941119799995,
                45.851221672000065
              ],
              [
                -111.32939165599998,
                45.85147572600005
              ]
            ]
          ],
          [
            [
              [
                -111.33248864299998,
                45.85125225400003
              ],
              [
                -111.33219466099996,
                45.850742851000064
              ],
              [
                -111.33198050899995,
                45.85029551300005
              ],
              [
                -111.33248864299998,
                45.85125225400003
              ]
            ]
          ],
          [
            [
              [
                -111.33545813599994,
                45.859226310000054
              ],
              [
                -111.33404960958428,
                45.860449959610534
              ],
              [
                -111.33404897333382,
                45.860449952269114
              ],
              [
                -111.33512377799997,
                45.85950838900004
              ],
              [
                -111.33545813599994,
                45.859226310000054
              ]
            ]
          ],
          [
            [
              [
                -111.34010812122169,
                45.862546525432606
              ],
              [
                -111.33927594099998,
                45.86212580200004
              ],
              [
                -111.34010810899997,
                45.862546519000034
              ],
              [
                -111.34010812122169,
                45.862546525432606
              ]
            ]
          ],
          [
            [
              [
                -111.32648157499995,
                45.85488271600008
              ],
              [
                -111.33071401306954,
                45.85714962630878
              ],
              [
                -111.32981281999997,
                45.85667207100005
              ],
              [
                -111.32648157499995,
                45.85488271600008
              ]
            ]
          ]
        ]
      }
    },
    {
      "type": "Feature",
      "properties": {
        "category": "Conservation/Open Space",
        "description": "Conservation easements, public lands, and protected open space within the Planning Jurisdictional Area. Includes drainageways, floodplains, and areas under conservation management.",
        "density": "1 unit per 10 acres",
        "primary_uses": "Open space, conservation, passive recreation, wildlife habitat, agriculture under easement",
        "approx_acres": 10580.6
      },
      "geometry": {
        "type": "MultiPolygon",
        "coordinates": [
          [
            [
              [
                -111.36833559717394,
                45.81470915361549
              ],
              [
                -111.36833912793273,
                45.81634545612632
              ],
              [
                -111.34749782158262,
                45.8164796931808
              ],
              [
                -111.34748801687346,
                45.809110643701345
              ],
              [
                -111.35790832444553,
                45.80906723567031
              ],
              [
                -111.35789813059226,
                45.80173440176503
              ],
              [
                -111.36831162488615,
                45.801661013119144
              ],
              [
                -111.36833559717394,
                45.81470915361549
              ]
            ]
          ],
          [
            [
              [
                -111.39440514814908,
                45.8161882551711
              ],
              [
                -111.38920851294756,
                45.81618123053697
              ],
              [
                -111.38920712264105,
                45.81599457903669
              ],
              [
                -111.39960105700388,
                45.81609207870362
              ],
              [
                -111.3996019878775,
                45.81619711023523
              ],
              [
                -111.39440514814908,
                45.8161882551711
              ]
            ]
          ],
          [
            [
              [
                -111.41010143828777,
                45.827154121158195
              ],
              [
                -111.4099907554611,
                45.81986943471721
              ],
              [
                -111.41003477993185,
                45.81622660181642
              ],
              [
                -111.41014228435391,
                45.816227039596725
              ],
              [
                -111.41020295826924,
                45.827154648918565
              ],
              [
                -111.41010143828777,
                45.827154121158195
              ]
            ]
          ],
          [
            [
              [
                -111.3474440826256,
                45.83864090612277
              ],
              [
                -111.35788035063362,
                45.83849873926641
              ],
              [
                -111.35790755781372,
                45.845874600897695
              ],
              [
                -111.34746822491445,
                45.84598207221364
              ],
              [
                -111.34826794918101,
                45.843575982346174
              ],
              [
                -111.34795308428227,
                45.83922914592701
              ],
              [
                -111.3474440826256,
                45.83864090612277
              ]
            ]
          ],
          [
            [
              [
                -111.43102387267487,
                45.84550495150374
              ],
              [
                -111.43110183795345,
                45.86014351276787
              ],
              [
                -111.43129842218715,
                45.86014240079958
              ],
              [
                -111.43168606746988,
                45.87446712099197
              ],
              [
                -111.43129189387166,
                45.874464269671854
              ],
              [
                -111.43129548668817,
                45.87457022539645
              ],
              [
                -111.42107254435616,
                45.874518919794774
              ],
              [
                -111.41169042043921,
                45.87452783249879
              ],
              [
                -111.41208523129369,
                45.874524403875974
              ],
              [
                -111.41119966694806,
                45.8745282986982
              ],
              [
                -111.41063401154757,
                45.874537060608645
              ],
              [
                -111.4111996106359,
                45.87453211989813
              ],
              [
                -111.41113446691949,
                45.87716672316949
              ],
              [
                -111.39019666396595,
                45.87228742220301
              ],
              [
                -111.38962262613684,
                45.86013006062249
              ],
              [
                -111.41027197147774,
                45.85999938764507
              ],
              [
                -111.41027881429501,
                45.845418073921415
              ],
              [
                -111.43102387267487,
                45.84550495150374
              ]
            ]
          ],
          [
            [
              [
                -111.3902548534215,
                45.873974881981404
              ],
              [
                -111.39022940830947,
                45.87326463226137
              ],
              [
                -111.3959089478958,
                45.874557058737665
              ],
              [
                -111.39027866709615,
                45.874595630056696
              ],
              [
                -111.3902548534215,
                45.873974881981404
              ]
            ]
          ],
          [
            [
              [
                -111.40752086293577,
                45.8786077180389
              ],
              [
                -111.40524237327037,
                45.87789307328264
              ],
              [
                -111.4021221546993,
                45.877864169958926
              ],
              [
                -111.40207255381434,
                45.876007043849654
              ],
              [
                -111.41111115090307,
                45.87815110388648
              ],
              [
                -111.41095212054053,
                45.88547943766888
              ],
              [
                -111.4102886512164,
                45.885362977791424
              ],
              [
                -111.41029267824871,
                45.88519207192026
              ],
              [
                -111.40424253865815,
                45.884109058414204
              ],
              [
                -111.4021794195617,
                45.883989548714716
              ],
              [
                -111.40000966526809,
                45.88431074806492
              ],
              [
                -111.39470936860762,
                45.88592579143359
              ],
              [
                -111.39174340417465,
                45.88648377435964
              ],
              [
                -111.39038031891572,
                45.88648580899339
              ],
              [
                -111.3887919028082,
                45.886035747484954
              ],
              [
                -111.38058333186494,
                45.88169786823619
              ],
              [
                -111.3838523982166,
                45.88215949059911
              ],
              [
                -111.39028870671093,
                45.881904255461365
              ],
              [
                -111.40071056380366,
                45.881886170932745
              ],
              [
                -111.40069823544955,
                45.88292859349923
              ],
              [
                -111.40185774178964,
                45.881881368630495
              ],
              [
                -111.41034012873388,
                45.88185450626423
              ],
              [
                -111.41032641865218,
                45.882074414932596
              ],
              [
                -111.4071672748293,
                45.88190279687765
              ],
              [
                -111.40753027180045,
                45.883498180157076
              ],
              [
                -111.410331606371,
                45.883181210482896
              ],
              [
                -111.41036851667597,
                45.88008690741676
              ],
              [
                -111.40752086293577,
                45.8786077180389
              ]
            ]
          ],
          [
            [
              [
                -111.34831836790411,
                45.89330940802592
              ],
              [
                -111.34828064857238,
                45.88805179384587
              ],
              [
                -111.358713358948,
                45.890035136566325
              ],
              [
                -111.35868005913666,
                45.8886650918672
              ],
              [
                -111.35870646054484,
                45.88983148186291
              ],
              [
                -111.34827887165665,
                45.88776415428871
              ],
              [
                -111.33792114676139,
                45.885143207565385
              ],
              [
                -111.33900355144932,
                45.88512134982264
              ],
              [
                -111.34091080288472,
                45.885571802965195
              ],
              [
                -111.34091789389036,
                45.88263192444187
              ],
              [
                -111.33791652359916,
                45.88265855403711
              ],
              [
                -111.33786967695127,
                45.88040787989168
              ],
              [
                -111.3388339475832,
                45.87972510439301
              ],
              [
                -111.3482334122355,
                45.88064582219608
              ],
              [
                -111.35374347623019,
                45.881851093566645
              ],
              [
                -111.35135833273098,
                45.88046659060029
              ],
              [
                -111.35108480860295,
                45.87967685270371
              ],
              [
                -111.3480856888666,
                45.87875191226018
              ],
              [
                -111.34807472589522,
                45.87318496080905
              ],
              [
                -111.34838927199996,
                45.873186720000035
              ],
              [
                -111.34802045599997,
                45.86779724200005
              ],
              [
                -111.34783574757907,
                45.86777260279679
              ],
              [
                -111.3517582264378,
                45.86769586861215
              ],
              [
                -111.38659672316096,
                45.88627907714015
              ],
              [
                -111.385001468985,
                45.886176551213616
              ],
              [
                -111.38499639347809,
                45.88637428464277
              ],
              [
                -111.3840637820033,
                45.88649401443999
              ],
              [
                -111.38294518845943,
                45.88739654766633
              ],
              [
                -111.3817802324018,
                45.887651425202264
              ],
              [
                -111.3800170853008,
                45.88758868219807
              ],
              [
                -111.3796877358518,
                45.88742457211097
              ],
              [
                -111.37857279998767,
                45.88734130900897
              ],
              [
                -111.37753464807743,
                45.88737764641237
              ],
              [
                -111.37696490664091,
                45.88758077712896
              ],
              [
                -111.37576293507449,
                45.8886267067931
              ],
              [
                -111.37583537709652,
                45.888747127244265
              ],
              [
                -111.37512852931047,
                45.88956938167681
              ],
              [
                -111.37471833238517,
                45.88975621090517
              ],
              [
                -111.3738943926077,
                45.890706818431134
              ],
              [
                -111.37075291855126,
                45.89256756507392
              ],
              [
                -111.3690504548746,
                45.893316323410694
              ],
              [
                -111.36763827308987,
                45.89320024036001
              ],
              [
                -111.36627482814767,
                45.89392816972629
              ],
              [
                -111.36412708742166,
                45.89459631725007
              ],
              [
                -111.36058137257112,
                45.89404217986433
              ],
              [
                -111.36027683277449,
                45.893788845308066
              ],
              [
                -111.35563364973595,
                45.893355064321916
              ],
              [
                -111.35413471444976,
                45.893387485003345
              ],
              [
                -111.35128181999305,
                45.89387253167094
              ],
              [
                -111.35019113323476,
                45.89391648057735
              ],
              [
                -111.34831836790411,
                45.89330940802592
              ]
            ],
            [
              [
                -111.35466014997786,
                45.88319411826907
              ],
              [
                -111.35466381636921,
                45.88319948991604
              ],
              [
                -111.35374347623019,
                45.881851093566645
              ],
              [
                -111.35466014997786,
                45.88319411826907
              ]
            ]
          ],
          [
            [
              [
                -111.39993426933356,
                45.88882491451495
              ],
              [
                -111.39497612567673,
                45.88891500955971
              ],
              [
                -111.39291838093196,
                45.88801727682067
              ],
              [
                -111.39269046271582,
                45.888110014483175
              ],
              [
                -111.3908020280564,
                45.887822776052566
              ],
              [
                -111.3899264960191,
                45.88794592491809
              ],
              [
                -111.38762662394228,
                45.88677403765863
              ],
              [
                -111.3897587055704,
                45.88750568763862
              ],
              [
                -111.39240396773143,
                45.88763604639345
              ],
              [
                -111.40060912475974,
                45.88525540919652
              ],
              [
                -111.40275143502821,
                45.88502596889821
              ],
              [
                -111.40944531693518,
                45.886093514471874
              ],
              [
                -111.40964232184666,
                45.886749689446866
              ],
              [
                -111.41026094402604,
                45.887265855271174
              ],
              [
                -111.41001211672676,
                45.8878178487011
              ],
              [
                -111.40929621540776,
                45.88843359997745
              ],
              [
                -111.40826717563189,
                45.88884354633615
              ],
              [
                -111.40802635638963,
                45.888808654476634
              ],
              [
                -111.40752227485758,
                45.888240526020176
              ],
              [
                -111.40722518737795,
                45.88689048795729
              ],
              [
                -111.40646816443397,
                45.886490850072036
              ],
              [
                -111.40602657303212,
                45.88649139493362
              ],
              [
                -111.40511205885637,
                45.886845829159064
              ],
              [
                -111.4039834296841,
                45.887581325404376
              ],
              [
                -111.40260385322,
                45.88794459816945
              ],
              [
                -111.4020898343742,
                45.88850063592069
              ],
              [
                -111.39993426933356,
                45.88882491451495
              ]
            ]
          ],
          [
            [
              [
                -111.40711921592877,
                45.88813407850698
              ],
              [
                -111.40725231626301,
                45.888707703360964
              ],
              [
                -111.40785585541983,
                45.88901678123441
              ],
              [
                -111.40936361872141,
                45.88876412202064
              ],
              [
                -111.41024854005569,
                45.888082660136966
              ],
              [
                -111.41022341827248,
                45.88915973422311
              ],
              [
                -111.40093152028636,
                45.889165554222366
              ],
              [
                -111.40297274456555,
                45.888839602055654
              ],
              [
                -111.40517114694889,
                45.887454973797276
              ],
              [
                -111.40578962953182,
                45.88681131844112
              ],
              [
                -111.40663946542453,
                45.88689053165003
              ],
              [
                -111.40699723870806,
                45.8872115774764
              ],
              [
                -111.40670892813189,
                45.88754843048014
              ],
              [
                -111.40711921592877,
                45.88813407850698
              ]
            ]
          ],
          [
            [
              [
                -111.35475736935922,
                45.91868629906642
              ],
              [
                -111.35189803305985,
                45.91873453709028
              ],
              [
                -111.34844793225894,
                45.91880822986606
              ],
              [
                -111.34844735767228,
                45.91872807190264
              ],
              [
                -111.35475736935922,
                45.91868629906642
              ]
            ]
          ],
          [
            [
              [
                -111.34562715129628,
                45.85077118996971
              ],
              [
                -111.34611846227986,
                45.85083225961856
              ],
              [
                -111.34586658580822,
                45.85126680459121
              ],
              [
                -111.34431733595267,
                45.8515510775251
              ],
              [
                -111.3433406977136,
                45.850991613033194
              ],
              [
                -111.34394379955789,
                45.85036852748129
              ],
              [
                -111.34562715129628,
                45.85077118996971
              ]
            ]
          ],
          [
            [
              [
                -111.33537541667474,
                45.853201713058695
              ],
              [
                -111.33068081523929,
                45.85319301064511
              ],
              [
                -111.3293910965787,
                45.85316684796879
              ],
              [
                -111.33536470185079,
                45.853195979522624
              ],
              [
                -111.33537541667474,
                45.853201713058695
              ]
            ]
          ],
          [
            [
              [
                -111.32830912144496,
                45.853158044385275
              ],
              [
                -111.32807923132546,
                45.853163973116466
              ],
              [
                -111.32806499867172,
                45.85315623598961
              ],
              [
                -111.32816252121185,
                45.853155865253164
              ],
              [
                -111.32830912144496,
                45.853158044385275
              ]
            ]
          ],
          [
            [
              [
                -111.33704021401098,
                45.85412160605909
              ],
              [
                -111.33703997072283,
                45.854270301721904
              ],
              [
                -111.33701293028591,
                45.854294774173695
              ],
              [
                -111.33696486736503,
                45.85408164152387
              ],
              [
                -111.33704021401098,
                45.85412160605909
              ]
            ]
          ],
          [
            [
              [
                -111.33707728368739,
                45.854347799304186
              ],
              [
                -111.33714164416456,
                45.85437782433657
              ],
              [
                -111.33722593515986,
                45.85441648733077
              ],
              [
                -111.33714929399997,
                45.854408411000065
              ],
              [
                -111.33707728368739,
                45.854347799304186
              ]
            ]
          ],
          [
            [
              [
                -111.32962663887389,
                45.856079361053425
              ],
              [
                -111.3297206252378,
                45.85613092208576
              ],
              [
                -111.32960045663435,
                45.85610272814929
              ],
              [
                -111.32962663887389,
                45.856079361053425
              ]
            ]
          ],
          [
            [
              [
                -111.3321090783925,
                45.860526281287775
              ],
              [
                -111.33397211799996,
                45.86051728000007
              ],
              [
                -111.33430664620857,
                45.86052233422242
              ],
              [
                -111.33707504330394,
                45.861328081356056
              ],
              [
                -111.33723600464435,
                45.864154953297714
              ],
              [
                -111.33393222574207,
                45.864136490105324
              ],
              [
                -111.33366030599996,
                45.860518787000046
              ],
              [
                -111.3321090783925,
                45.860526281287775
              ]
            ]
          ],
          [
            [
              [
                -111.33404960958428,
                45.860449959610534
              ],
              [
                -111.33397211799996,
                45.86051728000007
              ],
              [
                -111.33404897333382,
                45.860449952269114
              ],
              [
                -111.33404960958428,
                45.860449959610534
              ]
            ]
          ],
          [
            [
              [
                -111.3409869094335,
                45.86194163867712
              ],
              [
                -111.34147384775797,
                45.862211049876194
              ],
              [
                -111.34093327011038,
                45.8619884992542
              ],
              [
                -111.3409869094335,
                45.86194163867712
              ]
            ]
          ],
          [
            [
              [
                -111.3323158561768,
                45.86958155542887
              ],
              [
                -111.33254206199996,
                45.87255616400006
              ],
              [
                -111.33027712828667,
                45.872522357987286
              ],
              [
                -111.33003034930987,
                45.869579700211325
              ],
              [
                -111.3323158561768,
                45.86958155542887
              ]
            ]
          ],
          [
            [
              [
                -111.33213027119021,
                45.87744844445686
              ],
              [
                -111.33208701066687,
                45.87528633459024
              ],
              [
                -111.3327042293098,
                45.87530200528883
              ],
              [
                -111.33268483099994,
                45.877338880000025
              ],
              [
                -111.33393149564715,
                45.87747401514639
              ],
              [
                -111.33213027119021,
                45.87744844445686
              ]
            ]
          ],
          [
            [
              [
                -111.32247365377282,
                45.886045834594384
              ],
              [
                -111.32490976686395,
                45.88656848118363
              ],
              [
                -111.32665954685802,
                45.88633905024228
              ],
              [
                -111.32855657807849,
                45.88715632298576
              ],
              [
                -111.33528250029384,
                45.88903064915041
              ],
              [
                -111.33780125633156,
                45.88932595412817
              ],
              [
                -111.3366238538471,
                45.89181723861244
              ],
              [
                -111.33503374665786,
                45.89207132893522
              ],
              [
                -111.33419783924606,
                45.89193648562824
              ],
              [
                -111.33218687609975,
                45.89210921977121
              ],
              [
                -111.33206614868912,
                45.89300145045121
              ],
              [
                -111.31722848997342,
                45.89306548108744
              ],
              [
                -111.31715790039692,
                45.88217069167972
              ],
              [
                -111.31907470875309,
                45.88216786040854
              ],
              [
                -111.31887404185824,
                45.883817777943214
              ],
              [
                -111.32115118849788,
                45.88406524129026
              ],
              [
                -111.32247365377282,
                45.886045834594384
              ]
            ]
          ],
          [
            [
              [
                -111.3260988783747,
                45.81649232971352
              ],
              [
                -111.32622512955648,
                45.82340192118874
              ],
              [
                -111.32512731288476,
                45.823380605644196
              ],
              [
                -111.32511439618052,
                45.82390321014024
              ],
              [
                -111.31996620176716,
                45.82386505385937
              ],
              [
                -111.32622318747259,
                45.82391167783932
              ],
              [
                -111.32617833698355,
                45.834981975834296
              ],
              [
                -111.29557581467664,
                45.834772244062975
              ],
              [
                -111.29554859180804,
                45.8311459309388
              ],
              [
                -111.29558156783024,
                45.83577684441364
              ],
              [
                -111.28546659139286,
                45.83048386416829
              ],
              [
                -111.28550841267189,
                45.82940502603772
              ],
              [
                -111.28527624602121,
                45.82941066419494
              ],
              [
                -111.28531768546289,
                45.82383017074285
              ],
              [
                -111.2955931994782,
                45.823822288088145
              ],
              [
                -111.29561790261464,
                45.820154652191654
              ],
              [
                -111.28527385801159,
                45.820170168633105
              ],
              [
                -111.28529385527749,
                45.81650866467995
              ],
              [
                -111.2904739280944,
                45.81649575992463
              ],
              [
                -111.29039869948946,
                45.80917947065657
              ],
              [
                -111.28530148364388,
                45.809177212699176
              ],
              [
                -111.28529653450991,
                45.80183992876542
              ],
              [
                -111.31107713629511,
                45.801809048574675
              ],
              [
                -111.31110474712628,
                45.8054929412304
              ],
              [
                -111.32077046634808,
                45.80549646577798
              ],
              [
                -111.3189646053015,
                45.807865413361206
              ],
              [
                -111.31984633095996,
                45.808415723491656
              ],
              [
                -111.31980379634679,
                45.80899763693263
              ],
              [
                -111.32174300801928,
                45.80899545416864
              ],
              [
                -111.32217747780048,
                45.80803150879318
              ],
              [
                -111.32172973965616,
                45.80754101957095
              ],
              [
                -111.32151280638365,
                45.805575000933814
              ],
              [
                -111.32081791638818,
                45.80549670586821
              ],
              [
                -111.32177154716958,
                45.80551471053567
              ],
              [
                -111.32214886299174,
                45.80675656593524
              ],
              [
                -111.32316617852568,
                45.80915607002241
              ],
              [
                -111.32402416634807,
                45.811188382960445
              ],
              [
                -111.32366947946062,
                45.811540281780346
              ],
              [
                -111.32294077235683,
                45.81163722868937
              ],
              [
                -111.32311078519417,
                45.81207907413502
              ],
              [
                -111.3242911791777,
                45.81182150199399
              ],
              [
                -111.32461165433452,
                45.81258225092018
              ],
              [
                -111.321505598463,
                45.81282105960626
              ],
              [
                -111.32149517565834,
                45.81648375494421
              ],
              [
                -111.3260988783747,
                45.81649232971352
              ]
            ],
            [
              [
                -111.3198486084655,
                45.8091564152774
              ],
              [
                -111.32150836495919,
                45.80915868688564
              ],
              [
                -111.32316617852568,
                45.80915607002241
              ],
              [
                -111.3198486084655,
                45.8091564152774
              ]
            ],
            [
              [
                -111.31320444284768,
                45.82381703281708
              ],
              [
                -111.31594307556689,
                45.82383644076958
              ],
              [
                -111.31463565630536,
                45.823822432208374
              ],
              [
                -111.3146550531092,
                45.82337284638013
              ],
              [
                -111.31341736277228,
                45.82332292153959
              ],
              [
                -111.31320444284768,
                45.82381703281708
              ]
            ],
            [
              [
                -111.31281483696279,
                45.824652295000604
              ],
              [
                -111.31319764414957,
                45.82381698518796
              ],
              [
                -111.3121378217233,
                45.82380907999511
              ],
              [
                -111.31211069269096,
                45.82460199230094
              ],
              [
                -111.31281483696279,
                45.824652295000604
              ]
            ],
            [
              [
                -111.30591407047524,
                45.82376564419987
              ],
              [
                -111.30898337897497,
                45.82378677638082
              ],
              [
                -111.30884877826578,
                45.82385836807531
              ],
              [
                -111.30929014297132,
                45.82385973162828
              ],
              [
                -111.30899640710751,
                45.82402549875633
              ],
              [
                -111.30882104758946,
                45.824686707566
              ],
              [
                -111.31179245302876,
                45.824723841947886
              ],
              [
                -111.3118196374401,
                45.8238067023281
              ],
              [
                -111.31105393209636,
                45.823800978631205
              ],
              [
                -111.31110357086013,
                45.81646732368409
              ],
              [
                -111.30594535574315,
                45.81647002767124
              ],
              [
                -111.30591407047524,
                45.82376564419987
              ]
            ]
          ],
          [
            [
              [
                -111.26903276659105,
                45.8256265232848
              ],
              [
                -111.26907959801663,
                45.82585916646729
              ],
              [
                -111.26876371240004,
                45.82568228820525
              ],
              [
                -111.26900272972807,
                45.8254771129792
              ],
              [
                -111.26903276659105,
                45.8256265232848
              ]
            ]
          ],
          [
            [
              [
                -111.24273520201628,
                45.831182778858924
              ],
              [
                -111.24258826478724,
                45.83903292111525
              ],
              [
                -111.24244277371564,
                45.83903513256797
              ],
              [
                -111.24238085505117,
                45.831183556490224
              ],
              [
                -111.24273520201628,
                45.831182778858924
              ]
            ]
          ],
          [
            [
              [
                -111.30091305638986,
                45.852889325185025
              ],
              [
                -111.30348812190164,
                45.8528621157156
              ],
              [
                -111.30343865888634,
                45.85799193940508
              ],
              [
                -111.30398869384298,
                45.86019545831647
              ],
              [
                -111.29093248423698,
                45.86025983485051
              ],
              [
                -111.29072481354642,
                45.85296830744478
              ],
              [
                -111.28563080500405,
                45.85301868286247
              ],
              [
                -111.28552607368582,
                45.849378731129406
              ],
              [
                -111.2845819807127,
                45.849376356422724
              ],
              [
                -111.28448245212628,
                45.84877310330355
              ],
              [
                -111.28666202396946,
                45.84748557225289
              ],
              [
                -111.28598487794252,
                45.845729081735406
              ],
              [
                -111.28462805382968,
                45.84458260862463
              ],
              [
                -111.28434856573699,
                45.843580554078734
              ],
              [
                -111.28329309041473,
                45.84210759142575
              ],
              [
                -111.29051242540241,
                45.842064058420874
              ],
              [
                -111.29052362691876,
                45.84567681179465
              ],
              [
                -111.30332306853552,
                45.84555371889404
              ],
              [
                -111.30441548952484,
                45.847663432603866
              ],
              [
                -111.30482608821858,
                45.84784283359391
              ],
              [
                -111.30582290448808,
                45.84973808380991
              ],
              [
                -111.30562463816342,
                45.85185174602991
              ],
              [
                -111.3060057420581,
                45.85283545575323
              ],
              [
                -111.30091305638986,
                45.852889325185025
              ]
            ]
          ],
          [
            [
              [
                -111.32729611842814,
                45.85316142905001
              ],
              [
                -111.32712278734078,
                45.85316086595649
              ],
              [
                -111.32712087516546,
                45.853159825118716
              ],
              [
                -111.32729868350812,
                45.853159149172086
              ],
              [
                -111.32729611842814,
                45.85316142905001
              ]
            ]
          ],
          [
            [
              [
                -111.28936573712194,
                45.85827761363851
              ],
              [
                -111.29003975225018,
                45.85871122171831
              ],
              [
                -111.29080378027022,
                45.86026110713042
              ],
              [
                -111.28837987326024,
                45.86028362331675
              ],
              [
                -111.28808510871855,
                45.857899966227365
              ],
              [
                -111.28815052596708,
                45.85777110017
              ],
              [
                -111.28936573712194,
                45.85827761363851
              ]
            ]
          ],
          [
            [
              [
                -111.24427262112386,
                45.874299389916054
              ],
              [
                -111.24340394972937,
                45.87356897159618
              ],
              [
                -111.24310972293954,
                45.86985475642605
              ],
              [
                -111.2433676342325,
                45.868634822295995
              ],
              [
                -111.24297275776331,
                45.863009882826915
              ],
              [
                -111.24311399696967,
                45.862477220249616
              ],
              [
                -111.24369733253073,
                45.86174830497644
              ],
              [
                -111.24473267524132,
                45.861062410980246
              ],
              [
                -111.24594192315523,
                45.8607793834461
              ],
              [
                -111.25877270980398,
                45.86063918946454
              ],
              [
                -111.25903273393072,
                45.86771202434353
              ],
              [
                -111.2536692011991,
                45.86774768972944
              ],
              [
                -111.25403409013869,
                45.87494401999832
              ],
              [
                -111.24504520023704,
                45.87489942657455
              ],
              [
                -111.24427262112386,
                45.874299389916054
              ]
            ]
          ],
          [
            [
              [
                -111.31200057189854,
                45.86348317945687
              ],
              [
                -111.31396017845553,
                45.86705811512331
              ],
              [
                -111.31314956729315,
                45.86703286880092
              ],
              [
                -111.31346914052436,
                45.86755112741417
              ],
              [
                -111.30657201836303,
                45.867419183404024
              ],
              [
                -111.30660957853422,
                45.8685023937915
              ],
              [
                -111.30879988870203,
                45.868552591305004
              ],
              [
                -111.31050239695962,
                45.869394746458255
              ],
              [
                -111.31269630371253,
                45.86874768264812
              ],
              [
                -111.31396980614291,
                45.87247103403432
              ],
              [
                -111.31694818681943,
                45.872463298792965
              ],
              [
                -111.31622093197676,
                45.873092852767435
              ],
              [
                -111.31587168162778,
                45.873723657334736
              ],
              [
                -111.31594293806265,
                45.873912604829925
              ],
              [
                -111.3164383565129,
                45.87418235976
              ],
              [
                -111.31622477783617,
                45.87525562772793
              ],
              [
                -111.31658934136743,
                45.87596434184642
              ],
              [
                -111.3166457403604,
                45.87643031337554
              ],
              [
                -111.31645855175603,
                45.87777683345896
              ],
              [
                -111.31632030458144,
                45.87823523910296
              ],
              [
                -111.31600708717085,
                45.87826540442787
              ],
              [
                -111.31594143627649,
                45.878650841393494
              ],
              [
                -111.31510590814996,
                45.878863569981625
              ],
              [
                -111.31465663907854,
                45.87928471686203
              ],
              [
                -111.31341759485018,
                45.87949632213228
              ],
              [
                -111.31199823717587,
                45.88010881692501
              ],
              [
                -111.31253053244504,
                45.88088322517743
              ],
              [
                -111.30680573253744,
                45.88089975935429
              ],
              [
                -111.30671310985421,
                45.874860433473955
              ],
              [
                -111.30678171276386,
                45.88945734223036
              ],
              [
                -111.2859689568301,
                45.889549998269736
              ],
              [
                -111.28598836870381,
                45.90389891283161
              ],
              [
                -111.26473768298686,
                45.903943302731676
              ],
              [
                -111.26455863744192,
                45.878638861607165
              ],
              [
                -111.2662987516174,
                45.8786396939859
              ],
              [
                -111.26455863640342,
                45.87863886124749
              ],
              [
                -111.26448229964514,
                45.87134260018408
              ],
              [
                -111.28589600140452,
                45.87131830871034
              ],
              [
                -111.28591231775133,
                45.874988331629915
              ],
              [
                -111.29620178170684,
                45.87494827618383
              ],
              [
                -111.296357851578,
                45.88226636781297
              ],
              [
                -111.29602791386843,
                45.860399532192446
              ],
              [
                -111.30805318162693,
                45.86033384484895
              ],
              [
                -111.31037674162093,
                45.86408716815166
              ],
              [
                -111.31200057189854,
                45.86348317945687
              ]
            ],
            [
              [
                -111.28591151221904,
                45.87498849563256
              ],
              [
                -111.28398509518276,
                45.87498663232266
              ],
              [
                -111.28333000951636,
                45.87498732320926
              ],
              [
                -111.28580536697352,
                45.87498908838123
              ],
              [
                -111.28591151221904,
                45.87498849563256
              ]
            ],
            [
              [
                -111.27506969782624,
                45.87863586715563
              ],
              [
                -111.28018095150927,
                45.87864454286349
              ],
              [
                -111.28023496867326,
                45.87499053615046
              ],
              [
                -111.27514163228336,
                45.8749982118129
              ],
              [
                -111.27506971930832,
                45.87863486269663
              ],
              [
                -111.27009412585369,
                45.878641029235254
              ],
              [
                -111.27506969782624,
                45.87863586715563
              ]
            ],
            [
              [
                -111.27499479041364,
                45.88227115458299
              ],
              [
                -111.27484877726785,
                45.889542585074366
              ],
              [
                -111.27492239409781,
                45.88590917453592
              ],
              [
                -111.27499479041364,
                45.88227115458299
              ]
            ]
          ]
        ]
      }
    },
    {
      "type": "Feature",
      "properties": {
        "category": "Floodplain",
        "description": "100-year floodplain and floodway within the Planning Jurisdictional Area. Development discouraged per Growth Policy. Includes FEMA-designated Special Flood Hazard Areas.",
        "density": "1 unit per 10 acres (development discouraged)",
        "primary_uses": "Floodplain management, open space, agriculture, riparian conservation",
        "approx_acres": 1679.4
      },
      "geometry": {
        "type": "MultiPolygon",
        "coordinates": [
          [
            [
              [
                -111.31374008258213,
                45.802463731892374
              ],
              [
                -111.31382752717315,
                45.801815161329706
              ],
              [
                -111.31485153615843,
                45.80181743719389
              ],
              [
                -111.31485677684758,
                45.80263857707853
              ],
              [
                -111.31350389642616,
                45.80414645887972
              ],
              [
                -111.31368564517295,
                45.80491189077164
              ],
              [
                -111.31446159763411,
                45.80549416528616
              ],
              [
                -111.31278560741089,
                45.8054935541462
              ],
              [
                -111.31204331482947,
                45.80465005321701
              ],
              [
                -111.31251247370894,
                45.80391654716565
              ],
              [
                -111.3132972023302,
                45.80337012265171
              ],
              [
                -111.31374008258213,
                45.802463731892374
              ]
            ]
          ],
          [
            [
              [
                -111.3107383639227,
                45.816669723809504
              ],
              [
                -111.31012856045992,
                45.81698968748841
              ],
              [
                -111.30999332630174,
                45.81743343094902
              ],
              [
                -111.31011420533534,
                45.81805154950397
              ],
              [
                -111.31071192981048,
                45.818402654476905
              ],
              [
                -111.31106366218243,
                45.81823353373397
              ],
              [
                -111.31080143158209,
                45.818450973548686
              ],
              [
                -111.31091540727984,
                45.818819334820205
              ],
              [
                -111.31016927213186,
                45.81947502797861
              ],
              [
                -111.31079672490026,
                45.81992708648214
              ],
              [
                -111.31080072599387,
                45.8201440547895
              ],
              [
                -111.30980742151009,
                45.82113030029995
              ],
              [
                -111.3100393725393,
                45.82130318498855
              ],
              [
                -111.30984334717732,
                45.82123156815152
              ],
              [
                -111.30869159059644,
                45.82239681718016
              ],
              [
                -111.30728576247073,
                45.82269285582533
              ],
              [
                -111.30795110277734,
                45.82314389408992
              ],
              [
                -111.3087071221727,
                45.82323253269586
              ],
              [
                -111.30884102188439,
                45.82336353011811
              ],
              [
                -111.30881803848183,
                45.82364317414509
              ],
              [
                -111.30799219243065,
                45.823779952064065
              ],
              [
                -111.30846685611886,
                45.82353280671424
              ],
              [
                -111.3087495595863,
                45.823597834577626
              ],
              [
                -111.30874626440595,
                45.823377649713
              ],
              [
                -111.30759529204155,
                45.823098868871014
              ],
              [
                -111.3072103803335,
                45.822887233588446
              ],
              [
                -111.3071706094387,
                45.822646888928844
              ],
              [
                -111.30824408179264,
                45.822436352324836
              ],
              [
                -111.30901406351225,
                45.82199166714954
              ],
              [
                -111.30949804789881,
                45.82128788936708
              ],
              [
                -111.31073130544588,
                45.82011236463545
              ],
              [
                -111.31007012199944,
                45.81943816068947
              ],
              [
                -111.3107958628987,
                45.818697358425
              ],
              [
                -111.3104954316828,
                45.81857522488611
              ],
              [
                -111.3104165972614,
                45.8188457706191
              ],
              [
                -111.30972615585617,
                45.81891119016624
              ],
              [
                -111.30977878894277,
                45.81858267699358
              ],
              [
                -111.31028246308065,
                45.8185195323662
              ],
              [
                -111.3104344034776,
                45.818316918061605
              ],
              [
                -111.30947820176421,
                45.817880861175205
              ],
              [
                -111.30982852098604,
                45.81764608520902
              ],
              [
                -111.31004384292494,
                45.8169418372791
              ],
              [
                -111.31059167920388,
                45.81666046836329
              ],
              [
                -111.31060179840654,
                45.81646758671815
              ],
              [
                -111.3107350484213,
                45.81646751686718
              ],
              [
                -111.3107383639227,
                45.816669723809504
              ]
            ]
          ],
          [
            [
              [
                -111.30501394152742,
                45.83569351620693
              ],
              [
                -111.30356983325566,
                45.837517673598725
              ],
              [
                -111.30353359337292,
                45.83796737868204
              ],
              [
                -111.3039741217983,
                45.8388629449098
              ],
              [
                -111.30351006155988,
                45.84002576181069
              ],
              [
                -111.30291884751027,
                45.83988135075931
              ],
              [
                -111.30013621322124,
                45.838410337955395
              ],
              [
                -111.29964752310063,
                45.83870904300878
              ],
              [
                -111.3029812090554,
                45.84061979946702
              ],
              [
                -111.30321700401092,
                45.84097537569799
              ],
              [
                -111.29950640586763,
                45.83903575276993
              ],
              [
                -111.29917263698849,
                45.83927790088455
              ],
              [
                -111.29954413628363,
                45.83923546482101
              ],
              [
                -111.30304882496063,
                45.841103078011095
              ],
              [
                -111.3034007145715,
                45.84133965733108
              ],
              [
                -111.30331223179122,
                45.84163138178909
              ],
              [
                -111.29917491192646,
                45.83946231726658
              ],
              [
                -111.29914533947267,
                45.83930072718
              ],
              [
                -111.29876466332298,
                45.839478633212956
              ],
              [
                -111.29852863276199,
                45.83982777637395
              ],
              [
                -111.29921664362584,
                45.84086383121444
              ],
              [
                -111.29949777805331,
                45.84066207997225
              ],
              [
                -111.29979460116945,
                45.84104393347905
              ],
              [
                -111.29993093158332,
                45.840907680313094
              ],
              [
                -111.29975208513795,
                45.840484566853085
              ],
              [
                -111.29984095948912,
                45.84008122026439
              ],
              [
                -111.29936921249346,
                45.83976588638172
              ],
              [
                -111.30331105574956,
                45.841864823165515
              ],
              [
                -111.30337427899784,
                45.84228197500432
              ],
              [
                -111.30383975135237,
                45.84261582242682
              ],
              [
                -111.30338988907417,
                45.84269983276141
              ],
              [
                -111.30357477567003,
                45.842797963931794
              ],
              [
                -111.30235061742376,
                45.84236763296164
              ],
              [
                -111.3021695746887,
                45.84211254139594
              ],
              [
                -111.3018976970388,
                45.842349435096196
              ],
              [
                -111.30196272497476,
                45.842547971058295
              ],
              [
                -111.30109084664848,
                45.842491884388764
              ],
              [
                -111.30085599344027,
                45.8426151953742
              ],
              [
                -111.30231139673529,
                45.842872325981006
              ],
              [
                -111.30303933418436,
                45.843314500371974
              ],
              [
                -111.30336227874847,
                45.84377095154774
              ],
              [
                -111.30363517669173,
                45.8438343331529
              ],
              [
                -111.3034026756376,
                45.84385833555412
              ],
              [
                -111.30340989202854,
                45.844331495569286
              ],
              [
                -111.30312577691114,
                45.84518941007262
              ],
              [
                -111.30278386564913,
                45.8455589400967
              ],
              [
                -111.30171846356322,
                45.845569256584895
              ],
              [
                -111.30093294510927,
                45.8452400828418
              ],
              [
                -111.3006409075516,
                45.84492223829885
              ],
              [
                -111.3004755519189,
                45.84381495814605
              ],
              [
                -111.30105099867039,
                45.8432244500544
              ],
              [
                -111.30103970269396,
                45.842994223926716
              ],
              [
                -111.30051587129417,
                45.84264006086012
              ],
              [
                -111.29908713687459,
                45.842374850877334
              ],
              [
                -111.29906846745745,
                45.842247461593665
              ],
              [
                -111.2983191942064,
                45.84224903065256
              ],
              [
                -111.2990941191047,
                45.84425297583298
              ],
              [
                -111.2998822990188,
                45.845283932106554
              ],
              [
                -111.30054583583791,
                45.84538433682448
              ],
              [
                -111.30080401230448,
                45.845578111387915
              ],
              [
                -111.29118962793012,
                45.84567047361754
              ],
              [
                -111.29098373697627,
                45.84509457516503
              ],
              [
                -111.29163958593776,
                45.84480347798708
              ],
              [
                -111.29067185256024,
                45.84441597723294
              ],
              [
                -111.2905190420586,
                45.844198086194474
              ],
              [
                -111.2905172926661,
                45.84363386582304
              ],
              [
                -111.29077288586473,
                45.84373589016357
              ],
              [
                -111.29105237284887,
                45.84418630113103
              ],
              [
                -111.29186824302343,
                45.844377776574674
              ],
              [
                -111.29165135186909,
                45.84390336191229
              ],
              [
                -111.29193523133911,
                45.84353186262657
              ],
              [
                -111.2913862200576,
                45.84264202229993
              ],
              [
                -111.29236085532388,
                45.84256538537569
              ],
              [
                -111.29293457599515,
                45.842333983106435
              ],
              [
                -111.29328505378278,
                45.84259417321364
              ],
              [
                -111.29295873691025,
                45.84265802504785
              ],
              [
                -111.29281565909723,
                45.84298920472351
              ],
              [
                -111.29302627426712,
                45.843307755188
              ],
              [
                -111.29299725201068,
                45.84384460984932
              ],
              [
                -111.29343511260346,
                45.84459380438964
              ],
              [
                -111.29365529749296,
                45.84458478334046
              ],
              [
                -111.29377727387273,
                45.84437110884912
              ],
              [
                -111.29431499043096,
                45.84473695943737
              ],
              [
                -111.29455917899656,
                45.8446462815763
              ],
              [
                -111.29470123645189,
                45.843680587536596
              ],
              [
                -111.29506465632925,
                45.84341318106329
              ],
              [
                -111.2950011187857,
                45.84313267396989
              ],
              [
                -111.2946990400016,
                45.84301501165518
              ],
              [
                -111.2948040730341,
                45.842261188678975
              ],
              [
                -111.29366306331963,
                45.84180316859172
              ],
              [
                -111.29392639138274,
                45.84136013103287
              ],
              [
                -111.29396341575617,
                45.84089183513951
              ],
              [
                -111.29378715724995,
                45.840596895458866
              ],
              [
                -111.29254793770787,
                45.83989123583826
              ],
              [
                -111.2919982191763,
                45.83886365195044
              ],
              [
                -111.29133115272082,
                45.83841567308248
              ],
              [
                -111.29125702512977,
                45.83798275408992
              ],
              [
                -111.29170406363805,
                45.83730494058056
              ],
              [
                -111.29139139614368,
                45.83717802280689
              ],
              [
                -111.29003992723133,
                45.8370288275911
              ],
              [
                -111.29059835246997,
                45.83805217468551
              ],
              [
                -111.29014715700846,
                45.83846909214124
              ],
              [
                -111.28883075073387,
                45.83865609656148
              ],
              [
                -111.28850176739077,
                45.838846081704816
              ],
              [
                -111.28840300890933,
                45.83911403821588
              ],
              [
                -111.28857667949268,
                45.83936489429939
              ],
              [
                -111.28973777042364,
                45.83980267600599
              ],
              [
                -111.29047127663505,
                45.84040832248614
              ],
              [
                -111.29015455426838,
                45.842066216404376
              ],
              [
                -111.2898670576941,
                45.842067950025246
              ],
              [
                -111.28988469120698,
                45.841490580095034
              ],
              [
                -111.28961202898093,
                45.841302791330115
              ],
              [
                -111.28990814601312,
                45.84080209933794
              ],
              [
                -111.28813599429266,
                45.84047444941156
              ],
              [
                -111.28749355887847,
                45.840109382017665
              ],
              [
                -111.28720708991607,
                45.83908760388609
              ],
              [
                -111.28645020739863,
                45.838753835071316
              ],
              [
                -111.28571889762455,
                45.838746383100045
              ],
              [
                -111.28620311678249,
                45.83980769631562
              ],
              [
                -111.28653406204938,
                45.839790438721714
              ],
              [
                -111.28627214577068,
                45.840008035697245
              ],
              [
                -111.28618774272265,
                45.840819121509575
              ],
              [
                -111.28539153033073,
                45.84209493771246
              ],
              [
                -111.28566329096263,
                45.83995327103285
              ],
              [
                -111.28536985347435,
                45.842095068425145
              ],
              [
                -111.28329309041473,
                45.84210759142575
              ],
              [
                -111.28434856573699,
                45.843580554078734
              ],
              [
                -111.28462805382968,
                45.84458260862463
              ],
              [
                -111.28598487794252,
                45.845729081735406
              ],
              [
                -111.28666202396946,
                45.84748557225289
              ],
              [
                -111.28448245212628,
                45.84877310330355
              ],
              [
                -111.2845819807127,
                45.849376356422724
              ],
              [
                -111.28552607368582,
                45.849378731129406
              ],
              [
                -111.28563080500405,
                45.85301868286247
              ],
              [
                -111.29072481354642,
                45.85296830744478
              ],
              [
                -111.29093248423698,
                45.86025983485051
              ],
              [
                -111.30398869384298,
                45.86019545831647
              ],
              [
                -111.30343865888634,
                45.85799193940508
              ],
              [
                -111.30348812190164,
                45.8528621157156
              ],
              [
                -111.30091305638986,
                45.852889325185025
              ],
              [
                -111.30488220204903,
                45.852847340339444
              ],
              [
                -111.305378540952,
                45.85338623353798
              ],
              [
                -111.30579883083976,
                45.853469380716035
              ],
              [
                -111.30607580717594,
                45.85389727971227
              ],
              [
                -111.3058626829465,
                45.85500252073961
              ],
              [
                -111.30639192721988,
                45.855324757903894
              ],
              [
                -111.30659760099275,
                45.85564417144339
              ],
              [
                -111.30673479579107,
                45.85550854692044
              ],
              [
                -111.3063597670177,
                45.856024221580554
              ],
              [
                -111.30596293082,
                45.85625734867266
              ],
              [
                -111.3052881766581,
                45.856202675121956
              ],
              [
                -111.30491589288206,
                45.85631445444847
              ],
              [
                -111.30571411388657,
                45.856438784262274
              ],
              [
                -111.30585366226755,
                45.856820559203456
              ],
              [
                -111.30619692234323,
                45.85654907310029
              ],
              [
                -111.30651876802649,
                45.85666846156227
              ],
              [
                -111.30724497947054,
                45.85785849728755
              ],
              [
                -111.30752054392745,
                45.858019380127466
              ],
              [
                -111.3087727071413,
                45.85960946855562
              ],
              [
                -111.30884424551121,
                45.86005697730693
              ],
              [
                -111.30746500763689,
                45.86011831859694
              ],
              [
                -111.30721681934006,
                45.860266023555205
              ],
              [
                -111.30785277595655,
                45.860330199053706
              ],
              [
                -111.29602791386843,
                45.860399532192446
              ],
              [
                -111.29606767251003,
                45.86339610230209
              ],
              [
                -111.2960256331466,
                45.86317603164607
              ],
              [
                -111.29572215673277,
                45.86321228756142
              ],
              [
                -111.29318767708804,
                45.862218510713426
              ],
              [
                -111.2915369881337,
                45.86197573650148
              ],
              [
                -111.29109708723192,
                45.86206727745556
              ],
              [
                -111.29129138780559,
                45.86240489021386
              ],
              [
                -111.29167802561673,
                45.862375553499476
              ],
              [
                -111.29176407641755,
                45.86251886578259
              ],
              [
                -111.29115544910752,
                45.86318138232505
              ],
              [
                -111.29128071942834,
                45.86355209707802
              ],
              [
                -111.29143564199856,
                45.86359484741357
              ],
              [
                -111.29095338381991,
                45.864600468180065
              ],
              [
                -111.29117192129229,
                45.86537852924633
              ],
              [
                -111.29214796973771,
                45.86551768454321
              ],
              [
                -111.29233889658161,
                45.865796072573396
              ],
              [
                -111.29234917234241,
                45.86612937128571
              ],
              [
                -111.2928447658641,
                45.86641764339038
              ],
              [
                -111.29289802774399,
                45.86686821153979
              ],
              [
                -111.2934697878734,
                45.866839423561046
              ],
              [
                -111.29393478875072,
                45.86719931252398
              ],
              [
                -111.29436880663475,
                45.86728708939521
              ],
              [
                -111.2945321215754,
                45.86724724126537
              ],
              [
                -111.29416438749779,
                45.86680702742124
              ],
              [
                -111.29466445217275,
                45.8667260751687
              ],
              [
                -111.29492801610007,
                45.8669212373941
              ],
              [
                -111.29480941214345,
                45.867209666717294
              ],
              [
                -111.29616525371908,
                45.86788651917356
              ],
              [
                -111.29501053609835,
                45.86746154303356
              ],
              [
                -111.29490181615444,
                45.86727548040245
              ],
              [
                -111.29413073553987,
                45.86730960138894
              ],
              [
                -111.29386309330863,
                45.867211079943736
              ],
              [
                -111.29344476526401,
                45.86688233107431
              ],
              [
                -111.2928759073689,
                45.866902412345894
              ],
              [
                -111.29279958346143,
                45.86649961452578
              ],
              [
                -111.29229747956205,
                45.86625377975998
              ],
              [
                -111.29223668705008,
                45.865747753502816
              ],
              [
                -111.29203117046134,
                45.86554929613436
              ],
              [
                -111.29099809492433,
                45.865472815250214
              ],
              [
                -111.29058078579874,
                45.8651086907999
              ],
              [
                -111.28949507715295,
                45.86524478689448
              ],
              [
                -111.2891202838884,
                45.86455591327303
              ],
              [
                -111.28848561352447,
                45.86417798226907
              ],
              [
                -111.28857472233025,
                45.863895436000284
              ],
              [
                -111.28953594517026,
                45.86349601180045
              ],
              [
                -111.2883805800919,
                45.86285694905044
              ],
              [
                -111.28816314023099,
                45.8626245266203
              ],
              [
                -111.28806210668263,
                45.86203958863214
              ],
              [
                -111.28764707243889,
                45.86156839054567
              ],
              [
                -111.28787023934099,
                45.860971136360945
              ],
              [
                -111.28870415016048,
                45.86062026699454
              ],
              [
                -111.29069637650292,
                45.860427132916
              ],
              [
                -111.29064051523895,
                45.860262623733924
              ],
              [
                -111.29080378027022,
                45.86026110713042
              ],
              [
                -111.29003975225018,
                45.85871122171831
              ],
              [
                -111.28815052596708,
                45.85777110017
              ],
              [
                -111.28835339070021,
                45.86006946817581
              ],
              [
                -111.28712371097116,
                45.859967241859266
              ],
              [
                -111.28835349670058,
                45.860070325363516
              ],
              [
                -111.28836906006038,
                45.86019618077581
              ],
              [
                -111.28625434333546,
                45.86015487488058
              ],
              [
                -111.28598709266505,
                45.859892958616356
              ],
              [
                -111.28642173782876,
                45.85970179606694
              ],
              [
                -111.28667337848549,
                45.8598711511846
              ],
              [
                -111.28686038273284,
                45.8595012994768
              ],
              [
                -111.28638643941687,
                45.859195691226965
              ],
              [
                -111.28613636779718,
                45.859277506530574
              ],
              [
                -111.28572447022323,
                45.85881823170788
              ],
              [
                -111.28580110823506,
                45.85809476564765
              ],
              [
                -111.2851831452127,
                45.85688433437255
              ],
              [
                -111.28507034686663,
                45.85628535537996
              ],
              [
                -111.28513215804317,
                45.85543700936938
              ],
              [
                -111.28536191395236,
                45.85505099891055
              ],
              [
                -111.28505097123164,
                45.85458160554382
              ],
              [
                -111.28547204552379,
                45.85419834014188
              ],
              [
                -111.28507583660412,
                45.8541437451453
              ],
              [
                -111.2848824004123,
                45.85379264013442
              ],
              [
                -111.28414144216545,
                45.85321633033302
              ],
              [
                -111.2839889515966,
                45.85285275461079
              ],
              [
                -111.28392541396536,
                45.8521173652996
              ],
              [
                -111.28527374516338,
                45.853629560909866
              ],
              [
                -111.28386093480206,
                45.85202041151396
              ],
              [
                -111.28404825334766,
                45.85152921073316
              ],
              [
                -111.28385983598544,
                45.85201648904308
              ],
              [
                -111.28374939102045,
                45.85088928482786
              ],
              [
                -111.28348943520155,
                45.85047864339266
              ],
              [
                -111.2835833294606,
                45.84971352579643
              ],
              [
                -111.28317911964973,
                45.84915494369873
              ],
              [
                -111.28307753867516,
                45.848658880128795
              ],
              [
                -111.28319182707276,
                45.84740687452104
              ],
              [
                -111.28292481200151,
                45.84640768693936
              ],
              [
                -111.28209929338783,
                45.84582172878394
              ],
              [
                -111.28197315993887,
                45.84517278183383
              ],
              [
                -111.28165790317026,
                45.84478559533985
              ],
              [
                -111.28178615547846,
                45.8444370795224
              ],
              [
                -111.28135762899926,
                45.84406252090729
              ],
              [
                -111.2812856191326,
                45.84353955140986
              ],
              [
                -111.28079135884691,
                45.843191428552984
              ],
              [
                -111.27905458525998,
                45.84249706360015
              ],
              [
                -111.27912949723583,
                45.84236128192228
              ],
              [
                -111.2786790860615,
                45.84170307954273
              ],
              [
                -111.27853561644226,
                45.840923841073135
              ],
              [
                -111.27816184218214,
                45.84064207934209
              ],
              [
                -111.27813454459236,
                45.84028062134949
              ],
              [
                -111.27753132863018,
                45.83979075389025
              ],
              [
                -111.27620943204134,
                45.83912737445477
              ],
              [
                -111.27614401248287,
                45.83877195536852
              ],
              [
                -111.27561476687987,
                45.838345939705825
              ],
              [
                -111.27520443957013,
                45.837708916046545
              ],
              [
                -111.27503688889877,
                45.83646459824647
              ],
              [
                -111.27563986739177,
                45.83478155821277
              ],
              [
                -111.27494048343976,
                45.83434079564666
              ],
              [
                -111.27425027620586,
                45.83305537380473
              ],
              [
                -111.27291135778113,
                45.83232775097507
              ],
              [
                -111.27272113684066,
                45.83199406068736
              ],
              [
                -111.27285507751522,
                45.83206864484876
              ],
              [
                -111.2717088495802,
                45.83104735046802
              ],
              [
                -111.27153455161411,
                45.83054046114681
              ],
              [
                -111.27094106387574,
                45.8298978687746
              ],
              [
                -111.27094396605384,
                45.82959712329613
              ],
              [
                -111.26993622734392,
                45.828937351980514
              ],
              [
                -111.26948589464615,
                45.82773876668278
              ],
              [
                -111.26964277759559,
                45.82673291020553
              ],
              [
                -111.27037024316665,
                45.82511842761912
              ],
              [
                -111.27069506958331,
                45.824806466069724
              ],
              [
                -111.27121617056292,
                45.82469227549063
              ],
              [
                -111.27098640108386,
                45.82438044902015
              ],
              [
                -111.27126031916669,
                45.82394486350036
              ],
              [
                -111.27010981689034,
                45.823226653273665
              ],
              [
                -111.27096310444567,
                45.82349719891903
              ],
              [
                -111.27171198481932,
                45.823623017836
              ],
              [
                -111.2717998403035,
                45.823525202271114
              ],
              [
                -111.27151250839802,
                45.82318633485465
              ],
              [
                -111.2697653019071,
                45.82224848857205
              ],
              [
                -111.26935717095564,
                45.82179901796192
              ],
              [
                -111.26926170747292,
                45.82134319409808
              ],
              [
                -111.26989261222427,
                45.82015260949181
              ],
              [
                -111.27065051344204,
                45.81931422609911
              ],
              [
                -111.27050712236667,
                45.8183436692698
              ],
              [
                -111.2709092913809,
                45.81720979746028
              ],
              [
                -111.27090133345159,
                45.81651916871083
              ],
              [
                -111.2745920776095,
                45.81654611335497
              ],
              [
                -111.27450308976698,
                45.81668212196272
              ],
              [
                -111.27485317470425,
                45.81721120891719
              ],
              [
                -111.27518843404934,
                45.81726862888443
              ],
              [
                -111.27547223506623,
                45.81755878300943
              ],
              [
                -111.27537583016583,
                45.81833770718008
              ],
              [
                -111.27604399535475,
                45.81835739674299
              ],
              [
                -111.2761517736591,
                45.818624647320924
              ],
              [
                -111.27542493521639,
                45.81917287393966
              ],
              [
                -111.27491726146971,
                45.81993030510332
              ],
              [
                -111.27489059131945,
                45.82011982004557
              ],
              [
                -111.2756720263059,
                45.82057909483364
              ],
              [
                -111.27578764961332,
                45.82115901284345
              ],
              [
                -111.27566598628462,
                45.821576793342786
              ],
              [
                -111.27513415291551,
                45.821921150986036
              ],
              [
                -111.27484148822803,
                45.822661874629446
              ],
              [
                -111.27570701207337,
                45.822997525434374
              ],
              [
                -111.27650531045273,
                45.82366317982139
              ],
              [
                -111.2766541143524,
                45.82434546449874
              ],
              [
                -111.27721057895852,
                45.825101169413195
              ],
              [
                -111.2766674496998,
                45.82566610482442
              ],
              [
                -111.28500390206862,
                45.82995206958404
              ],
              [
                -111.28287421460738,
                45.82872061688758
              ],
              [
                -111.28407593818189,
                45.829314654381136
              ],
              [
                -111.28433118691147,
                45.82908411521645
              ],
              [
                -111.28423838994804,
                45.82875607223006
              ],
              [
                -111.28438374272432,
                45.828740070630175
              ],
              [
                -111.28364247014517,
                45.82810673373185
              ],
              [
                -111.2834545241767,
                45.82813418842722
              ],
              [
                -111.28341318569254,
                45.8283590802613
              ],
              [
                -111.28384202516665,
                45.82864601912507
              ],
              [
                -111.28346417265932,
                45.828755759291035
              ],
              [
                -111.28292457414626,
                45.828626486746394
              ],
              [
                -111.28283091344707,
                45.82486247179014
              ],
              [
                -111.28194326910757,
                45.82394211742104
              ],
              [
                -111.28212533191592,
                45.82335466876278
              ],
              [
                -111.28159647925527,
                45.82313777777544
              ],
              [
                -111.28097326079852,
                45.823403067841404
              ],
              [
                -111.28050355300891,
                45.82332015509943
              ],
              [
                -111.27995909029032,
                45.8227803209856
              ],
              [
                -111.27993602949071,
                45.8224034874301
              ],
              [
                -111.28011699354057,
                45.82211419502638
              ],
              [
                -111.27822819967052,
                45.82164134950955
              ],
              [
                -111.27784634732237,
                45.82123839586696
              ],
              [
                -111.27766906839813,
                45.819993607895064
              ],
              [
                -111.27831770099557,
                45.81936764432574
              ],
              [
                -111.27784548376677,
                45.81873760253965
              ],
              [
                -111.27790729504399,
                45.81841026545252
              ],
              [
                -111.27815556322254,
                45.81821871132832
              ],
              [
                -111.27794988942966,
                45.81779442178435
              ],
              [
                -111.27815375837767,
                45.81762020249784
              ],
              [
                -111.27783371740004,
                45.81737499504826
              ],
              [
                -111.27791961090033,
                45.81679178188191
              ],
              [
                -111.27779791640485,
                45.81656951789935
              ],
              [
                -111.2780385279238,
                45.81678825230166
              ],
              [
                -111.27878497754511,
                45.81692089723514
              ],
              [
                -111.27877234846991,
                45.81746308488403
              ],
              [
                -111.27903606824779,
                45.81765605078764
              ],
              [
                -111.27904579524463,
                45.81793389008199
              ],
              [
                -111.27973200120866,
                45.81808700783145
              ],
              [
                -111.27998285743904,
                45.81861029163362
              ],
              [
                -111.28023630277664,
                45.81852573125486
              ],
              [
                -111.28061195903543,
                45.81879847326698
              ],
              [
                -111.28103358235498,
                45.81984072550599
              ],
              [
                -111.28074381994446,
                45.82079441640547
              ],
              [
                -111.2812830269021,
                45.82111539890208
              ],
              [
                -111.28139347170601,
                45.82140743766294
              ],
              [
                -111.28036808539693,
                45.82203818550363
              ],
              [
                -111.2800863223919,
                45.82258131483279
              ],
              [
                -111.28021739849912,
                45.82297814970608
              ],
              [
                -111.2807173060943,
                45.823318037337934
              ],
              [
                -111.28143528202976,
                45.82303996223398
              ],
              [
                -111.28222087385078,
                45.82314350491733
              ],
              [
                -111.28239972024036,
                45.82327748315145
              ],
              [
                -111.2822863720158,
                45.82363517584706
              ],
              [
                -111.28244976559763,
                45.82391089738548
              ],
              [
                -111.28302819329812,
                45.82400902851895
              ],
              [
                -111.28308192654633,
                45.82386783265437
              ],
              [
                -111.28289837319245,
                45.82374146362159
              ],
              [
                -111.28324037865445,
                45.823746562146894
              ],
              [
                -111.28335498167789,
                45.824074212229284
              ],
              [
                -111.28398682831529,
                45.82408488076712
              ],
              [
                -111.28440374442953,
                45.8238812462022
              ],
              [
                -111.28459012144312,
                45.824029186860784
              ],
              [
                -111.2847829301964,
                45.82383473050621
              ],
              [
                -111.28479155967412,
                45.824045032576976
              ],
              [
                -111.28504610254379,
                45.82409515636286
              ],
              [
                -111.28504618023712,
                45.826291910384114
              ],
              [
                -111.28464071729404,
                45.82690226393659
              ],
              [
                -111.28504610321293,
                45.827573018227696
              ],
              [
                -111.28509528565692,
                45.82904520737542
              ],
              [
                -111.28523820634649,
                45.82890769954196
              ],
              [
                -111.28526299304569,
                45.827986090420275
              ],
              [
                -111.28521906704074,
                45.83025650177182
              ],
              [
                -111.28546741621366,
                45.83046258676702
              ],
              [
                -111.27260739535552,
                45.82368098650363
              ],
              [
                -111.27261421996108,
                45.82315111371173
              ],
              [
                -111.27283173830193,
                45.822862135626124
              ],
              [
                -111.27300179937772,
                45.82286378317894
              ],
              [
                -111.27301285972463,
                45.823675260574646
              ],
              [
                -111.27324292876355,
                45.82390117130887
              ],
              [
                -111.27398914267711,
                45.82420740686663
              ],
              [
                -111.2742388213644,
                45.82396706217979
              ],
              [
                -111.27424603905173,
                45.82437205632828
              ],
              [
                -111.27658618446603,
                45.82563104226315
              ],
              [
                -111.27708664197121,
                45.82517694449248
              ],
              [
                -111.27656955530558,
                45.82438986242565
              ],
              [
                -111.27652445137153,
                45.82389089530501
              ],
              [
                -111.2762891265873,
                45.82352778976314
              ],
              [
                -111.27587197463198,
                45.82321190581253
              ],
              [
                -111.27471582509929,
                45.82277867390979
              ],
              [
                -111.2750764984306,
                45.82167288411535
              ],
              [
                -111.27561923485563,
                45.821462817733924
              ],
              [
                -111.27571540409976,
                45.82112567512086
              ],
              [
                -111.27552487009345,
                45.820511479043425
              ],
              [
                -111.2747660269971,
                45.820187437171036
              ],
              [
                -111.27479010791639,
                45.81996207385625
              ],
              [
                -111.27522098766626,
                45.81923398068749
              ],
              [
                -111.27601254096898,
                45.818551617341235
              ],
              [
                -111.27530193841575,
                45.818423052036145
              ],
              [
                -111.27518231531988,
                45.81760224061027
              ],
              [
                -111.27464255958893,
                45.817176146368126
              ],
              [
                -111.27436079768763,
                45.816648548505555
              ],
              [
                -111.27385155493914,
                45.81733750079072
              ],
              [
                -111.2746768377902,
                45.81781332591391
              ],
              [
                -111.27430557429706,
                45.818172274610326
              ],
              [
                -111.274429591211,
                45.818286641804235
              ],
              [
                -111.27436848452002,
                45.818520397507854
              ],
              [
                -111.27376832825654,
                45.81959967430215
              ],
              [
                -111.27298548294321,
                45.82013503862639
              ],
              [
                -111.27306235568682,
                45.82097091129717
              ],
              [
                -111.27277031847065,
                45.82242843213814
              ],
              [
                -111.2718696208129,
                45.82538270294285
              ],
              [
                -111.27441406140638,
                45.8266619988153
              ],
              [
                -111.27444802651846,
                45.826897087757246
              ],
              [
                -111.27465581798485,
                45.82696674401249
              ],
              [
                -111.27474586847349,
                45.826827432764134
              ],
              [
                -111.27511383824778,
                45.827037654911024
              ],
              [
                -111.2750932855858,
                45.827249761714086
              ],
              [
                -111.27544697856118,
                45.82719728438847
              ],
              [
                -111.27627469347472,
                45.82766879544806
              ],
              [
                -111.27638333484718,
                45.827901688061196
              ],
              [
                -111.27663552421033,
                45.82782881651516
              ],
              [
                -111.2775342299655,
                45.82830793676897
              ],
              [
                -111.27737546351119,
                45.8283015049792
              ],
              [
                -111.27749869593036,
                45.828413440110175
              ],
              [
                -111.2779935049272,
                45.828543810165144
              ],
              [
                -111.27806245402628,
                45.82874948384543
              ],
              [
                -111.27770962412569,
                45.82880235407295
              ],
              [
                -111.27766216815826,
                45.82903038257471
              ],
              [
                -111.2779986823045,
                45.8297850685841
              ],
              [
                -111.27847270413795,
                45.82976451714885
              ],
              [
                -111.27842618844849,
                45.82964199199378
              ],
              [
                -111.27870504801734,
                45.829667799076454
              ],
              [
                -111.27865084453931,
                45.82951224920461
              ],
              [
                -111.27877274237078,
                45.82946487045818
              ],
              [
                -111.27894641163834,
                45.82968411496152
              ],
              [
                -111.27943031755564,
                45.82955758870516
              ],
              [
                -111.27978040242841,
                45.8297511033537
              ],
              [
                -111.2795288403387,
                45.82951193480048
              ],
              [
                -111.27979758136392,
                45.82949703200472
              ],
              [
                -111.28077535473115,
                45.83006322193971
              ],
              [
                -111.28111579136855,
                45.83091988171752
              ],
              [
                -111.28141316319717,
                45.83109112014086
              ],
              [
                -111.28176513003967,
                45.83112469226863
              ],
              [
                -111.28201065180664,
                45.830794532818686
              ],
              [
                -111.28437236883018,
                45.83195272106904
              ],
              [
                -111.28359854326712,
                45.83264512436772
              ],
              [
                -111.28355030280031,
                45.83284663984684
              ],
              [
                -111.28391403574273,
                45.832855190668504
              ],
              [
                -111.2849844486379,
                45.83232241554093
              ],
              [
                -111.28508367740416,
                45.83263680911339
              ],
              [
                -111.28572124994713,
                45.83271980041995
              ],
              [
                -111.28647742655996,
                45.83310196689544
              ],
              [
                -111.28669470928762,
                45.83347817309923
              ],
              [
                -111.28666835219727,
                45.83391666083132
              ],
              [
                -111.28699890596894,
                45.8344038605121
              ],
              [
                -111.28813230640715,
                45.83447500708823
              ],
              [
                -111.28913784880741,
                45.83519941470169
              ],
              [
                -111.28965352360807,
                45.8357928249263
              ],
              [
                -111.29083744078841,
                45.83599081072045
              ],
              [
                -111.29144089245317,
                45.83628049464268
              ],
              [
                -111.29159691265697,
                45.83698474253759
              ],
              [
                -111.29203069355519,
                45.837410758209245
              ],
              [
                -111.29171653585534,
                45.83833628982918
              ],
              [
                -111.29222075752921,
                45.838753363046095
              ],
              [
                -111.29315272261667,
                45.84016327060528
              ],
              [
                -111.29378660844273,
                45.8403159967673
              ],
              [
                -111.2940287566599,
                45.840861400949315
              ],
              [
                -111.29457518111286,
                45.84058952192506
              ],
              [
                -111.29498770464578,
                45.84071275426916
              ],
              [
                -111.2952800564389,
                45.84058356022664
              ],
              [
                -111.29541764277927,
                45.840186725328124
              ],
              [
                -111.29535873226521,
                45.839666500904414
              ],
              [
                -111.2958062410116,
                45.83932841791303
              ],
              [
                -111.29544878398687,
                45.83912933322542
              ],
              [
                -111.29539426615763,
                45.83881995962586
              ],
              [
                -111.29554871851167,
                45.838636877785966
              ],
              [
                -111.29536830179202,
                45.83833801563474
              ],
              [
                -111.2953037452986,
                45.837932315577866
              ],
              [
                -111.29531676598086,
                45.837467627836155
              ],
              [
                -111.29578616066337,
                45.83705667332043
              ],
              [
                -111.29438582247994,
                45.83627249357249
              ],
              [
                -111.29550306423188,
                45.83666925108227
              ],
              [
                -111.29581949708322,
                45.8370367492601
              ],
              [
                -111.29638906078229,
                45.83644584957676
              ],
              [
                -111.28636628149961,
                45.83095465537492
              ],
              [
                -111.29558156783024,
                45.83577684441364
              ],
              [
                -111.29557022264859,
                45.83418360935748
              ],
              [
                -111.29557581467664,
                45.834772244062975
              ],
              [
                -111.30305576886099,
                45.834823507289734
              ],
              [
                -111.30340589052533,
                45.83518882334252
              ],
              [
                -111.30322092544664,
                45.83559734707814
              ],
              [
                -111.30349037238878,
                45.835598288707764
              ],
              [
                -111.30390328743391,
                45.8353058583054
              ],
              [
                -111.30411157424591,
                45.83483074316171
              ],
              [
                -111.30517937284672,
                45.83483806122817
              ],
              [
                -111.30501394152742,
                45.83569351620693
              ]
            ],
            [
              [
                -111.27284762250194,
                45.820547541766715
              ],
              [
                -111.27284930843663,
                45.82056379942657
              ],
              [
                -111.27306235568682,
                45.82097091129717
              ],
              [
                -111.27284762250194,
                45.820547541766715
              ]
            ],
            [
              [
                -111.28713738144666,
                45.857989925087615
              ],
              [
                -111.28714363463827,
                45.85793199934544
              ],
              [
                -111.28668373712989,
                45.856947478895854
              ],
              [
                -111.28713738144666,
                45.857989925087615
              ]
            ],
            [
              [
                -111.28658691452974,
                45.85672498663245
              ],
              [
                -111.28619919853284,
                45.854921178793035
              ],
              [
                -111.2865747765012,
                45.85669709420405
              ],
              [
                -111.28658691452974,
                45.85672498663245
              ]
            ],
            [
              [
                -111.27680333766054,
                45.83416977444661
              ],
              [
                -111.27680394024284,
                45.83414931864135
              ],
              [
                -111.27675188717681,
                45.83398896325547
              ],
              [
                -111.27680333766054,
                45.83416977444661
              ]
            ],
            [
              [
                -111.27670070974827,
                45.833831305370325
              ],
              [
                -111.27669694511107,
                45.83381970797759
              ],
              [
                -111.27652813998561,
                45.83368110135771
              ],
              [
                -111.27670070974827,
                45.833831305370325
              ]
            ],
            [
              [
                -111.27413879995531,
                45.83278347894963
              ],
              [
                -111.27416728478019,
                45.83279934057481
              ],
              [
                -111.27652813998561,
                45.83368110135771
              ],
              [
                -111.27413879995531,
                45.83278347894963
              ]
            ],
            [
              [
                -111.26977238394329,
                45.822089311871856
              ],
              [
                -111.26976471426516,
                45.8220655329684
              ],
              [
                -111.26976577204806,
                45.822083368913546
              ],
              [
                -111.26977238394329,
                45.822089311871856
              ]
            ],
            [
              [
                -111.2697520951653,
                45.82185275436033
              ],
              [
                -111.26977320091633,
                45.821811426576076
              ],
              [
                -111.26975000615,
                45.82181753015466
              ],
              [
                -111.2697520951653,
                45.82185275436033
              ]
            ],
            [
              [
                -111.271070290528,
                45.82145831287844
              ],
              [
                -111.27109872857832,
                45.821450737733954
              ],
              [
                -111.27119255650636,
                45.821387483353604
              ],
              [
                -111.271070290528,
                45.82145831287844
              ]
            ],
            [
              [
                -111.271319941715,
                45.82130160623143
              ],
              [
                -111.27134668243997,
                45.82128357889114
              ],
              [
                -111.27142834053751,
                45.82111963662114
              ],
              [
                -111.271319941715,
                45.82130160623143
              ]
            ],
            [
              [
                -111.27153056738136,
                45.819424928282785
              ],
              [
                -111.27154239441234,
                45.81939094273787
              ],
              [
                -111.27155695948724,
                45.81923161157113
              ],
              [
                -111.27153056738136,
                45.819424928282785
              ]
            ],
            [
              [
                -111.27157560807434,
                45.81902760979539
              ],
              [
                -111.271578477145,
                45.818996224280575
              ],
              [
                -111.27128146361977,
                45.818295675363096
              ],
              [
                -111.27157560807434,
                45.81902760979539
              ]
            ],
            [
              [
                -111.27112383515029,
                45.81790344051886
              ],
              [
                -111.27112056463177,
                45.81745321443309
              ],
              [
                -111.27111457362882,
                45.81788039460945
              ],
              [
                -111.27112383515029,
                45.81790344051886
              ]
            ],
            [
              [
                -111.27111565302779,
                45.81677707325564
              ],
              [
                -111.27111496499079,
                45.81668235671269
              ],
              [
                -111.27109005730716,
                45.81659961143551
              ],
              [
                -111.27111565302779,
                45.81677707325564
              ]
            ],
            [
              [
                -111.29103710383961,
                45.86092991009348
              ],
              [
                -111.29105465098229,
                45.86094744669369
              ],
              [
                -111.29260124609819,
                45.86186905820122
              ],
              [
                -111.29215981365914,
                45.86155889891968
              ],
              [
                -111.29103710383961,
                45.86092991009348
              ]
            ],
            [
              [
                -111.29091646429876,
                45.86080934303387
              ],
              [
                -111.2907870290381,
                45.86066647750469
              ],
              [
                -111.290792891772,
                45.860685844750506
              ],
              [
                -111.29091646429876,
                45.86080934303387
              ]
            ],
            [
              [
                -111.28566595030257,
                45.83952209070936
              ],
              [
                -111.28566136706625,
                45.83950780969445
              ],
              [
                -111.28566429528786,
                45.83979043165019
              ],
              [
                -111.28566595030257,
                45.83952209070936
              ]
            ],
            [
              [
                -111.28559242517863,
                45.83930507677376
              ],
              [
                -111.28561923819342,
                45.83937653933906
              ],
              [
                -111.28555753673794,
                45.83921209142724
              ],
              [
                -111.28559242517863,
                45.83930507677376
              ]
            ],
            [
              [
                -111.28092797231045,
                45.83735002163599
              ],
              [
                -111.28093396542796,
                45.837359772368785
              ],
              [
                -111.28135786351359,
                45.837692129387264
              ],
              [
                -111.28092797231045,
                45.83735002163599
              ]
            ],
            [
              [
                -111.28057689803805,
                45.833795861084376
              ],
              [
                -111.28056649688361,
                45.83375840413132
              ],
              [
                -111.28054709147474,
                45.83530688073801
              ],
              [
                -111.28057689803805,
                45.833795861084376
              ]
            ],
            [
              [
                -111.28046221641779,
                45.83338286615286
              ],
              [
                -111.28044494961995,
                45.83335195417175
              ],
              [
                -111.2805144189315,
                45.83357085942959
              ],
              [
                -111.28046221641779,
                45.83338286615286
              ]
            ],
            [
              [
                -111.28029162843114,
                45.83308125962012
              ],
              [
                -111.2803274966461,
                45.83314168333042
              ],
              [
                -111.2801972349737,
                45.832922244098086
              ],
              [
                -111.28029162843114,
                45.83308125962012
              ]
            ],
            [
              [
                -111.27991069451764,
                45.832622219841355
              ],
              [
                -111.27988691015076,
                45.832608130576276
              ],
              [
                -111.28000840472575,
                45.83272452802138
              ],
              [
                -111.27991069451764,
                45.832622219841355
              ]
            ],
            [
              [
                -111.27894643836811,
                45.832055534922304
              ],
              [
                -111.27950616373822,
                45.832382585908086
              ],
              [
                -111.27872012836076,
                45.83192330058928
              ],
              [
                -111.27894643836811,
                45.832055534922304
              ]
            ],
            [
              [
                -111.27540063778768,
                45.83033180142485
              ],
              [
                -111.27539395312718,
                45.83040813010179
              ],
              [
                -111.27548753323742,
                45.83053959770049
              ],
              [
                -111.27540063778768,
                45.83033180142485
              ]
            ],
            [
              [
                -111.27573354165759,
                45.82995822313443
              ],
              [
                -111.27540540488518,
                45.830277368406946
              ],
              [
                -111.27540363857105,
                45.83029753703339
              ],
              [
                -111.27573354165759,
                45.82995822313443
              ]
            ],
            [
              [
                -111.2758844338789,
                45.82977337318604
              ],
              [
                -111.2758675588588,
                45.82982038295977
              ],
              [
                -111.27589045283284,
                45.82975660581857
              ],
              [
                -111.2758844338789,
                45.82977337318604
              ]
            ],
            [
              [
                -111.27592743395618,
                45.82949687520792
              ],
              [
                -111.27557424372026,
                45.8290022489651
              ],
              [
                -111.27592242018044,
                45.829532088606506
              ],
              [
                -111.27592743395618,
                45.82949687520792
              ]
            ],
            [
              [
                -111.27502794486617,
                45.82823718322381
              ],
              [
                -111.2749679602549,
                45.82818646317422
              ],
              [
                -111.27512093571386,
                45.82836741251368
              ],
              [
                -111.27502794486617,
                45.82823718322381
              ]
            ],
            [
              [
                -111.27349481540993,
                45.82630977187761
              ],
              [
                -111.27353036396457,
                45.826346041438704
              ],
              [
                -111.27337305375286,
                45.826185540614034
              ],
              [
                -111.27349481540993,
                45.82630977187761
              ]
            ],
            [
              [
                -111.27187133623102,
                45.82538682396999
              ],
              [
                -111.27191428648105,
                45.8254900053134
              ],
              [
                -111.27195055670033,
                45.82551638996148
              ],
              [
                -111.27187133623102,
                45.82538682396999
              ]
            ],
            [
              [
                -111.27222689020857,
                45.82571740783536
              ],
              [
                -111.27224036767036,
                45.82572721196926
              ],
              [
                -111.27239789319987,
                45.825771363079696
              ],
              [
                -111.27222689020857,
                45.82571740783536
              ]
            ],
            [
              [
                -111.27286093417058,
                45.82019227773684
              ],
              [
                -111.27281808838707,
                45.82026274093946
              ],
              [
                -111.27283977818453,
                45.82047189812213
              ],
              [
                -111.27286093417058,
                45.82019227773684
              ]
            ],
            [
              [
                -111.273709106115,
                45.81946726504517
              ],
              [
                -111.27292225845719,
                45.82009142520761
              ],
              [
                -111.27289608956328,
                45.820134461976295
              ],
              [
                -111.273709106115,
                45.81946726504517
              ]
            ],
            [
              [
                -111.29943172953482,
                45.83866158571379
              ],
              [
                -111.29981193546745,
                45.83825337628137
              ],
              [
                -111.2965912049319,
                45.83648656074677
              ],
              [
                -111.29574293886625,
                45.837266818235314
              ],
              [
                -111.29643957775541,
                45.83777190277777
              ],
              [
                -111.298838790709,
                45.838847256818696
              ],
              [
                -111.29903889443577,
                45.83913764800228
              ],
              [
                -111.29926425773273,
                45.83891746311611
              ],
              [
                -111.29622856965561,
                45.837308392453295
              ],
              [
                -111.2962316290431,
                45.837260229223816
              ],
              [
                -111.29727097925674,
                45.8375030844328
              ],
              [
                -111.29943172953482,
                45.83866158571379
              ]
            ],
            [
              [
                -111.28054708888841,
                45.821866085270585
              ],
              [
                -111.28076005743232,
                45.82161875871978
              ],
              [
                -111.28125361039545,
                45.8214529331011
              ],
              [
                -111.28120066286753,
                45.82115909091494
              ],
              [
                -111.28071189404912,
                45.820847521034324
              ],
              [
                -111.2808853273625,
                45.819959721110294
              ],
              [
                -111.28079229591772,
                45.81937203673673
              ],
              [
                -111.28044989873814,
                45.81871571634723
              ],
              [
                -111.27992755649556,
                45.81866645566108
              ],
              [
                -111.27960445606651,
                45.81813721023361
              ],
              [
                -111.27898014001879,
                45.81796173766781
              ],
              [
                -111.27895692077081,
                45.817699899960964
              ],
              [
                -111.27861993655458,
                45.81747861631193
              ],
              [
                -111.27873234309806,
                45.81698537637705
              ],
              [
                -111.27799538467369,
                45.81682488517269
              ],
              [
                -111.27791835502516,
                45.81731992852409
              ],
              [
                -111.27822772870871,
                45.81753791834782
              ],
              [
                -111.27806206033208,
                45.81782211088299
              ],
              [
                -111.27826859720173,
                45.818257069024206
              ],
              [
                -111.27799938608786,
                45.81870944193367
              ],
              [
                -111.27845842537903,
                45.81931297069827
              ],
              [
                -111.2783021696402,
                45.81968015590871
              ],
              [
                -111.27792235659204,
                45.81999823625607
              ],
              [
                -111.27798565851552,
                45.82090894103115
              ],
              [
                -111.27816858459764,
                45.82135621534058
              ],
              [
                -111.28022045769467,
                45.821931897685495
              ],
              [
                -111.28054708888841,
                45.821866085270585
              ]
            ],
            [
              [
                -111.2978294055351,
                45.84392391272159
              ],
              [
                -111.29900461739673,
                45.844534816188
              ],
              [
                -111.29849435405785,
                45.843380234603416
              ],
              [
                -111.29848188194936,
                45.84291374344425
              ],
              [
                -111.29795451962164,
                45.84230652795637
              ],
              [
                -111.29727702036813,
                45.842166588137154
              ],
              [
                -111.29755972373268,
                45.84169742914604
              ],
              [
                -111.29750081451888,
                45.841128258308665
              ],
              [
                -111.29784297582415,
                45.84109240990372
              ],
              [
                -111.29828248390895,
                45.84144218033454
              ],
              [
                -111.29921844839568,
                45.84107154406205
              ],
              [
                -111.2984559956718,
                45.83987593960989
              ],
              [
                -111.29845199588988,
                45.83966979444121
              ],
              [
                -111.29880113899237,
                45.83926511589048
              ],
              [
                -111.29641777175058,
                45.83805899884465
              ],
              [
                -111.2960777267781,
                45.837579485636425
              ],
              [
                -111.29569579588434,
                45.83735773181901
              ],
              [
                -111.2956981480202,
                45.83716366707461
              ],
              [
                -111.29545388221962,
                45.837440095874854
              ],
              [
                -111.29539991466744,
                45.83824325816191
              ],
              [
                -111.29563539532104,
                45.83870080685204
              ],
              [
                -111.2955213424855,
                45.83902335839843
              ],
              [
                -111.29589284051825,
                45.83922636555571
              ],
              [
                -111.29589527261953,
                45.83942348838641
              ],
              [
                -111.29547953259551,
                45.83964524358856
              ],
              [
                -111.29546541313935,
                45.84032807703422
              ],
              [
                -111.29529080231981,
                45.8406440383112
              ],
              [
                -111.29505186947837,
                45.84076225073949
              ],
              [
                -111.29438088062543,
                45.84069863474028
              ],
              [
                -111.29398726100483,
                45.84103318684785
              ],
              [
                -111.2942266654512,
                45.841551214932785
              ],
              [
                -111.29472876936298,
                45.841862313329706
              ],
              [
                -111.29492785408762,
                45.84175665281238
              ],
              [
                -111.29465950592297,
                45.84155654919069
              ],
              [
                -111.29491930320265,
                45.84161059544703
              ],
              [
                -111.29511407380554,
                45.84120379785965
              ],
              [
                -111.29501006094331,
                45.84161945930621
              ],
              [
                -111.29560966740077,
                45.841874786573676
              ],
              [
                -111.29575376418337,
                45.84177085090099
              ],
              [
                -111.29565932111151,
                45.84222612602959
              ],
              [
                -111.29502064979883,
                45.84238269489231
              ],
              [
                -111.29477591250313,
                45.84259283982614
              ],
              [
                -111.29478336462515,
                45.84301367840001
              ],
              [
                -111.29499735345084,
                45.843007167994784
              ],
              [
                -111.29515196172994,
                45.84320821328215
              ],
              [
                -111.29512889974342,
                45.84346903075793
              ],
              [
                -111.29483239109256,
                45.84383299942441
              ],
              [
                -111.29492291314693,
                45.84412660586581
              ],
              [
                -111.2965644577059,
                45.844487280521975
              ],
              [
                -111.29713300268642,
                45.844972441019216
              ],
              [
                -111.2981353283935,
                45.844992443562504
              ],
              [
                -111.29832468615642,
                45.844791946995755
              ],
              [
                -111.29828169999573,
                45.84445841385501
              ],
              [
                -111.29769330958064,
                45.84420496989649
              ],
              [
                -111.29705134428299,
                45.84354817805291
              ],
              [
                -111.2978294055351,
                45.84392391272159
              ]
            ]
          ],
          [
            [
              [
                -111.30398800713031,
                45.846573823541185
              ],
              [
                -111.30421611428876,
                45.84685166412458
              ],
              [
                -111.30415750364038,
                45.847165203109284
              ],
              [
                -111.30373785573535,
                45.84635476743731
              ],
              [
                -111.30398800713031,
                45.846573823541185
              ]
            ]
          ],
          [
            [
              [
                -111.30807646007456,
                45.860298106536774
              ],
              [
                -111.30888252469914,
                45.8603538788908
              ],
              [
                -111.30934933032704,
                45.86082193899557
              ],
              [
                -111.30999984658845,
                45.86203213452633
              ],
              [
                -111.30989285152997,
                45.86208304284043
              ],
              [
                -111.30999647291743,
                45.86227757774741
              ],
              [
                -111.30978271981313,
                45.86218125130931
              ],
              [
                -111.30944149872688,
                45.86156195537911
              ],
              [
                -111.30943781205764,
                45.861878310851495
              ],
              [
                -111.30914914286814,
                45.86210418728732
              ],
              [
                -111.30807646007456,
                45.860298106536774
              ]
            ]
          ],
          [
            [
              [
                -111.30960316764869,
                45.862768308374925
              ],
              [
                -111.30970051306154,
                45.86285788738811
              ],
              [
                -111.3096682937324,
                45.862942788847654
              ],
              [
                -111.30956207380802,
                45.86277120829091
              ],
              [
                -111.30960316764869,
                45.862768308374925
              ]
            ]
          ],
          [
            [
              [
                -111.30990077515142,
                45.862591578436245
              ],
              [
                -111.30980044761641,
                45.86252215791207
              ],
              [
                -111.30992540485303,
                45.86251854975088
              ],
              [
                -111.31004110668306,
                45.86279693909788
              ],
              [
                -111.30992838574178,
                45.862893421417816
              ],
              [
                -111.31006738400195,
                45.86297429502981
              ],
              [
                -111.30994015189852,
                45.86316294690689
              ],
              [
                -111.31012982403212,
                45.86321707175025
              ],
              [
                -111.31005922606117,
                45.86304724513325
              ],
              [
                -111.31028560833055,
                45.86306897389874
              ],
              [
                -111.31011005707143,
                45.86289632494606
              ],
              [
                -111.31016763291265,
                45.86281623580976
              ],
              [
                -111.31020183374649,
                45.86294958672398
              ],
              [
                -111.31048524178713,
                45.862853808992064
              ],
              [
                -111.31068597404601,
                45.8625682033164
              ],
              [
                -111.31088678501274,
                45.86294315354511
              ],
              [
                -111.3107743784345,
                45.86325456632141
              ],
              [
                -111.31116251035189,
                45.863794899041544
              ],
              [
                -111.31037674162093,
                45.86408716815166
              ],
              [
                -111.30972625968381,
                45.86303642316601
              ],
              [
                -111.30990077515142,
                45.862591578436245
              ]
            ]
          ],
          [
            [
              [
                -111.31120408102504,
                45.86375690581394
              ],
              [
                -111.31126494805333,
                45.863756797021615
              ],
              [
                -111.31120606597854,
                45.863778698391485
              ],
              [
                -111.31120408102504,
                45.86375690581394
              ]
            ]
          ],
          [
            [
              [
                -111.3134686089502,
                45.86722449045968
              ],
              [
                -111.3134081187695,
                45.86745216715415
              ],
              [
                -111.31314956729315,
                45.86703286880092
              ],
              [
                -111.31343035818105,
                45.867041613976916
              ],
              [
                -111.3134686089502,
                45.86722449045968
              ]
            ]
          ],
          [
            [
              [
                -111.31334106389113,
                45.86770455246489
              ],
              [
                -111.31372856489688,
                45.868296786614934
              ],
              [
                -111.31356203355917,
                45.869168271939955
              ],
              [
                -111.31367891153019,
                45.86972865748454
              ],
              [
                -111.3147789756391,
                45.87028896566571
              ],
              [
                -111.31464507598491,
                45.87045628165859
              ],
              [
                -111.31621461219123,
                45.871353181027025
              ],
              [
                -111.31659717175806,
                45.871729778807385
              ],
              [
                -111.31679010502748,
                45.872463709351905
              ],
              [
                -111.31396980614291,
                45.87247103403432
              ],
              [
                -111.31269630371253,
                45.86874768264812
              ],
              [
                -111.31050239695962,
                45.869394746458255
              ],
              [
                -111.30879988870203,
                45.868552591305004
              ],
              [
                -111.30660957853422,
                45.8685023937915
              ],
              [
                -111.30657201836303,
                45.867419183404024
              ],
              [
                -111.31338226809706,
                45.86754946551864
              ],
              [
                -111.31334106389113,
                45.86770455246489
              ]
            ]
          ],
          [
            [
              [
                -111.31606957087598,
                45.87330962322383
              ],
              [
                -111.31622093197676,
                45.873092852767435
              ],
              [
                -111.3163131927868,
                45.87303277760375
              ],
              [
                -111.31606957087598,
                45.87330962322383
              ]
            ]
          ],
          [
            [
              [
                -111.31626912908979,
                45.87362476845513
              ],
              [
                -111.31614346597274,
                45.873801968550325
              ],
              [
                -111.31619034722321,
                45.874082695512115
              ],
              [
                -111.31587168162778,
                45.873723657334736
              ],
              [
                -111.31606252772016,
                45.873319710016894
              ],
              [
                -111.31626912908979,
                45.87362476845513
              ]
            ]
          ],
          [
            [
              [
                -111.31261093273528,
                45.88080742220898
              ],
              [
                -111.31422925943045,
                45.881292033854045
              ],
              [
                -111.31398311036894,
                45.881822769742946
              ],
              [
                -111.31419121622491,
                45.88224399989007
              ],
              [
                -111.3147050862438,
                45.88256631563613
              ],
              [
                -111.31567007323768,
                45.882959073418206
              ],
              [
                -111.31628709433892,
                45.88279034555221
              ],
              [
                -111.3171619958217,
                45.882957370525844
              ],
              [
                -111.31722848997342,
                45.89306548108744
              ],
              [
                -111.32217579039525,
                45.893064805782544
              ],
              [
                -111.31955818621782,
                45.89379200155213
              ],
              [
                -111.31568144993075,
                45.89424045233061
              ],
              [
                -111.3143983813374,
                45.89415746108506
              ],
              [
                -111.31305161936038,
                45.89385161717646
              ],
              [
                -111.31297113865826,
                45.89401006929662
              ],
              [
                -111.31278695795646,
                45.89380980850633
              ],
              [
                -111.31115984601115,
                45.89352349708915
              ],
              [
                -111.31010700359012,
                45.89352357576879
              ],
              [
                -111.30826464678587,
                45.89295165871511
              ],
              [
                -111.30632612217988,
                45.893401363977645
              ],
              [
                -111.30443356325799,
                45.89427002581011
              ],
              [
                -111.30332471404965,
                45.89468827526538
              ],
              [
                -111.30291399527225,
                45.89469878674059
              ],
              [
                -111.30245126801628,
                45.89448707288508
              ],
              [
                -111.30214307167063,
                45.89396834020263
              ],
              [
                -111.3021333446639,
                45.8936410031224
              ],
              [
                -111.30286371405633,
                45.89346082346386
              ],
              [
                -111.30204854986172,
                45.8936118236132
              ],
              [
                -111.30196736180999,
                45.89311811221435
              ],
              [
                -111.30089232172912,
                45.89308022478191
              ],
              [
                -111.30053792285527,
                45.893211928164014
              ],
              [
                -111.29989804439406,
                45.89301326212853
              ],
              [
                -111.29953802920642,
                45.893166197092114
              ],
              [
                -111.29888641432632,
                45.89297927143761
              ],
              [
                -111.298547390896,
                45.892486265976906
              ],
              [
                -111.29802269511724,
                45.89216167532973
              ],
              [
                -111.29631863211682,
                45.89243559362416
              ],
              [
                -111.29534572161369,
                45.89211641458856
              ],
              [
                -111.2947931795369,
                45.89166349300361
              ],
              [
                -111.29356988442268,
                45.891532418413306
              ],
              [
                -111.29287567646779,
                45.891964395823194
              ],
              [
                -111.29197234376022,
                45.892125827527245
              ],
              [
                -111.29135861785498,
                45.89259506512988
              ],
              [
                -111.29006880456663,
                45.89314572517437
              ],
              [
                -111.28980994773325,
                45.893613942508225
              ],
              [
                -111.28828692595916,
                45.89311254346402
              ],
              [
                -111.28694267451274,
                45.89222270321256
              ],
              [
                -111.28597495599507,
                45.8927114561218
              ],
              [
                -111.2859689568301,
                45.889549998269736
              ],
              [
                -111.30097309291982,
                45.88948626749809
              ],
              [
                -111.30117902430328,
                45.889857377203086
              ],
              [
                -111.30158679015706,
                45.88948337706384
              ],
              [
                -111.30634026656236,
                45.88945957867688
              ],
              [
                -111.30621653847403,
                45.889660409748465
              ],
              [
                -111.30611738831246,
                45.88947324830075
              ],
              [
                -111.30619669300538,
                45.8897150833646
              ],
              [
                -111.30602796521727,
                45.88992185588293
              ],
              [
                -111.30560391005278,
                45.890014495651315
              ],
              [
                -111.30411728674561,
                45.889652879325915
              ],
              [
                -111.30447560813604,
                45.88975430430782
              ],
              [
                -111.30336283637004,
                45.88972692831545
              ],
              [
                -111.30255096601128,
                45.88991699208469
              ],
              [
                -111.30235752994547,
                45.890218600655594
              ],
              [
                -111.30246413214793,
                45.89040568352226
              ],
              [
                -111.30317136094335,
                45.89033006554875
              ],
              [
                -111.30378242047271,
                45.89047612416692
              ],
              [
                -111.3046026833865,
                45.89115856463188
              ],
              [
                -111.3045816605565,
                45.89139365357893
              ],
              [
                -111.30476607699852,
                45.89158897297255
              ],
              [
                -111.30523837263287,
                45.89131144664473
              ],
              [
                -111.30571380762493,
                45.891400163857305
              ],
              [
                -111.30655320992237,
                45.89114279729332
              ],
              [
                -111.30822519123518,
                45.8912266515768
              ],
              [
                -111.30896724806182,
                45.890580293768814
              ],
              [
                -111.31088953532064,
                45.89003834037165
              ],
              [
                -111.31081093652371,
                45.889703866889036
              ],
              [
                -111.3111963196541,
                45.88960330360193
              ],
              [
                -111.31099990266237,
                45.88933856367583
              ],
              [
                -111.31237309910055,
                45.889725202626636
              ],
              [
                -111.31296509773561,
                45.89034041890134
              ],
              [
                -111.31356588155752,
                45.890430234917815
              ],
              [
                -111.31385831192208,
                45.890255466869974
              ],
              [
                -111.31393141913887,
                45.889968998131735
              ],
              [
                -111.31352297380883,
                45.8892266282955
              ],
              [
                -111.3124513061694,
                45.889357547250995
              ],
              [
                -111.31099323509325,
                45.889222235890315
              ],
              [
                -111.31041943444963,
                45.88902746528646
              ],
              [
                -111.30991066294206,
                45.8884631573079
              ],
              [
                -111.30991042838048,
                45.88779020796678
              ],
              [
                -111.30970765688865,
                45.887704863136776
              ],
              [
                -111.30950308058858,
                45.88721350523221
              ],
              [
                -111.30972718791567,
                45.88702908882888
              ],
              [
                -111.30859613957978,
                45.88659122853934
              ],
              [
                -111.3085106388003,
                45.886234006035224
              ],
              [
                -111.30867160022146,
                45.88600456438551
              ],
              [
                -111.30956489294049,
                45.88567181565082
              ],
              [
                -111.30983018161766,
                45.88540189854339
              ],
              [
                -111.30987732443738,
                45.88447197430514
              ],
              [
                -111.30920241429696,
                45.88375839241894
              ],
              [
                -111.3085300922024,
                45.88372497617253
              ],
              [
                -111.30813357018883,
                45.88324609161287
              ],
              [
                -111.30836520680806,
                45.882960485934255
              ],
              [
                -111.3081010167829,
                45.8823822927782
              ],
              [
                -111.30818996842358,
                45.88207770471075
              ],
              [
                -111.30783415763746,
                45.88177217503028
              ],
              [
                -111.30745928593561,
                45.88182504525993
              ],
              [
                -111.30769664973232,
                45.88141644293903
              ],
              [
                -111.30741535935647,
                45.881114051228366
              ],
              [
                -111.3075893415903,
                45.881096479327645
              ],
              [
                -111.30747221181622,
                45.880897834450984
              ],
              [
                -111.30829632791922,
                45.880895454266245
              ],
              [
                -111.30822330604784,
                45.88151300377916
              ],
              [
                -111.30830271920125,
                45.880895435807155
              ],
              [
                -111.31215683476654,
                45.88088430447865
              ],
              [
                -111.31223527664606,
                45.88141385328756
              ],
              [
                -111.31208160879065,
                45.88161866522382
              ],
              [
                -111.31155267761811,
                45.88175734918012
              ],
              [
                -111.31172375897133,
                45.881976357942385
              ],
              [
                -111.31149941590772,
                45.88218469814473
              ],
              [
                -111.31161723557585,
                45.88296189745541
              ],
              [
                -111.31184948601037,
                45.88319480403574
              ],
              [
                -111.31209972976713,
                45.883362890507634
              ],
              [
                -111.31242753705389,
                45.88333033724154
              ],
              [
                -111.31225284755358,
                45.883125918238186
              ],
              [
                -111.3125080177795,
                45.88329354720625
              ],
              [
                -111.31237921661018,
                45.88308183462892
              ],
              [
                -111.31272200658381,
                45.88317619916453
              ],
              [
                -111.31354525013957,
                45.88295656297508
              ],
              [
                -111.3134832816205,
                45.88286274716606
              ],
              [
                -111.31381273514772,
                45.88273253419437
              ],
              [
                -111.31349324295313,
                45.882643345484766
              ],
              [
                -111.31445171947014,
                45.882565375314705
              ],
              [
                -111.31366550027582,
                45.88225608036457
              ],
              [
                -111.31417121361213,
                45.88238488142993
              ],
              [
                -111.31393016158334,
                45.881799001800076
              ],
              [
                -111.31413246278557,
                45.88127964042644
              ],
              [
                -111.31263156272117,
                45.88087166560276
              ],
              [
                -111.31239456274491,
                45.88068541004745
              ],
              [
                -111.31261093273528,
                45.88080742220898
              ]
            ],
            [
              [
                -111.30265701936736,
                45.889621189302964
              ],
              [
                -111.30265549004696,
                45.88962178676287
              ],
              [
                -111.30411728674561,
                45.889652879325915
              ],
              [
                -111.30265701936736,
                45.889621189302964
              ]
            ],
            [
              [
                -111.30457165157907,
                45.89137639859143
              ],
              [
                -111.30457936421787,
                45.89143754765728
              ],
              [
                -111.3045816605565,
                45.89139365357893
              ],
              [
                -111.30457165157907,
                45.89137639859143
              ]
            ],
            [
              [
                -111.31431758556542,
                45.88366936035791
              ],
              [
                -111.31404256856894,
                45.88359656744193
              ],
              [
                -111.31209972976713,
                45.883362890507634
              ],
              [
                -111.31431758556542,
                45.88366936035791
              ]
            ],
            [
              [
                -111.30318148002719,
                45.893165097932936
              ],
              [
                -111.30396793491394,
                45.8932214976222
              ],
              [
                -111.30414224778025,
                45.893185786008836
              ],
              [
                -111.30318148002719,
                45.893165097932936
              ]
            ],
            [
              [
                -111.30437141643667,
                45.89313883604681
              ],
              [
                -111.30442203267374,
                45.8931284662587
              ],
              [
                -111.30452298750096,
                45.89298389798146
              ],
              [
                -111.30437141643667,
                45.89313883604681
              ]
            ],
            [
              [
                -111.30607360050416,
                45.88969605399817
              ],
              [
                -111.3056818814187,
                45.88984482618115
              ],
              [
                -111.3060739320869,
                45.8896984544565
              ],
              [
                -111.30607360050416,
                45.88969605399817
              ]
            ],
            [
              [
                -111.30228555719222,
                45.8895384285406
              ],
              [
                -111.30222527770148,
                45.88956463372916
              ],
              [
                -111.30195821564203,
                45.889922763255925
              ],
              [
                -111.30228555719222,
                45.8895384285406
              ]
            ],
            [
              [
                -111.30188519254752,
                45.890020687035644
              ],
              [
                -111.3018705645725,
                45.89004030311208
              ],
              [
                -111.30171144603611,
                45.89053668623181
              ],
              [
                -111.30188519254752,
                45.890020687035644
              ]
            ],
            [
              [
                -111.3017023652193,
                45.8905650145729
              ],
              [
                -111.30170066076032,
                45.890570331770306
              ],
              [
                -111.30172552624784,
                45.89072870530011
              ],
              [
                -111.3017023652193,
                45.8905650145729
              ]
            ],
            [
              [
                -111.30193226938518,
                45.89096349720379
              ],
              [
                -111.30167508951969,
                45.89124398833736
              ],
              [
                -111.30193308331486,
                45.89096442155902
              ],
              [
                -111.30193226938518,
                45.89096349720379
              ]
            ],
            [
              [
                -111.30057426611309,
                45.892319777161035
              ],
              [
                -111.30055665872442,
                45.89231966040801
              ],
              [
                -111.30057078893424,
                45.89232216636314
              ],
              [
                -111.30057426611309,
                45.892319777161035
              ]
            ],
            [
              [
                -111.3003888362554,
                45.89228989753958
              ],
              [
                -111.30031430972312,
                45.8922050261331
              ],
              [
                -111.30036511521588,
                45.892285690676324
              ],
              [
                -111.3003888362554,
                45.89228989753958
              ]
            ],
            [
              [
                -111.30024955422749,
                45.89210221298843
              ],
              [
                -111.30015951990615,
                45.89136070916836
              ],
              [
                -111.3002144294007,
                45.89204644484299
              ],
              [
                -111.30024955422749,
                45.89210221298843
              ]
            ],
            [
              [
                -111.29950837772128,
                45.890672462906444
              ],
              [
                -111.29911091415629,
                45.89073027453494
              ],
              [
                -111.29910593523954,
                45.89076144201101
              ],
              [
                -111.29950837772128,
                45.890672462906444
              ]
            ],
            [
              [
                -111.30386036237525,
                45.890640244940556
              ],
              [
                -111.30401531319342,
                45.890836327473245
              ],
              [
                -111.30442964148945,
                45.89113158014315
              ],
              [
                -111.30386036237525,
                45.890640244940556
              ]
            ],
            [
              [
                -111.30382979923995,
                45.89061386641392
              ],
              [
                -111.3031890101454,
                45.890562330836886
              ],
              [
                -111.30383539137317,
                45.8906186928898
              ],
              [
                -111.30382979923995,
                45.89061386641392
              ]
            ],
            [
              [
                -111.30211075354086,
                45.89069952574659
              ],
              [
                -111.30212216471763,
                45.890702699182874
              ],
              [
                -111.30204127296386,
                45.89040710361263
              ],
              [
                -111.30203270351569,
                45.89046145468319
              ],
              [
                -111.30211075354086,
                45.89069952574659
              ]
            ],
            [
              [
                -111.30213735600093,
                45.890091879482824
              ],
              [
                -111.30207278732698,
                45.89020722617137
              ],
              [
                -111.30205442862659,
                45.89032366482649
              ],
              [
                -111.30213735600093,
                45.890091879482824
              ]
            ],
            [
              [
                -111.30234085466387,
                45.889744705430935
              ],
              [
                -111.30232913351863,
                45.889749284533096
              ],
              [
                -111.30231107290524,
                45.889781548351124
              ],
              [
                -111.30234085466387,
                45.889744705430935
              ]
            ],
            [
              [
                -111.30195033978279,
                45.892065191340485
              ],
              [
                -111.30208774264224,
                45.89230963063389
              ],
              [
                -111.3020918487064,
                45.89224803872096
              ],
              [
                -111.30195033978279,
                45.892065191340485
              ]
            ],
            [
              [
                -111.30203305245439,
                45.891654095982354
              ],
              [
                -111.30205082916605,
                45.89170464828333
              ],
              [
                -111.30205388248051,
                45.89169369338148
              ],
              [
                -111.30203305245439,
                45.891654095982354
              ]
            ],
            [
              [
                -111.30190170236095,
                45.891415427106935
              ],
              [
                -111.30191615691116,
                45.89143188025124
              ],
              [
                -111.30190657037582,
                45.89141365646869
              ],
              [
                -111.30190170236095,
                45.891415427106935
              ]
            ],
            [
              [
                -111.30135927423807,
                45.89164304288749
              ],
              [
                -111.30140515731905,
                45.891596034944676
              ],
              [
                -111.30137410833471,
                45.89160732836109
              ],
              [
                -111.30135927423807,
                45.89164304288749
              ]
            ],
            [
              [
                -111.30117471067689,
                45.89212002218861
              ],
              [
                -111.30122712328472,
                45.891961209124794
              ],
              [
                -111.30114134944968,
                45.89216771795172
              ],
              [
                -111.30117471067689,
                45.89212002218861
              ]
            ],
            [
              [
                -111.30054066784935,
                45.892792344256065
              ],
              [
                -111.30057252638649,
                45.89277360829493
              ],
              [
                -111.30028290973891,
                45.89277955925135
              ],
              [
                -111.30054066784935,
                45.892792344256065
              ]
            ],
            [
              [
                -111.30029708808466,
                45.892673604128824
              ],
              [
                -111.30043649772897,
                45.89270284251429
              ],
              [
                -111.30030236229511,
                45.89267091662517
              ],
              [
                -111.30029708808466,
                45.892673604128824
              ]
            ],
            [
              [
                -111.30009704762918,
                45.892779561815814
              ],
              [
                -111.30010310351643,
                45.89277245005834
              ],
              [
                -111.30010115982822,
                45.892773440475615
              ],
              [
                -111.30009704762918,
                45.892779561815814
              ]
            ]
          ],
          [
            [
              [
                -111.31983210237473,
                45.883395677445534
              ],
              [
                -111.32019434488156,
                45.88326232780358
              ],
              [
                -111.32076681098951,
                45.883568406216675
              ],
              [
                -111.32139387329714,
                45.88309626637714
              ],
              [
                -111.32256657312209,
                45.88327440669526
              ],
              [
                -111.32312633285474,
                45.88396783010352
              ],
              [
                -111.32334369423441,
                45.88471310219343
              ],
              [
                -111.32309770100525,
                45.88514633553755
              ],
              [
                -111.3225921462291,
                45.885481672149794
              ],
              [
                -111.32283931561946,
                45.885434450552374
              ],
              [
                -111.32290128414819,
                45.885578312900456
              ],
              [
                -111.32347029922752,
                45.88567973786255
              ],
              [
                -111.32337444288989,
                45.88546967154126
              ],
              [
                -111.32352065741931,
                45.88539240605182
              ],
              [
                -111.32370585836098,
                45.88561557171531
              ],
              [
                -111.32419556879874,
                45.88574068605232
              ],
              [
                -111.32470739955666,
                45.8855472499031
              ],
              [
                -111.32457789247914,
                45.88536510843525
              ],
              [
                -111.32475164024268,
                45.88514688413466
              ],
              [
                -111.32520573801851,
                45.885136999988816
              ],
              [
                -111.32547369458746,
                45.88531882712199
              ],
              [
                -111.32551722951462,
                45.885720683290124
              ],
              [
                -111.32580722787422,
                45.88584752379512
              ],
              [
                -111.32574565236952,
                45.88633519368528
              ],
              [
                -111.3262861636434,
                45.88638800820426
              ],
              [
                -111.32553566328681,
                45.88634554798075
              ],
              [
                -111.32608941505408,
                45.886413805855504
              ],
              [
                -111.32490976686395,
                45.88656848118363
              ],
              [
                -111.32247365377282,
                45.886045834594384
              ],
              [
                -111.32451193348814,
                45.88608030298724
              ],
              [
                -111.3224193555886,
                45.88596486834253
              ],
              [
                -111.32115118849788,
                45.88406524129026
              ],
              [
                -111.31887404185824,
                45.883817777943214
              ],
              [
                -111.31891555361179,
                45.8834764612047
              ],
              [
                -111.31983210237473,
                45.883395677445534
              ]
            ],
            [
              [
                -111.32484843707329,
                45.886120421783986
              ],
              [
                -111.32451911849941,
                45.8860811596022
              ],
              [
                -111.32553566328681,
                45.88634554798075
              ],
              [
                -111.32484843707329,
                45.886120421783986
              ]
            ],
            [
              [
                -111.32254045308242,
                45.88371030651312
              ],
              [
                -111.32190068287805,
                45.88347396165186
              ],
              [
                -111.32081928829712,
                45.88361452897012
              ],
              [
                -111.32097303354128,
                45.884020777771546
              ],
              [
                -111.32176537149736,
                45.88416526738425
              ],
              [
                -111.32217671901967,
                45.88468141214285
              ],
              [
                -111.32207945225096,
                45.88492207113686
              ],
              [
                -111.32247777762157,
                45.88507464016018
              ],
              [
                -111.32247142443514,
                45.88527466522728
              ],
              [
                -111.3228942236051,
                45.88508977863257
              ],
              [
                -111.32301502388316,
                45.88479828991271
              ],
              [
                -111.32281570324754,
                45.88402524882193
              ],
              [
                -111.32254045308242,
                45.88371030651312
              ]
            ]
          ],
          [
            [
              [
                -111.32689199629162,
                45.88631785874372
              ],
              [
                -111.32702158194519,
                45.8864777226717
              ],
              [
                -111.32735205574068,
                45.8865174135942
              ],
              [
                -111.3277664625242,
                45.886332213988396
              ],
              [
                -111.32827499820046,
                45.88643018665784
              ],
              [
                -111.32853267908153,
                45.88665696177356
              ],
              [
                -111.33026678605474,
                45.886734931689816
              ],
              [
                -111.33154553921469,
                45.88650862791158
              ],
              [
                -111.33064393253841,
                45.88605845274413
              ],
              [
                -111.33072049067336,
                45.88540472022952
              ],
              [
                -111.33115599891234,
                45.88521740288032
              ],
              [
                -111.33169748074471,
                45.88539350409684
              ],
              [
                -111.33124502931119,
                45.88583269778278
              ],
              [
                -111.33190503658498,
                45.88605837404484
              ],
              [
                -111.33259116384656,
                45.88557988097542
              ],
              [
                -111.33296682137552,
                45.885646869410635
              ],
              [
                -111.3341779573968,
                45.885333338789344
              ],
              [
                -111.33548149879765,
                45.88539036576328
              ],
              [
                -111.3336752261429,
                45.884978625658285
              ],
              [
                -111.3337625315619,
                45.88486896540976
              ],
              [
                -111.33841215216593,
                45.88584924744638
              ],
              [
                -111.33869571892228,
                45.88702210554032
              ],
              [
                -111.33771965526763,
                45.88931638702441
              ],
              [
                -111.33528250029384,
                45.88903064915041
              ],
              [
                -111.32855657807849,
                45.88715632298576
              ],
              [
                -111.32667161188854,
                45.886344248059
              ],
              [
                -111.32689199629162,
                45.88631785874372
              ]
            ],
            [
              [
                -111.33732283591162,
                45.88878413727092
              ],
              [
                -111.33714902722572,
                45.888830447018485
              ],
              [
                -111.33757016247223,
                45.88878601924782
              ],
              [
                -111.33732283591162,
                45.88878413727092
              ]
            ]
          ],
          [
            [
              [
                -111.3373516310779,
                45.89062636871265
              ],
              [
                -111.33874976528436,
                45.887409136207715
              ],
              [
                -111.34145772324159,
                45.88850872833924
              ],
              [
                -111.34437817946727,
                45.88883088800715
              ],
              [
                -111.34579820590886,
                45.88930130150444
              ],
              [
                -111.34690736944263,
                45.888904152192836
              ],
              [
                -111.34652473128196,
                45.88845860405165
              ],
              [
                -111.34486067334892,
                45.887630262151355
              ],
              [
                -111.3387716496582,
                45.886029664052934
              ],
              [
                -111.3391823697377,
                45.88598071629095
              ],
              [
                -111.34347610233395,
                45.88690961988438
              ],
              [
                -111.3436861686679,
                45.88679862506738
              ],
              [
                -111.34204015156857,
                45.88640633883186
              ],
              [
                -111.34406333864081,
                45.88666445574326
              ],
              [
                -111.34827887165665,
                45.88776415428871
              ],
              [
                -111.35870646054484,
                45.88983148186291
              ],
              [
                -111.35868005913666,
                45.8886650918672
              ],
              [
                -111.35871030840914,
                45.889909629111315
              ],
              [
                -111.34404103776619,
                45.88693456386543
              ],
              [
                -111.3587128323245,
                45.89001346984517
              ],
              [
                -111.34828064857238,
                45.88805179384587
              ],
              [
                -111.34831836790411,
                45.89330940802592
              ],
              [
                -111.35019113323476,
                45.89391648057735
              ],
              [
                -111.35128181999305,
                45.89387253167094
              ],
              [
                -111.35413471444976,
                45.893387485003345
              ],
              [
                -111.35563364973595,
                45.893355064321916
              ],
              [
                -111.36027683277449,
                45.893788845308066
              ],
              [
                -111.36058137257112,
                45.89404217986433
              ],
              [
                -111.36412708742166,
                45.89459631725007
              ],
              [
                -111.36627482814767,
                45.89392816972629
              ],
              [
                -111.36763827308987,
                45.89320024036001
              ],
              [
                -111.3690504548746,
                45.893316323410694
              ],
              [
                -111.37075291855126,
                45.89256756507392
              ],
              [
                -111.3738943926077,
                45.890706818431134
              ],
              [
                -111.37471833238517,
                45.88975621090517
              ],
              [
                -111.37512852931047,
                45.88956938167681
              ],
              [
                -111.37583537709652,
                45.888747127244265
              ],
              [
                -111.37576293507449,
                45.8886267067931
              ],
              [
                -111.37696490664091,
                45.88758077712896
              ],
              [
                -111.37729660078625,
                45.887462517748276
              ],
              [
                -111.37857279998767,
                45.88734130900897
              ],
              [
                -111.3796877358518,
                45.88742457211097
              ],
              [
                -111.3800170853008,
                45.88758868219807
              ],
              [
                -111.3817802324018,
                45.887651425202264
              ],
              [
                -111.38294518845943,
                45.88739654766633
              ],
              [
                -111.3840637820033,
                45.88649401443999
              ],
              [
                -111.38499639347809,
                45.88637428464277
              ],
              [
                -111.385001468985,
                45.886176551213616
              ],
              [
                -111.38508349853808,
                45.88617274826879
              ],
              [
                -111.38721187531267,
                45.88666989842998
              ],
              [
                -111.3899264960191,
                45.88794592491809
              ],
              [
                -111.3908020280564,
                45.887822776052566
              ],
              [
                -111.39269046271582,
                45.888110014483175
              ],
              [
                -111.39291838093196,
                45.88801727682067
              ],
              [
                -111.39497612567673,
                45.88891500955971
              ],
              [
                -111.39550117839616,
                45.88898750870001
              ],
              [
                -111.40133483010493,
                45.88868434094367
              ],
              [
                -111.4020898343742,
                45.88850063592069
              ],
              [
                -111.40260385322,
                45.88794459816945
              ],
              [
                -111.4039834296841,
                45.887581325404376
              ],
              [
                -111.40511205885637,
                45.886845829159064
              ],
              [
                -111.40602657303212,
                45.88649139493362
              ],
              [
                -111.40646816443397,
                45.886490850072036
              ],
              [
                -111.40722518737795,
                45.88689048795729
              ],
              [
                -111.40752227485758,
                45.888240526020176
              ],
              [
                -111.40802635638963,
                45.888808654476634
              ],
              [
                -111.40826717563189,
                45.88884354633615
              ],
              [
                -111.40929621540776,
                45.88843359997745
              ],
              [
                -111.41001211672676,
                45.8878178487011
              ],
              [
                -111.41026094402604,
                45.887265855271174
              ],
              [
                -111.40964232184666,
                45.886749689446866
              ],
              [
                -111.40944531693518,
                45.886093514471874
              ],
              [
                -111.40816414152206,
                45.88586865044991
              ],
              [
                -111.40942745436114,
                45.88575087512938
              ],
              [
                -111.41093780139728,
                45.88617083723633
              ],
              [
                -111.41086852735903,
                45.89020592983558
              ],
              [
                -111.41055450237542,
                45.889965459449726
              ],
              [
                -111.41054344204169,
                45.88922716789833
              ],
              [
                -111.41023440252266,
                45.888688794277165
              ],
              [
                -111.41024854005569,
                45.888082660136966
              ],
              [
                -111.40993271873533,
                45.88832586841271
              ],
              [
                -111.40946283176395,
                45.88837756732917
              ],
              [
                -111.40925146013723,
                45.8887972131957
              ],
              [
                -111.40785585541983,
                45.88901678123441
              ],
              [
                -111.40725231626301,
                45.888707703360964
              ],
              [
                -111.40711921592877,
                45.88813407850698
              ],
              [
                -111.40670892813189,
                45.88754843048014
              ],
              [
                -111.40699723870806,
                45.8872115774764
              ],
              [
                -111.40663946542453,
                45.88689053165003
              ],
              [
                -111.40578962953182,
                45.88681131844112
              ],
              [
                -111.40517114694889,
                45.887454973797276
              ],
              [
                -111.40297274456555,
                45.888839602055654
              ],
              [
                -111.40093152028636,
                45.889165554222366
              ],
              [
                -111.40900928916291,
                45.88916049469535
              ],
              [
                -111.40805504189186,
                45.88941479976284
              ],
              [
                -111.40757505850904,
                45.889865054950526
              ],
              [
                -111.40645812992115,
                45.89025396772856
              ],
              [
                -111.40480670024773,
                45.891438826539684
              ],
              [
                -111.40379990330416,
                45.89135520793479
              ],
              [
                -111.40271003777347,
                45.89158135453451
              ],
              [
                -111.4012412194839,
                45.891264843350065
              ],
              [
                -111.39902101133666,
                45.890046098421855
              ],
              [
                -111.39852832000268,
                45.88950783329202
              ],
              [
                -111.39615656190587,
                45.889341536461274
              ],
              [
                -111.39457792630503,
                45.88955725156069
              ],
              [
                -111.3909631062718,
                45.889653185458016
              ],
              [
                -111.38999819666462,
                45.88985885923569
              ],
              [
                -111.38859840881695,
                45.89048678345645
              ],
              [
                -111.38584817091909,
                45.89063519456454
              ],
              [
                -111.38457161279881,
                45.89100065373135
              ],
              [
                -111.38433220974751,
                45.89092605608254
              ],
              [
                -111.3842502385306,
                45.89053322094656
              ],
              [
                -111.38309102970487,
                45.89063652938159
              ],
              [
                -111.38191723104407,
                45.890353904651626
              ],
              [
                -111.38164064640043,
                45.89044489683729
              ],
              [
                -111.38161648558518,
                45.89063833294057
              ],
              [
                -111.38137645516883,
                45.89040081195524
              ],
              [
                -111.37941071020059,
                45.890263382901146
              ],
              [
                -111.37864159142778,
                45.890043904022654
              ],
              [
                -111.37686394966316,
                45.89026416763556
              ],
              [
                -111.37607255336084,
                45.89011199155135
              ],
              [
                -111.37216702807663,
                45.891799896021844
              ],
              [
                -111.37010597844812,
                45.89302923137091
              ],
              [
                -111.36832614046955,
                45.89380909735495
              ],
              [
                -111.36563622361838,
                45.89455201754597
              ],
              [
                -111.3632274424847,
                45.89499325057753
              ],
              [
                -111.3621735012353,
                45.89492735971242
              ],
              [
                -111.35904078223805,
                45.894117843192255
              ],
              [
                -111.35731467734364,
                45.89390981749548
              ],
              [
                -111.35332937688511,
                45.89376211162688
              ],
              [
                -111.3510661043501,
                45.89403971670396
              ],
              [
                -111.3490580019649,
                45.89409172401303
              ],
              [
                -111.34468700516985,
                45.893040686859884
              ],
              [
                -111.34536780570197,
                45.89159474909209
              ],
              [
                -111.3446644918928,
                45.89307496493669
              ],
              [
                -111.34302804467312,
                45.89318439089982
              ],
              [
                -111.34183039950601,
                45.893031038767376
              ],
              [
                -111.33974652189377,
                45.89230568960113
              ],
              [
                -111.33774500836974,
                45.891814567607256
              ],
              [
                -111.33663358384987,
                45.89180212364007
              ],
              [
                -111.33721659267151,
                45.89059869862099
              ],
              [
                -111.3373516310779,
                45.89062636871265
              ]
            ],
            [
              [
                -111.34667918395242,
                45.88774693945398
              ],
              [
                -111.34669706710635,
                45.88766454005289
              ],
              [
                -111.3466926594344,
                45.88766359619615
              ],
              [
                -111.34667918395242,
                45.88774693945398
              ]
            ]
          ],
          [
            [
              [
                -111.39773205888964,
                45.88581825760529
              ],
              [
                -111.4002890176784,
                45.884916886624005
              ],
              [
                -111.40140900571129,
                45.88477726095698
              ],
              [
                -111.40323975214514,
                45.88474988468699
              ],
              [
                -111.40708542580595,
                45.8853678457294
              ],
              [
                -111.40724921090866,
                45.88527324540488
              ],
              [
                -111.40502594350417,
                45.884774907133135
              ],
              [
                -111.40459796579722,
                45.88449965579255
              ],
              [
                -111.40536818456657,
                45.88430993638491
              ],
              [
                -111.40992421883274,
                45.88512606896338
              ],
              [
                -111.41034647435518,
                45.88569541693425
              ],
              [
                -111.41010001219163,
                45.885758954439446
              ],
              [
                -111.40784732822377,
                45.88530242617533
              ],
              [
                -111.40769044508706,
                45.88533427351144
              ],
              [
                -111.40766635355581,
                45.885781281770306
              ],
              [
                -111.40367481549083,
                45.88509062725953
              ],
              [
                -111.4019236252883,
                45.88505073462706
              ],
              [
                -111.4004131000315,
                45.885306585235305
              ],
              [
                -111.39513376681039,
                45.886918482294696
              ],
              [
                -111.39773205888964,
                45.88581825760529
              ]
            ]
          ],
          [
            [
              [
                -111.33613138873994,
                45.891844767511934
              ],
              [
                -111.33514169095035,
                45.89207114984336
              ],
              [
                -111.33288571326133,
                45.89217304655413
              ],
              [
                -111.33226100569863,
                45.892398330035405
              ],
              [
                -111.33228304756089,
                45.89271366526997
              ],
              [
                -111.33211629478852,
                45.89262701510313
              ],
              [
                -111.33218687609975,
                45.89210921977121
              ],
              [
                -111.33419783924606,
                45.89193648562824
              ],
              [
                -111.33503374665786,
                45.89207132893522
              ],
              [
                -111.33612080338136,
                45.8918338890201
              ],
              [
                -111.33634809479246,
                45.89182636592866
              ],
              [
                -111.33613138873994,
                45.891844767511934
              ]
            ]
          ],
          [
            [
              [
                -111.2645875805694,
                45.88956301819354
              ],
              [
                -111.26470578790018,
                45.8895627828073
              ],
              [
                -111.26458758111222,
                45.889563060022496
              ],
              [
                -111.2645875805694,
                45.88956301819354
              ]
            ]
          ],
          [
            [
              [
                -111.27492149578013,
                45.885953511638505
              ],
              [
                -111.27484877726785,
                45.889542585074366
              ],
              [
                -111.27492084967434,
                45.8859533911609
              ],
              [
                -111.27492149578013,
                45.885953511638505
              ]
            ]
          ],
          [
            [
              [
                -111.30673829084819,
                45.879470740436275
              ],
              [
                -111.30673122953986,
                45.878177908271354
              ],
              [
                -111.30676337826453,
                45.878138111261045
              ],
              [
                -111.30678378799912,
                45.879468897997356
              ],
              [
                -111.30673829084819,
                45.879470740436275
              ]
            ]
          ],
          [
            [
              [
                -111.30694172922477,
                45.88170126417279
              ],
              [
                -111.30712481108966,
                45.88179280506813
              ],
              [
                -111.30754125718599,
                45.88239162818098
              ],
              [
                -111.30806603151093,
                45.88253956880754
              ],
              [
                -111.30790193217271,
                45.88308003032131
              ],
              [
                -111.30769931788592,
                45.883223499792415
              ],
              [
                -111.30812753000302,
                45.883387677755486
              ],
              [
                -111.30819600892251,
                45.88355687572959
              ],
              [
                -111.30768911957716,
                45.88382969640511
              ],
              [
                -111.3076752357613,
                45.88398775561701
              ],
              [
                -111.30798421790922,
                45.88449825307477
              ],
              [
                -111.30846420135526,
                45.884373138646346
              ],
              [
                -111.30855927185512,
                45.88440812393556
              ],
              [
                -111.30861355390117,
                45.88449927194117
              ],
              [
                -111.30842286292504,
                45.884876419838264
              ],
              [
                -111.30815655396889,
                45.88492097363332
              ],
              [
                -111.30788294879544,
                45.88482394128705
              ],
              [
                -111.30771382938431,
                45.88487171293986
              ],
              [
                -111.30751764694247,
                45.88521920852826
              ],
              [
                -111.30709516078187,
                45.88539138736464
              ],
              [
                -111.30689113469832,
                45.88569542668984
              ],
              [
                -111.30720239038892,
                45.88594620417994
              ],
              [
                -111.30774559829956,
                45.885753944114164
              ],
              [
                -111.3079551944952,
                45.88582061955315
              ],
              [
                -111.30803677276698,
                45.88599044616909
              ],
              [
                -111.30799339509815,
                45.886093360287234
              ],
              [
                -111.3076247980799,
                45.886347354398524
              ],
              [
                -111.30790648272512,
                45.88694829526544
              ],
              [
                -111.30748030986172,
                45.887262295985394
              ],
              [
                -111.30795825416959,
                45.88725704022212
              ],
              [
                -111.3088266017286,
                45.88789171035534
              ],
              [
                -111.30933199942932,
                45.88799807802979
              ],
              [
                -111.3096961254234,
                45.88878084473774
              ],
              [
                -111.30932721542568,
                45.889202625001985
              ],
              [
                -111.30877396755554,
                45.889373549183816
              ],
              [
                -111.30677978114134,
                45.889001518388454
              ],
              [
                -111.30677918266886,
                45.88886029098768
              ],
              [
                -111.30715030655132,
                45.88883897089024
              ],
              [
                -111.3084930688042,
                45.889238001971016
              ],
              [
                -111.30938675182252,
                45.888991695591415
              ],
              [
                -111.30949939413883,
                45.8886649085623
              ],
              [
                -111.3092264961061,
                45.88813895826801
              ],
              [
                -111.30795574354725,
                45.887367486266555
              ],
              [
                -111.30677354743365,
                45.887530489466684
              ],
              [
                -111.30733684040905,
                45.88734764084803
              ],
              [
                -111.30734178176397,
                45.88712839632797
              ],
              [
                -111.30775618855124,
                45.88696257071668
              ],
              [
                -111.30743693070728,
                45.88645489822482
              ],
              [
                -111.30681269323519,
                45.88625589214281
              ],
              [
                -111.3067673909315,
                45.886077679491194
              ],
              [
                -111.30754023903954,
                45.88642493289398
              ],
              [
                -111.30797888389678,
                45.88598260123252
              ],
              [
                -111.30786498681674,
                45.885809010619084
              ],
              [
                -111.3071464621077,
                45.88598001339691
              ],
              [
                -111.30684344295432,
                45.885739354440595
              ],
              [
                -111.3068290875976,
                45.88559494333497
              ],
              [
                -111.30710222121952,
                45.88533436026717
              ],
              [
                -111.30746548396559,
                45.88522030734891
              ],
              [
                -111.30773979364874,
                45.884828335253886
              ],
              [
                -111.30796696040336,
                45.884803155456986
              ],
              [
                -111.30820769670581,
                45.88489697124917
              ],
              [
                -111.30842152836169,
                45.884843788022835
              ],
              [
                -111.30857323430124,
                45.884507901381184
              ],
              [
                -111.30851534410488,
                45.8844147914856
              ],
              [
                -111.30824605565911,
                45.88454821969914
              ],
              [
                -111.30791299263653,
                45.88449299736326
              ],
              [
                -111.30760346173126,
                45.88396061526761
              ],
              [
                -111.3077102995989,
                45.88375431292774
              ],
              [
                -111.3081300393629,
                45.88352165600616
              ],
              [
                -111.30761232547185,
                45.88329723439752
              ],
              [
                -111.30801480888307,
                45.882559257128456
              ],
              [
                -111.30748164217466,
                45.88242637774355
              ],
              [
                -111.3070378199672,
                45.88177280243873
              ],
              [
                -111.30674919633006,
                45.88172719751564
              ],
              [
                -111.30694172922477,
                45.88170126417279
              ]
            ]
          ],
          [
            [
              [
                -111.29622428887298,
                45.87692753296326
              ],
              [
                -111.29622353935048,
                45.87686162073508
              ],
              [
                -111.29632851504901,
                45.87683378274743
              ],
              [
                -111.29632894981467,
                45.87691429334234
              ],
              [
                -111.29622428887298,
                45.87692753296326
              ]
            ]
          ],
          [
            [
              [
                -111.29630717576178,
                45.87554964669333
              ],
              [
                -111.29632211253566,
                45.87564815514976
              ],
              [
                -111.29621097627094,
                45.87575683658779
              ],
              [
                -111.29620964263614,
                45.87563955813043
              ],
              [
                -111.29630717576178,
                45.87554964669333
              ]
            ]
          ],
          [
            [
              [
                -111.29604682813772,
                45.8740374509809
              ],
              [
                -111.29595097311535,
                45.87385609400408
              ],
              [
                -111.29628851838801,
                45.87355881770724
              ],
              [
                -111.29606439868908,
                45.87390582621096
              ],
              [
                -111.29630188117466,
                45.87417373612428
              ],
              [
                -111.29604682813772,
                45.8740374509809
              ]
            ]
          ],
          [
            [
              [
                -111.28762737674803,
                45.82329450448149
              ],
              [
                -111.28715319768293,
                45.82294661605409
              ],
              [
                -111.28592103868233,
                45.82272258741437
              ],
              [
                -111.28588958284782,
                45.82219404787332
              ],
              [
                -111.28634925057499,
                45.82172049622187
              ],
              [
                -111.28564421796189,
                45.82106974590627
              ],
              [
                -111.2849934674705,
                45.82090399897557
              ],
              [
                -111.28488278550766,
                45.82005000698029
              ],
              [
                -111.28392846579662,
                45.81962414720864
              ],
              [
                -111.28394180084639,
                45.81939745195728
              ],
              [
                -111.28425737182275,
                45.81919366024115
              ],
              [
                -111.28395756786826,
                45.81869689077598
              ],
              [
                -111.28347719142371,
                45.81832052874576
              ],
              [
                -111.28308239568914,
                45.818513258970164
              ],
              [
                -111.2833433702491,
                45.81796408943057
              ],
              [
                -111.28341114455786,
                45.818100263996925
              ],
              [
                -111.28365509738614,
                45.818029274452
              ],
              [
                -111.28363062343936,
                45.81760176833374
              ],
              [
                -111.28315511106811,
                45.81694843008243
              ],
              [
                -111.28271089606834,
                45.81686222220045
              ],
              [
                -111.28233587983374,
                45.81660264775188
              ],
              [
                -111.28319472341268,
                45.81677428939178
              ],
              [
                -111.2835904609348,
                45.817270431514515
              ],
              [
                -111.28379754660759,
                45.817965736956666
              ],
              [
                -111.28356151602215,
                45.81818843248717
              ],
              [
                -111.28436350250408,
                45.819180090707924
              ],
              [
                -111.28409060462157,
                45.819432671672985
              ],
              [
                -111.28414927933889,
                45.819665094118086
              ],
              [
                -111.284980523793,
                45.8199865467599
              ],
              [
                -111.28510893348793,
                45.82081222231087
              ],
              [
                -111.28585781386276,
                45.82094455292262
              ],
              [
                -111.28658739892644,
                45.821624562643144
              ],
              [
                -111.28661242158084,
                45.821815253667005
              ],
              [
                -111.28606843052711,
                45.822224013177625
              ],
              [
                -111.28619636866735,
                45.822673952677036
              ],
              [
                -111.28746531639216,
                45.82290723808291
              ],
              [
                -111.28806053032693,
                45.823794569071694
              ],
              [
                -111.28832273477968,
                45.82382786547947
              ],
              [
                -111.28784050425176,
                45.82382823541296
              ],
              [
                -111.28762737674803,
                45.82329450448149
              ]
            ]
          ],
          [
            [
              [
                -111.29556775831976,
                45.83369907013988
              ],
              [
                -111.2955706323861,
                45.83408191974563
              ],
              [
                -111.29556951614235,
                45.83408439274371
              ],
              [
                -111.29556676696262,
                45.8336983178739
              ],
              [
                -111.29556775831976,
                45.83369907013988
              ]
            ]
          ],
          [
            [
              [
                -111.28570769720133,
                45.80181378048957
              ],
              [
                -111.28629486342821,
                45.801813976742146
              ],
              [
                -111.28629695888031,
                45.801840166174706
              ],
              [
                -111.28571242678228,
                45.80184002746022
              ],
              [
                -111.28570769720133,
                45.80181378048957
              ]
            ]
          ],
          [
            [
              [
                -111.30683903833877,
                45.82365533333646
              ],
              [
                -111.30621032955435,
                45.82299909155435
              ],
              [
                -111.30591772212091,
                45.82291409302934
              ],
              [
                -111.30593614339764,
                45.81861831485568
              ],
              [
                -111.306386115638,
                45.81840704752734
              ],
              [
                -111.30656825713744,
                45.818394888504926
              ],
              [
                -111.3068035819349,
                45.81882749316076
              ],
              [
                -111.30754375555837,
                45.81873461893128
              ],
              [
                -111.30771365951409,
                45.818948136234354
              ],
              [
                -111.30670631385367,
                45.81905403256885
              ],
              [
                -111.30593805830597,
                45.81961606576555
              ],
              [
                -111.3062075040269,
                45.820076909590114
              ],
              [
                -111.30605697554341,
                45.820724601899386
              ],
              [
                -111.30673651404247,
                45.82130310802845
              ],
              [
                -111.30696368089359,
                45.82177940469014
              ],
              [
                -111.3060699180674,
                45.82245368736275
              ],
              [
                -111.30609643247467,
                45.822826598446895
              ],
              [
                -111.30660826337012,
                45.823347057259575
              ],
              [
                -111.3073701930111,
                45.8237756695997
              ],
              [
                -111.30656645801217,
                45.82377013588634
              ],
              [
                -111.30683903833877,
                45.82365533333646
              ]
            ]
          ],
          [
            [
              [
                -111.30602269534215,
                45.816498800123206
              ],
              [
                -111.30594522461429,
                45.81650060646726
              ],
              [
                -111.30594535574315,
                45.81647002767124
              ],
              [
                -111.30607640112444,
                45.81646995897596
              ],
              [
                -111.30602269534215,
                45.816498800123206
              ]
            ]
          ],
          [
            [
              [
                -111.30672351393162,
                45.87676528244523
              ],
              [
                -111.30671310985421,
                45.874860433473955
              ],
              [
                -111.30674247613108,
                45.87677521838115
              ],
              [
                -111.30672351393162,
                45.87676528244523
              ]
            ]
          ],
          [
            [
              [
                -111.30527813366096,
                45.84042079310999
              ],
              [
                -111.30476936224751,
                45.84034297892921
              ],
              [
                -111.30411908187305,
                45.839887705180395
              ],
              [
                -111.30404989568672,
                45.83949330105461
              ],
              [
                -111.3043008302588,
                45.83877665968467
              ],
              [
                -111.30424764697553,
                45.838409317333166
              ],
              [
                -111.30453427159743,
                45.838436380391634
              ],
              [
                -111.30485258774965,
                45.838755558179386
              ],
              [
                -111.30532449183694,
                45.838712101871025
              ],
              [
                -111.30540732627291,
                45.839855857737824
              ],
              [
                -111.30527813366096,
                45.84042079310999
              ]
            ]
          ],
          [
            [
              [
                -111.27082174600922,
                45.816518587674814
              ],
              [
                -111.2707862959206,
                45.81661936801465
              ],
              [
                -111.27058918067462,
                45.8165168898085
              ],
              [
                -111.27082174600922,
                45.816518587674814
              ]
            ]
          ],
          [
            [
              [
                -111.2724826740331,
                45.82458439772675
              ],
              [
                -111.27237748366537,
                45.824432456009134
              ],
              [
                -111.27289245245842,
                45.82453913669471
              ],
              [
                -111.27510811077816,
                45.82564257276435
              ],
              [
                -111.27532578637458,
                45.825846364430355
              ],
              [
                -111.27621256753645,
                45.82623135454887
              ],
              [
                -111.27636333192369,
                45.82642855725566
              ],
              [
                -111.28084414770096,
                45.82882329676108
              ],
              [
                -111.28124482657599,
                45.82908819382879
              ],
              [
                -111.2791405546982,
                45.828188313694135
              ],
              [
                -111.2724826740331,
                45.82458439772675
              ]
            ]
          ],
          [
            [
              [
                -111.27312220724673,
                45.82513380161318
              ],
              [
                -111.27778445732514,
                45.8276479295939
              ],
              [
                -111.2780668478399,
                45.82802068349328
              ],
              [
                -111.27898108369473,
                45.82846795773391
              ],
              [
                -111.27905434809863,
                45.82831687907413
              ],
              [
                -111.28176057996777,
                45.829737846656116
              ],
              [
                -111.28187698774758,
                45.830203397460295
              ],
              [
                -111.28221710988623,
                45.83013993721706
              ],
              [
                -111.28244686462581,
                45.83048123670193
              ],
              [
                -111.28327724729357,
                45.83069130295424
              ],
              [
                -111.28364568724946,
                45.830947650478834
              ],
              [
                -111.28366937668436,
                45.83128345852368
              ],
              [
                -111.28389183651294,
                45.83146457974744
              ],
              [
                -111.27252989577113,
                45.825406699567395
              ],
              [
                -111.27219338172856,
                45.8251909859581
              ],
              [
                -111.27219675404798,
                45.824726689809545
              ],
              [
                -111.27312220724673,
                45.82513380161318
              ]
            ]
          ],
          [
            [
              [
                -111.24271290595192,
                45.86842489525304
              ],
              [
                -111.24283939728949,
                45.86831216754282
              ],
              [
                -111.2428309137408,
                45.86934976682864
              ],
              [
                -111.24271290595192,
                45.86842489525304
              ]
            ]
          ],
          [
            [
              [
                -111.2430715398387,
                45.87123564436613
              ],
              [
                -111.24296329821419,
                45.8703873139064
              ],
              [
                -111.24299094652966,
                45.87036788416064
              ],
              [
                -111.24309809745964,
                45.87042240060401
              ],
              [
                -111.2430715398387,
                45.87123564436613
              ]
            ]
          ],
          [
            [
              [
                -111.24314005863008,
                45.87177265199205
              ],
              [
                -111.24323333070663,
                45.87204496379237
              ],
              [
                -111.2432236849118,
                45.87242806272112
              ],
              [
                -111.24314005863008,
                45.87177265199205
              ]
            ]
          ],
          [
            [
              [
                -111.24465610395606,
                45.87470538518465
              ],
              [
                -111.24476831413448,
                45.87489693759113
              ],
              [
                -111.24345800514796,
                45.87488515896697
              ],
              [
                -111.243383055462,
                45.873677109866925
              ],
              [
                -111.24465610395606,
                45.87470538518465
              ]
            ]
          ]
        ]
      }
    },
    {
      "type": "Feature",
      "properties": {
        "category": "Agriculture",
        "description": "Agricultural lands comprising the majority of the Planning Jurisdictional Area outside town limits. Per Growth Policy: 'All possible efforts should be made to preserve agriculture.' Development at densities greater than 1 unit per half acre is discouraged.",
        "density": "1 unit per 20 acres (agriculture preservation)",
        "primary_uses": "Agriculture, ranching, farming, rural residential at very low density",
        "approx_acres": 21090.9
      },
      "geometry": {
        "type": "MultiPolygon",
        "coordinates": [
          [
            [
              [
                -111.41086843099126,
                45.89021936236795
              ],
              [
                -111.41078888579882,
                45.904115120773056
              ],
              [
                -111.38956730819109,
                45.90374886433788
              ],
              [
                -111.38990159864461,
                45.91848710770554
              ],
              [
                -111.36710036784065,
                45.918478068276855
              ],
              [
                -111.34821278589979,
                45.91881325249842
              ],
              [
                -111.32767517638239,
                45.91844638395262
              ],
              [
                -111.28606976885007,
                45.918311181052296
              ],
              [
                -111.28597495599507,
                45.8927114561218
              ],
              [
                -111.28657470479442,
                45.892303185280014
              ],
              [
                -111.28725800849632,
                45.892320128456795
              ],
              [
                -111.28828692595916,
                45.89311254346402
              ],
              [
                -111.28980994773325,
                45.893613942508225
              ],
              [
                -111.29006880456663,
                45.89314572517437
              ],
              [
                -111.29135861785498,
                45.89259506512988
              ],
              [
                -111.29197234376022,
                45.892125827527245
              ],
              [
                -111.29287567646779,
                45.891964395823194
              ],
              [
                -111.29356988442268,
                45.891532418413306
              ],
              [
                -111.2947931795369,
                45.89166349300361
              ],
              [
                -111.29534572161369,
                45.89211641458856
              ],
              [
                -111.29631863211682,
                45.89243559362416
              ],
              [
                -111.29802269511724,
                45.89216167532973
              ],
              [
                -111.298547390896,
                45.892486265976906
              ],
              [
                -111.29888641432632,
                45.89297927143761
              ],
              [
                -111.29953802920642,
                45.893166197092114
              ],
              [
                -111.29989804439406,
                45.89301326212853
              ],
              [
                -111.30053792285527,
                45.893211928164014
              ],
              [
                -111.30089232172912,
                45.89308022478191
              ],
              [
                -111.30196736180999,
                45.89311811221435
              ],
              [
                -111.30204854986172,
                45.8936118236132
              ],
              [
                -111.30286371405633,
                45.89346082346386
              ],
              [
                -111.3021333446639,
                45.8936410031224
              ],
              [
                -111.30214307167063,
                45.89396834020263
              ],
              [
                -111.30245126801628,
                45.89448707288508
              ],
              [
                -111.30291399527225,
                45.89469878674059
              ],
              [
                -111.30332471404965,
                45.89468827526538
              ],
              [
                -111.30443356325799,
                45.89427002581011
              ],
              [
                -111.30632612217988,
                45.893401363977645
              ],
              [
                -111.30826464678587,
                45.89295165871511
              ],
              [
                -111.31010700359012,
                45.89352357576879
              ],
              [
                -111.31115984601115,
                45.89352349708915
              ],
              [
                -111.31278695795646,
                45.89380980850633
              ],
              [
                -111.31297113865826,
                45.89401006929662
              ],
              [
                -111.31305161936038,
                45.89385161717646
              ],
              [
                -111.3143983813374,
                45.89415746108506
              ],
              [
                -111.31568144993075,
                45.89424045233061
              ],
              [
                -111.31955818621782,
                45.89379200155213
              ],
              [
                -111.32217579039525,
                45.893064805782544
              ],
              [
                -111.33206614868912,
                45.89300145045121
              ],
              [
                -111.33211629478852,
                45.89262701510313
              ],
              [
                -111.33228304756089,
                45.89271366526997
              ],
              [
                -111.33226100569863,
                45.892398330035405
              ],
              [
                -111.33288571326133,
                45.89217304655413
              ],
              [
                -111.33514169095035,
                45.89207114984336
              ],
              [
                -111.33677986428626,
                45.89178970224436
              ],
              [
                -111.33774500836974,
                45.891814567607256
              ],
              [
                -111.33974652189377,
                45.89230568960113
              ],
              [
                -111.34183039950601,
                45.893031038767376
              ],
              [
                -111.34318586947087,
                45.89318345053964
              ],
              [
                -111.3446644918928,
                45.89307496493669
              ],
              [
                -111.34536780570197,
                45.89159474909209
              ],
              [
                -111.34468700516985,
                45.893040686859884
              ],
              [
                -111.3490580019649,
                45.89409172401303
              ],
              [
                -111.3510661043501,
                45.89403971670396
              ],
              [
                -111.35332937688511,
                45.89376211162688
              ],
              [
                -111.35731467734364,
                45.89390981749548
              ],
              [
                -111.35904078223805,
                45.894117843192255
              ],
              [
                -111.3621735012353,
                45.89492735971242
              ],
              [
                -111.3632274424847,
                45.89499325057753
              ],
              [
                -111.36563622361838,
                45.89455201754597
              ],
              [
                -111.36832614046955,
                45.89380909735495
              ],
              [
                -111.37010597844812,
                45.89302923137091
              ],
              [
                -111.37216702807663,
                45.891799896021844
              ],
              [
                -111.37607255336084,
                45.89011199155135
              ],
              [
                -111.37686394966316,
                45.89026416763556
              ],
              [
                -111.37864159142778,
                45.890043904022654
              ],
              [
                -111.37941071020059,
                45.890263382901146
              ],
              [
                -111.38137645516883,
                45.89040081195524
              ],
              [
                -111.38161648558518,
                45.89063833294057
              ],
              [
                -111.38164064640043,
                45.89044489683729
              ],
              [
                -111.38191723104407,
                45.890353904651626
              ],
              [
                -111.38309102970487,
                45.89063652938159
              ],
              [
                -111.3842502385306,
                45.89053322094656
              ],
              [
                -111.38433220974751,
                45.89092605608254
              ],
              [
                -111.38457161279881,
                45.89100065373135
              ],
              [
                -111.38584817091909,
                45.89063519456454
              ],
              [
                -111.38859840881695,
                45.89048678345645
              ],
              [
                -111.38999819666462,
                45.88985885923569
              ],
              [
                -111.3909631062718,
                45.889653185458016
              ],
              [
                -111.39457792630503,
                45.88955725156069
              ],
              [
                -111.39615656190587,
                45.889341536461274
              ],
              [
                -111.39752803346495,
                45.88952728596132
              ],
              [
                -111.39783411194902,
                45.88942703831286
              ],
              [
                -111.39852832000268,
                45.88950783329202
              ],
              [
                -111.39902101133666,
                45.890046098421855
              ],
              [
                -111.4012412194839,
                45.891264843350065
              ],
              [
                -111.40271003777347,
                45.89158135453451
              ],
              [
                -111.40379990330416,
                45.89135520793479
              ],
              [
                -111.40480670024773,
                45.891438826539684
              ],
              [
                -111.40645812992115,
                45.89025396772856
              ],
              [
                -111.40757505850904,
                45.889865054950526
              ],
              [
                -111.40805504189186,
                45.88941479976284
              ],
              [
                -111.40900928916291,
                45.88916049469535
              ],
              [
                -111.41022341827248,
                45.88915973422311
              ],
              [
                -111.41023440252266,
                45.888688794277165
              ],
              [
                -111.41054344204169,
                45.88922716789833
              ],
              [
                -111.41055450237542,
                45.889965459449726
              ],
              [
                -111.41086843099126,
                45.89021936236795
              ]
            ]
          ],
          [
            [
              [
                -111.41093780139728,
                45.88617083723633
              ],
              [
                -111.40942745436114,
                45.88575087512938
              ],
              [
                -111.40816414152206,
                45.88586865044991
              ],
              [
                -111.4075730971221,
                45.885699103925816
              ],
              [
                -111.40769044508706,
                45.88533427351144
              ],
              [
                -111.40784732822377,
                45.88530242617533
              ],
              [
                -111.41010001219163,
                45.885758954439446
              ],
              [
                -111.41034647435518,
                45.88569541693425
              ],
              [
                -111.40992421883274,
                45.88512606896338
              ],
              [
                -111.41029267824871,
                45.88519207192026
              ],
              [
                -111.4102886512164,
                45.885362977791424
              ],
              [
                -111.41095212054053,
                45.88547943766888
              ],
              [
                -111.41093780139728,
                45.88617083723633
              ]
            ]
          ],
          [
            [
              [
                -111.41111115090307,
                45.87815110388648
              ],
              [
                -111.40207255381434,
                45.876007043849654
              ],
              [
                -111.4021221546993,
                45.877864169958926
              ],
              [
                -111.40524237327037,
                45.87789307328264
              ],
              [
                -111.40614657999673,
                45.87808137293758
              ],
              [
                -111.40734932825086,
                45.87852291661519
              ],
              [
                -111.41036851667597,
                45.88008690741676
              ],
              [
                -111.410331606371,
                45.883181210482896
              ],
              [
                -111.40753027180045,
                45.883498180157076
              ],
              [
                -111.4071672748293,
                45.88190279687765
              ],
              [
                -111.41032641865218,
                45.882074414932596
              ],
              [
                -111.41034012873388,
                45.88185450626423
              ],
              [
                -111.40185774178964,
                45.881881368630495
              ],
              [
                -111.40069823544955,
                45.88292859349923
              ],
              [
                -111.40071056380366,
                45.881886170932745
              ],
              [
                -111.39028870671093,
                45.881904255461365
              ],
              [
                -111.3838523982166,
                45.88215949059911
              ],
              [
                -111.38220509559045,
                45.882012346363815
              ],
              [
                -111.38058652399361,
                45.88160062853601
              ],
              [
                -111.38876044680396,
                45.88602014608218
              ],
              [
                -111.39032254185057,
                45.886478268014116
              ],
              [
                -111.39171790623624,
                45.88648702995687
              ],
              [
                -111.39473405350198,
                45.88592053495747
              ],
              [
                -111.40000966526809,
                45.88431074806492
              ],
              [
                -111.40191852876809,
                45.884003948271804
              ],
              [
                -111.40348308536088,
                45.88401012544508
              ],
              [
                -111.40536818456657,
                45.88430993638491
              ],
              [
                -111.40459796579722,
                45.88449965579255
              ],
              [
                -111.40502594350417,
                45.884774907133135
              ],
              [
                -111.40724921090866,
                45.88527324540488
              ],
              [
                -111.40708542580595,
                45.8853678457294
              ],
              [
                -111.40323975214514,
                45.88474988468699
              ],
              [
                -111.4002890176784,
                45.884916886624005
              ],
              [
                -111.39513376681039,
                45.886918482294696
              ],
              [
                -111.39220293774461,
                45.887655102982784
              ],
              [
                -111.38967921964026,
                45.88749079921455
              ],
              [
                -111.38762662394228,
                45.88677403765863
              ],
              [
                -111.38899986810846,
                45.887473766725606
              ],
              [
                -111.3888143576379,
                45.88745345082474
              ],
              [
                -111.38721187531267,
                45.88666989842998
              ],
              [
                -111.38506359718247,
                45.88618105135221
              ],
              [
                -111.38659672316096,
                45.88627907714015
              ],
              [
                -111.35646198071804,
                45.87016841398946
              ],
              [
                -111.35635352711671,
                45.86771228161482
              ],
              [
                -111.357914320416,
                45.86686803055291
              ],
              [
                -111.35920118852619,
                45.86577976358739
              ],
              [
                -111.36024804853403,
                45.86445899159904
              ],
              [
                -111.36101374537301,
                45.86295763791919
              ],
              [
                -111.3615725854765,
                45.860497502919536
              ],
              [
                -111.36138472541134,
                45.85798169786476
              ],
              [
                -111.36046671393703,
                45.85563184224988
              ],
              [
                -111.35948653392363,
                45.854260856596206
              ],
              [
                -111.35779491256675,
                45.85254105100927
              ],
              [
                -111.35571929086011,
                45.851321858377744
              ],
              [
                -111.35492683119426,
                45.84924507350976
              ],
              [
                -111.3540065106589,
                45.84788799549167
              ],
              [
                -111.35284274472546,
                45.846732876672185
              ],
              [
                -111.35166969728594,
                45.84593714916825
              ],
              [
                -111.35790755781372,
                45.845874600897695
              ],
              [
                -111.35788035063362,
                45.83849873926641
              ],
              [
                -111.3474440826256,
                45.83864090612277
              ],
              [
                -111.34795308428227,
                45.83922914592701
              ],
              [
                -111.34826794918101,
                45.843575982346174
              ],
              [
                -111.34785009048771,
                45.844833172617875
              ],
              [
                -111.34355952933775,
                45.844791250379416
              ],
              [
                -111.34231041678471,
                45.84380869560603
              ],
              [
                -111.34006288190022,
                45.842413393864376
              ],
              [
                -111.33805751024488,
                45.84158825915976
              ],
              [
                -111.33606428623672,
                45.841080616801094
              ],
              [
                -111.32118833792242,
                45.839051193027984
              ],
              [
                -111.31859894043059,
                45.83887967608992
              ],
              [
                -111.31554871811734,
                45.83885321528914
              ],
              [
                -111.31390206218786,
                45.839224298341854
              ],
              [
                -111.31236120063112,
                45.83991344567374
              ],
              [
                -111.31037945830393,
                45.84148091308674
              ],
              [
                -111.30894604255195,
                45.843561676414026
              ],
              [
                -111.30818761488634,
                45.84597187230196
              ],
              [
                -111.30809275631624,
                45.84765715573029
              ],
              [
                -111.30833278206636,
                45.849327953749615
              ],
              [
                -111.30889822672243,
                45.85091837844856
              ],
              [
                -111.30976679197734,
                45.85236571143723
              ],
              [
                -111.31041399546602,
                45.85312630300334
              ],
              [
                -111.3104277071358,
                45.857624183520706
              ],
              [
                -111.31075504161937,
                45.85923736895189
              ],
              [
                -111.31181054960939,
                45.86146412538049
              ],
              [
                -111.31362007897172,
                45.86356720154586
              ],
              [
                -111.31330765950793,
                45.865867716341214
              ],
              [
                -111.31200057189854,
                45.86348317945687
              ],
              [
                -111.31116251035189,
                45.863794899041544
              ],
              [
                -111.3107743784345,
                45.86325456632141
              ],
              [
                -111.31088678501274,
                45.86294315354511
              ],
              [
                -111.31068597404601,
                45.8625682033164
              ],
              [
                -111.31048524178713,
                45.862853808992064
              ],
              [
                -111.31020183374649,
                45.86294958672398
              ],
              [
                -111.31016763291265,
                45.86281623580976
              ],
              [
                -111.31011005707143,
                45.86289632494606
              ],
              [
                -111.31028560833055,
                45.86306897389874
              ],
              [
                -111.31005922606117,
                45.86304724513325
              ],
              [
                -111.31012982403212,
                45.86321707175025
              ],
              [
                -111.30994015189852,
                45.86316294690689
              ],
              [
                -111.31004110668306,
                45.86279693909788
              ],
              [
                -111.30992540485303,
                45.86251854975088
              ],
              [
                -111.30980044761641,
                45.86252215791207
              ],
              [
                -111.30990077515142,
                45.862591578436245
              ],
              [
                -111.30972625968381,
                45.86303642316601
              ],
              [
                -111.30914914286814,
                45.86210418728732
              ],
              [
                -111.30943781205764,
                45.861878310851495
              ],
              [
                -111.30944149872688,
                45.86156195537911
              ],
              [
                -111.30978271981313,
                45.86218125130931
              ],
              [
                -111.30999647291743,
                45.86227757774741
              ],
              [
                -111.310029497619,
                45.86217466232057
              ],
              [
                -111.30934933032704,
                45.86082193899557
              ],
              [
                -111.30888252469914,
                45.8603538788908
              ],
              [
                -111.30721681934006,
                45.860266023555205
              ],
              [
                -111.30746500763689,
                45.86011831859694
              ],
              [
                -111.30884424551121,
                45.86005697730693
              ],
              [
                -111.3087727071413,
                45.85960946855562
              ],
              [
                -111.30752054392745,
                45.858019380127466
              ],
              [
                -111.30724497947054,
                45.85785849728755
              ],
              [
                -111.30651876802649,
                45.85666846156227
              ],
              [
                -111.30619692234323,
                45.85654907310029
              ],
              [
                -111.30585366226755,
                45.856820559203456
              ],
              [
                -111.30571411388657,
                45.856438784262274
              ],
              [
                -111.30491589288206,
                45.85631445444847
              ],
              [
                -111.30596293082,
                45.85625734867266
              ],
              [
                -111.3063597670177,
                45.856024221580554
              ],
              [
                -111.30673479579107,
                45.85550854692044
              ],
              [
                -111.30659760099275,
                45.85564417144339
              ],
              [
                -111.30639192721988,
                45.855324757903894
              ],
              [
                -111.3058626829465,
                45.85500252073961
              ],
              [
                -111.30607580717594,
                45.85389727971227
              ],
              [
                -111.30579883083976,
                45.853469380716035
              ],
              [
                -111.305378540952,
                45.85338623353798
              ],
              [
                -111.30488220204903,
                45.852847340339444
              ],
              [
                -111.3060057420581,
                45.85283545575323
              ],
              [
                -111.30562463816342,
                45.85185174602991
              ],
              [
                -111.30582290448808,
                45.84973808380991
              ],
              [
                -111.30482608821858,
                45.84784283359391
              ],
              [
                -111.30441548952484,
                45.847663432603866
              ],
              [
                -111.30415750364038,
                45.847165203109284
              ],
              [
                -111.30421611428876,
                45.84685166412458
              ],
              [
                -111.30373785573535,
                45.84635476743731
              ],
              [
                -111.30332306853552,
                45.84555371889404
              ],
              [
                -111.30278386564913,
                45.8455589400967
              ],
              [
                -111.30312577691114,
                45.84518941007262
              ],
              [
                -111.30340989202854,
                45.844331495569286
              ],
              [
                -111.3034026756376,
                45.84385833555412
              ],
              [
                -111.30363517669173,
                45.8438343331529
              ],
              [
                -111.30336227874847,
                45.84377095154774
              ],
              [
                -111.30303933418436,
                45.843314500371974
              ],
              [
                -111.30231139673529,
                45.842872325981006
              ],
              [
                -111.30085599344027,
                45.8426151953742
              ],
              [
                -111.30109084664848,
                45.842491884388764
              ],
              [
                -111.30196272497476,
                45.842547971058295
              ],
              [
                -111.3018976970388,
                45.842349435096196
              ],
              [
                -111.3021695746887,
                45.84211254139594
              ],
              [
                -111.30235061742376,
                45.84236763296164
              ],
              [
                -111.30323951762954,
                45.84271379520073
              ],
              [
                -111.30357477567003,
                45.842797963931794
              ],
              [
                -111.30338988907417,
                45.84269983276141
              ],
              [
                -111.30383975135237,
                45.84261582242682
              ],
              [
                -111.30337427899784,
                45.84228197500432
              ],
              [
                -111.30331105574956,
                45.841864823165515
              ],
              [
                -111.29936921249346,
                45.83976588638172
              ],
              [
                -111.29984095948912,
                45.84008122026439
              ],
              [
                -111.29975208513795,
                45.840484566853085
              ],
              [
                -111.29993093158332,
                45.840907680313094
              ],
              [
                -111.29979460116945,
                45.84104393347905
              ],
              [
                -111.29949777805331,
                45.84066207997225
              ],
              [
                -111.29921664362584,
                45.84086383121444
              ],
              [
                -111.29852863276199,
                45.83982777637395
              ],
              [
                -111.29856848085028,
                45.8396672065162
              ],
              [
                -111.29914533947267,
                45.83930072718
              ],
              [
                -111.29917491192646,
                45.83946231726658
              ],
              [
                -111.30331223179122,
                45.84163138178909
              ],
              [
                -111.3034007145715,
                45.84133965733108
              ],
              [
                -111.30304882496063,
                45.841103078011095
              ],
              [
                -111.29954413628363,
                45.83923546482101
              ],
              [
                -111.29917263698849,
                45.83927790088455
              ],
              [
                -111.29950640586763,
                45.83903575276993
              ],
              [
                -111.30321700401092,
                45.84097537569799
              ],
              [
                -111.3029812090554,
                45.84061979946702
              ],
              [
                -111.29964752310063,
                45.83870904300878
              ],
              [
                -111.30013621322124,
                45.838410337955395
              ],
              [
                -111.30291884751027,
                45.83988135075931
              ],
              [
                -111.30351006155988,
                45.84002576181069
              ],
              [
                -111.3039741217983,
                45.8388629449098
              ],
              [
                -111.30353359337292,
                45.83796737868204
              ],
              [
                -111.30356983325566,
                45.837517673598725
              ],
              [
                -111.30501394152742,
                45.83569351620693
              ],
              [
                -111.30517937284672,
                45.83483806122817
              ],
              [
                -111.32617833698355,
                45.834981975834296
              ],
              [
                -111.32622318747259,
                45.82391167783932
              ],
              [
                -111.31996620176716,
                45.82386505385937
              ],
              [
                -111.32511439618052,
                45.82390321014024
              ],
              [
                -111.32512731288476,
                45.823380605644196
              ],
              [
                -111.32622512955648,
                45.82340192118874
              ],
              [
                -111.32609569098854,
                45.816474023200904
              ],
              [
                -111.32149517565834,
                45.81648375494421
              ],
              [
                -111.321505598463,
                45.81282105960626
              ],
              [
                -111.32461165433452,
                45.81258225092018
              ],
              [
                -111.3242911791777,
                45.81182150199399
              ],
              [
                -111.32311078519417,
                45.81207907413502
              ],
              [
                -111.32294077235683,
                45.81163722868937
              ],
              [
                -111.32366947946062,
                45.811540281780346
              ],
              [
                -111.32402416634807,
                45.811188382960445
              ],
              [
                -111.32316617852568,
                45.80915607002241
              ],
              [
                -111.32214886299174,
                45.80675656593524
              ],
              [
                -111.32177154716958,
                45.80551471053567
              ],
              [
                -111.32081791638818,
                45.80549670586821
              ],
              [
                -111.32151280638365,
                45.805575000933814
              ],
              [
                -111.32172973965616,
                45.80754101957095
              ],
              [
                -111.32217747780048,
                45.80803150879318
              ],
              [
                -111.32174300801928,
                45.80899545416864
              ],
              [
                -111.31980379634679,
                45.80899763693263
              ],
              [
                -111.31984633095996,
                45.808415723491656
              ],
              [
                -111.3189646053015,
                45.807865413361206
              ],
              [
                -111.32077046634808,
                45.80549646577798
              ],
              [
                -111.31446159763411,
                45.80549416528616
              ],
              [
                -111.31368564517295,
                45.80491189077164
              ],
              [
                -111.31350389642616,
                45.80414645887972
              ],
              [
                -111.31485677684758,
                45.80263857707853
              ],
              [
                -111.31485153615843,
                45.80181743719389
              ],
              [
                -111.38897988813022,
                45.801471044999076
              ],
              [
                -111.38896424360786,
                45.81239712020766
              ],
              [
                -111.38903498826986,
                45.81599296434073
              ],
              [
                -111.38920712264105,
                45.81599457903669
              ],
              [
                -111.38920851294756,
                45.81618123053697
              ],
              [
                -111.41014205290242,
                45.816185354278744
              ],
              [
                -111.41003477993185,
                45.81622660181642
              ],
              [
                -111.41003725221302,
                45.8235121146377
              ],
              [
                -111.41054404473697,
                45.845355042445085
              ],
              [
                -111.43111444001114,
                45.84535867983277
              ],
              [
                -111.43129842218715,
                45.86014240079958
              ],
              [
                -111.43110183795345,
                45.86014351276787
              ],
              [
                -111.43102387267487,
                45.84550495150374
              ],
              [
                -111.41027881429501,
                45.845418073921415
              ],
              [
                -111.41027197147774,
                45.85999938764507
              ],
              [
                -111.38962262613684,
                45.86013006062249
              ],
              [
                -111.39019666396595,
                45.87228742220301
              ],
              [
                -111.41113446691949,
                45.87716672316949
              ],
              [
                -111.41111115090307,
                45.87815110388648
              ]
            ],
            [
              [
                -111.35791803785405,
                45.8164179818806
              ],
              [
                -111.36833912793273,
                45.81634545612632
              ],
              [
                -111.36831162488615,
                45.801661013119144
              ],
              [
                -111.35789813059226,
                45.80173440176503
              ],
              [
                -111.35790832444553,
                45.80906723567031
              ],
              [
                -111.34748801687346,
                45.809110643701345
              ],
              [
                -111.34749782158262,
                45.8164796931808
              ],
              [
                -111.35791803785405,
                45.8164179818806
              ]
            ],
            [
              [
                -111.39091123173112,
                45.874591063629985
              ],
              [
                -111.39173956089623,
                45.874585350236266
              ],
              [
                -111.3959089478958,
                45.874557058737665
              ],
              [
                -111.39022940830947,
                45.87326463226137
              ],
              [
                -111.39027866709615,
                45.874595630056696
              ],
              [
                -111.39091123173112,
                45.874591063629985
              ]
            ],
            [
              [
                -111.30404989568672,
                45.83949330105461
              ],
              [
                -111.30411908187305,
                45.839887705180395
              ],
              [
                -111.30476936224751,
                45.84034297892921
              ],
              [
                -111.30527813366096,
                45.84042079310999
              ],
              [
                -111.30540732627291,
                45.839855857737824
              ],
              [
                -111.30532449183694,
                45.838712101871025
              ],
              [
                -111.30485258774965,
                45.838755558179386
              ],
              [
                -111.30453427159743,
                45.838436380391634
              ],
              [
                -111.30424764697553,
                45.838409317333166
              ],
              [
                -111.3043008302588,
                45.83877665968467
              ],
              [
                -111.30404989568672,
                45.83949330105461
              ]
            ]
          ],
          [
            [
              [
                -111.4111996106359,
                45.87453211989813
              ],
              [
                -111.41063401154757,
                45.874537060608645
              ],
              [
                -111.41119961063801,
                45.8745321197558
              ],
              [
                -111.4111996106359,
                45.87453211989813
              ]
            ]
          ],
          [
            [
              [
                -111.41169038629887,
                45.87452783253123
              ],
              [
                -111.4120624318437,
                45.87452458248659
              ],
              [
                -111.41208523129369,
                45.874524403875974
              ],
              [
                -111.41206243132801,
                45.874524582850505
              ],
              [
                -111.41169038629887,
                45.87452783253123
              ]
            ]
          ],
          [
            [
              [
                -111.43168884193776,
                45.8745721995177
              ],
              [
                -111.43129548668817,
                45.87457022539645
              ],
              [
                -111.43129189387166,
                45.874464269671854
              ],
              [
                -111.43168606746988,
                45.87446712099197
              ],
              [
                -111.43168884193776,
                45.8745721995177
              ]
            ]
          ],
          [
            [
              [
                -111.31382752717315,
                45.801815161329706
              ],
              [
                -111.31356860977598,
                45.8029689736773
              ],
              [
                -111.3132972023302,
                45.80337012265171
              ],
              [
                -111.31215744755129,
                45.804307420452595
              ],
              [
                -111.31204331482947,
                45.80465005321701
              ],
              [
                -111.31278560741089,
                45.8054935541462
              ],
              [
                -111.31110474712628,
                45.8054929412304
              ],
              [
                -111.31107713629511,
                45.801809048574675
              ],
              [
                -111.31382752717315,
                45.801815161329706
              ]
            ]
          ],
          [
            [
              [
                -111.2866582386733,
                45.80181409819554
              ],
              [
                -111.28629695888031,
                45.801840166174706
              ],
              [
                -111.28629486342821,
                45.801813976742146
              ],
              [
                -111.2866582386733,
                45.80181409819554
              ]
            ]
          ],
          [
            [
              [
                -111.28529651677971,
                45.801813643057926
              ],
              [
                -111.28570769720133,
                45.80181378048957
              ],
              [
                -111.28571242678228,
                45.80184002746022
              ],
              [
                -111.28529653450991,
                45.80183992876542
              ],
              [
                -111.28529651677971,
                45.801813643057926
              ]
            ]
          ],
          [
            [
              [
                -111.28530345375985,
                45.81209798639234
              ],
              [
                -111.28530148364388,
                45.809177212699176
              ],
              [
                -111.29039869948946,
                45.80917947065657
              ],
              [
                -111.2904739280944,
                45.81649575992463
              ],
              [
                -111.28529385527749,
                45.81650866467995
              ],
              [
                -111.28530345375985,
                45.81209798639234
              ]
            ]
          ],
          [
            [
              [
                -111.2831939094988,
                45.81660891188263
              ],
              [
                -111.28523964416176,
                45.81658676390048
              ],
              [
                -111.28527385801159,
                45.820170168633105
              ],
              [
                -111.29561790261464,
                45.820154652191654
              ],
              [
                -111.2955931994782,
                45.823822288088145
              ],
              [
                -111.28806053032693,
                45.823794569071694
              ],
              [
                -111.28746531639216,
                45.82290723808291
              ],
              [
                -111.28619636866735,
                45.822673952677036
              ],
              [
                -111.28606843052711,
                45.822224013177625
              ],
              [
                -111.28661242158084,
                45.821815253667005
              ],
              [
                -111.28658739892644,
                45.821624562643144
              ],
              [
                -111.28585781386276,
                45.82094455292262
              ],
              [
                -111.28510893348793,
                45.82081222231087
              ],
              [
                -111.284980523793,
                45.8199865467599
              ],
              [
                -111.28414927933889,
                45.819665094118086
              ],
              [
                -111.28409060462157,
                45.819432671672985
              ],
              [
                -111.28436350250408,
                45.819180090707924
              ],
              [
                -111.28356151602215,
                45.81818843248717
              ],
              [
                -111.28379754660759,
                45.817965736956666
              ],
              [
                -111.2835904609348,
                45.817270431514515
              ],
              [
                -111.28319472341268,
                45.81677428939178
              ],
              [
                -111.28243641353778,
                45.81660338170817
              ],
              [
                -111.2831939094988,
                45.81660891188263
              ]
            ]
          ],
          [
            [
              [
                -111.28233587983374,
                45.81660264775188
              ],
              [
                -111.28315511106811,
                45.81694843008243
              ],
              [
                -111.28363062343936,
                45.81760176833374
              ],
              [
                -111.28365509738614,
                45.818029274452
              ],
              [
                -111.28341114455786,
                45.818100263996925
              ],
              [
                -111.2833433702491,
                45.81796408943057
              ],
              [
                -111.28308239568914,
                45.818513258970164
              ],
              [
                -111.28347719142371,
                45.81832052874576
              ],
              [
                -111.28395756786826,
                45.81869689077598
              ],
              [
                -111.28425737182275,
                45.81919366024115
              ],
              [
                -111.28394180084639,
                45.81939745195728
              ],
              [
                -111.28392846579662,
                45.81962414720864
              ],
              [
                -111.28488278550766,
                45.82005000698029
              ],
              [
                -111.2849934674705,
                45.82090399897557
              ],
              [
                -111.28564421796189,
                45.82106974590627
              ],
              [
                -111.28634925057499,
                45.82172049622187
              ],
              [
                -111.28588958284782,
                45.82219404787332
              ],
              [
                -111.28592103868233,
                45.82272258741437
              ],
              [
                -111.28715319768293,
                45.82294661605409
              ],
              [
                -111.28762737674803,
                45.82329450448149
              ],
              [
                -111.28784050425176,
                45.82382823541296
              ],
              [
                -111.28531768546289,
                45.82383017074285
              ],
              [
                -111.28527875622318,
                45.829072624755945
              ],
              [
                -111.28526299304569,
                45.827986090420275
              ],
              [
                -111.28523820634649,
                45.82890769954196
              ],
              [
                -111.28509528565692,
                45.82904520737542
              ],
              [
                -111.28504610321293,
                45.827573018227696
              ],
              [
                -111.28464071729404,
                45.82690226393659
              ],
              [
                -111.28504618023712,
                45.826291910384114
              ],
              [
                -111.28504610254379,
                45.82409515636286
              ],
              [
                -111.28479155967412,
                45.824045032576976
              ],
              [
                -111.2847829301964,
                45.82383473050621
              ],
              [
                -111.28459012144312,
                45.824029186860784
              ],
              [
                -111.28440374442953,
                45.8238812462022
              ],
              [
                -111.28398682831529,
                45.82408488076712
              ],
              [
                -111.28335498167789,
                45.824074212229284
              ],
              [
                -111.28324037865445,
                45.823746562146894
              ],
              [
                -111.28289837319245,
                45.82374146362159
              ],
              [
                -111.28308192654633,
                45.82386783265437
              ],
              [
                -111.28302819329812,
                45.82400902851895
              ],
              [
                -111.28244976559763,
                45.82391089738548
              ],
              [
                -111.2822863720158,
                45.82363517584706
              ],
              [
                -111.28239972024036,
                45.82327748315145
              ],
              [
                -111.28222087385078,
                45.82314350491733
              ],
              [
                -111.28143528202976,
                45.82303996223398
              ],
              [
                -111.2807173060943,
                45.823318037337934
              ],
              [
                -111.28021739849912,
                45.82297814970608
              ],
              [
                -111.2800863223919,
                45.82258131483279
              ],
              [
                -111.28036808539693,
                45.82203818550363
              ],
              [
                -111.28139347170601,
                45.82140743766294
              ],
              [
                -111.2812830269021,
                45.82111539890208
              ],
              [
                -111.28074381994446,
                45.82079441640547
              ],
              [
                -111.28103358235498,
                45.81984072550599
              ],
              [
                -111.28096431889712,
                45.819441692995355
              ],
              [
                -111.28044997730211,
                45.818630529968495
              ],
              [
                -111.28023630277664,
                45.81852573125486
              ],
              [
                -111.27998285743904,
                45.81861029163362
              ],
              [
                -111.27973200120866,
                45.81808700783145
              ],
              [
                -111.27904579524463,
                45.81793389008199
              ],
              [
                -111.27903606824779,
                45.81765605078764
              ],
              [
                -111.27877234846991,
                45.81746308488403
              ],
              [
                -111.27878497754511,
                45.81692089723514
              ],
              [
                -111.2780385279238,
                45.81678825230166
              ],
              [
                -111.27787705576768,
                45.81657009566413
              ],
              [
                -111.28233587983374,
                45.81660264775188
              ]
            ]
          ],
          [
            [
              [
                -111.27779791640485,
                45.81656951789935
              ],
              [
                -111.27791961090033,
                45.81679178188191
              ],
              [
                -111.27783371740004,
                45.81737499504826
              ],
              [
                -111.27815375837767,
                45.81762020249784
              ],
              [
                -111.27794988942966,
                45.81779442178435
              ],
              [
                -111.27815556322254,
                45.81821871132832
              ],
              [
                -111.27790729504399,
                45.81841026545252
              ],
              [
                -111.27784548376677,
                45.81873760253965
              ],
              [
                -111.27831770099557,
                45.81936764432574
              ],
              [
                -111.27766906839813,
                45.819993607895064
              ],
              [
                -111.27784634732237,
                45.82123839586696
              ],
              [
                -111.27822819967052,
                45.82164134950955
              ],
              [
                -111.28011699354057,
                45.82211419502638
              ],
              [
                -111.27993602949071,
                45.8224034874301
              ],
              [
                -111.27995909029032,
                45.8227803209856
              ],
              [
                -111.28050355300891,
                45.82332015509943
              ],
              [
                -111.28097326079852,
                45.823403067841404
              ],
              [
                -111.28159647925527,
                45.82313777777544
              ],
              [
                -111.28212533191592,
                45.82335466876278
              ],
              [
                -111.28194326910757,
                45.82394211742104
              ],
              [
                -111.28283091344707,
                45.82486247179014
              ],
              [
                -111.28292457414626,
                45.828626486746394
              ],
              [
                -111.28346417265932,
                45.828755759291035
              ],
              [
                -111.28384202516665,
                45.82864601912507
              ],
              [
                -111.28341318569254,
                45.8283590802613
              ],
              [
                -111.2834545241767,
                45.82813418842722
              ],
              [
                -111.28364247014517,
                45.82810673373185
              ],
              [
                -111.28438374272432,
                45.828740070630175
              ],
              [
                -111.28423838994804,
                45.82875607223006
              ],
              [
                -111.28433118691147,
                45.82908411521645
              ],
              [
                -111.28407593818189,
                45.829314654381136
              ],
              [
                -111.28287421460738,
                45.82872061688758
              ],
              [
                -111.28500390206862,
                45.82995206958404
              ],
              [
                -111.2766674496998,
                45.82566610482442
              ],
              [
                -111.27721057895852,
                45.825101169413195
              ],
              [
                -111.2766541143524,
                45.82434546449874
              ],
              [
                -111.27650531045273,
                45.82366317982139
              ],
              [
                -111.27570701207337,
                45.822997525434374
              ],
              [
                -111.27484148822803,
                45.822661874629446
              ],
              [
                -111.27513415291551,
                45.821921150986036
              ],
              [
                -111.27566598628462,
                45.821576793342786
              ],
              [
                -111.27578764961332,
                45.82115901284345
              ],
              [
                -111.2756720263059,
                45.82057909483364
              ],
              [
                -111.27489059131945,
                45.82011982004557
              ],
              [
                -111.27491726146971,
                45.81993030510332
              ],
              [
                -111.27542493521639,
                45.81917287393966
              ],
              [
                -111.2761517736591,
                45.818624647320924
              ],
              [
                -111.27604399535475,
                45.81835739674299
              ],
              [
                -111.27537583016583,
                45.81833770718008
              ],
              [
                -111.27547223506623,
                45.81755878300943
              ],
              [
                -111.27518843404934,
                45.81726862888443
              ],
              [
                -111.27485317470425,
                45.81721120891719
              ],
              [
                -111.27450308976698,
                45.81668212196272
              ],
              [
                -111.2745920776095,
                45.81654611335497
              ],
              [
                -111.27779791640485,
                45.81656951789935
              ]
            ]
          ],
          [
            [
              [
                -111.27090133345159,
                45.81651916871083
              ],
              [
                -111.2709092913809,
                45.81720979746028
              ],
              [
                -111.27050712236667,
                45.8183436692698
              ],
              [
                -111.27065051344204,
                45.81931422609911
              ],
              [
                -111.26989261222427,
                45.82015260949181
              ],
              [
                -111.26926170747292,
                45.82134319409808
              ],
              [
                -111.26935717095564,
                45.82179901796192
              ],
              [
                -111.2697653019071,
                45.82224848857205
              ],
              [
                -111.27151250839802,
                45.82318633485465
              ],
              [
                -111.2717998403035,
                45.823525202271114
              ],
              [
                -111.27171198481932,
                45.823623017836
              ],
              [
                -111.27096310444567,
                45.82349719891903
              ],
              [
                -111.27010981689034,
                45.823226653273665
              ],
              [
                -111.27126031916669,
                45.82394486350036
              ],
              [
                -111.27098640108386,
                45.82438044902015
              ],
              [
                -111.27121617056292,
                45.82469227549063
              ],
              [
                -111.27069506958331,
                45.824806466069724
              ],
              [
                -111.27037024316665,
                45.82511842761912
              ],
              [
                -111.26964277759559,
                45.82673291020553
              ],
              [
                -111.26948589464615,
                45.82773876668278
              ],
              [
                -111.26993622734392,
                45.828937351980514
              ],
              [
                -111.27094396605384,
                45.82959712329613
              ],
              [
                -111.27094106387574,
                45.8298978687746
              ],
              [
                -111.27153455161411,
                45.83054046114681
              ],
              [
                -111.2717088495802,
                45.83104735046802
              ],
              [
                -111.27285507751522,
                45.83206864484876
              ],
              [
                -111.27272113684066,
                45.83199406068736
              ],
              [
                -111.27291135778113,
                45.83232775097507
              ],
              [
                -111.27425027620586,
                45.83305537380473
              ],
              [
                -111.27494048343976,
                45.83434079564666
              ],
              [
                -111.27563986739177,
                45.83478155821277
              ],
              [
                -111.27503688889877,
                45.83646459824647
              ],
              [
                -111.27520443957013,
                45.837708916046545
              ],
              [
                -111.27561476687987,
                45.838345939705825
              ],
              [
                -111.27614401248287,
                45.83877195536852
              ],
              [
                -111.27620943204134,
                45.83912737445477
              ],
              [
                -111.27753132863018,
                45.83979075389025
              ],
              [
                -111.27813454459236,
                45.84028062134949
              ],
              [
                -111.27816184218214,
                45.84064207934209
              ],
              [
                -111.27853561644226,
                45.840923841073135
              ],
              [
                -111.2786790860615,
                45.84170307954273
              ],
              [
                -111.27912949723583,
                45.84236128192228
              ],
              [
                -111.27905458525998,
                45.84249706360015
              ],
              [
                -111.28079135884691,
                45.843191428552984
              ],
              [
                -111.2812856191326,
                45.84353955140986
              ],
              [
                -111.28135762899926,
                45.84406252090729
              ],
              [
                -111.28178615547846,
                45.8444370795224
              ],
              [
                -111.28165790317026,
                45.84478559533985
              ],
              [
                -111.28197315993887,
                45.84517278183383
              ],
              [
                -111.28209929338783,
                45.84582172878394
              ],
              [
                -111.28292481200151,
                45.84640768693936
              ],
              [
                -111.28319182707276,
                45.84740687452104
              ],
              [
                -111.28307753867516,
                45.848658880128795
              ],
              [
                -111.28317911964973,
                45.84915494369873
              ],
              [
                -111.2835833294606,
                45.84971352579643
              ],
              [
                -111.28348943520155,
                45.85047864339266
              ],
              [
                -111.28374939102045,
                45.85088928482786
              ],
              [
                -111.28385983598544,
                45.85201648904308
              ],
              [
                -111.28404825334766,
                45.85152921073316
              ],
              [
                -111.28386093480206,
                45.85202041151396
              ],
              [
                -111.28527374516338,
                45.853629560909866
              ],
              [
                -111.28392541396536,
                45.8521173652996
              ],
              [
                -111.2839889515966,
                45.85285275461079
              ],
              [
                -111.28414144216545,
                45.85321633033302
              ],
              [
                -111.2848824004123,
                45.85379264013442
              ],
              [
                -111.28507583660412,
                45.8541437451453
              ],
              [
                -111.28547204552379,
                45.85419834014188
              ],
              [
                -111.28505097123164,
                45.85458160554382
              ],
              [
                -111.28536191395236,
                45.85505099891055
              ],
              [
                -111.28513215804317,
                45.85543700936938
              ],
              [
                -111.28507034686663,
                45.85628535537996
              ],
              [
                -111.2851831452127,
                45.85688433437255
              ],
              [
                -111.28580110823506,
                45.85809476564765
              ],
              [
                -111.28572447022323,
                45.85881823170788
              ],
              [
                -111.28613636779718,
                45.859277506530574
              ],
              [
                -111.28638643941687,
                45.859195691226965
              ],
              [
                -111.28686038273284,
                45.8595012994768
              ],
              [
                -111.28667337848549,
                45.8598711511846
              ],
              [
                -111.28642173782876,
                45.85970179606694
              ],
              [
                -111.28598709266505,
                45.859892958616356
              ],
              [
                -111.28625434333546,
                45.86015487488058
              ],
              [
                -111.29064051523895,
                45.860262623733924
              ],
              [
                -111.29069637650292,
                45.860427132916
              ],
              [
                -111.28870415016048,
                45.86062026699454
              ],
              [
                -111.28787023934099,
                45.860971136360945
              ],
              [
                -111.28764707243889,
                45.86156839054567
              ],
              [
                -111.28806210668263,
                45.86203958863214
              ],
              [
                -111.28816314023099,
                45.8626245266203
              ],
              [
                -111.28953594517026,
                45.86349601180045
              ],
              [
                -111.28857472233025,
                45.863895436000284
              ],
              [
                -111.28848561352447,
                45.86417798226907
              ],
              [
                -111.2891202838884,
                45.86455591327303
              ],
              [
                -111.28949507715295,
                45.86524478689448
              ],
              [
                -111.29058078579874,
                45.8651086907999
              ],
              [
                -111.29099809492433,
                45.865472815250214
              ],
              [
                -111.29203117046134,
                45.86554929613436
              ],
              [
                -111.29223668705008,
                45.865747753502816
              ],
              [
                -111.29229747956205,
                45.86625377975998
              ],
              [
                -111.29279958346143,
                45.86649961452578
              ],
              [
                -111.29276656009614,
                45.86674074368643
              ],
              [
                -111.2928759073689,
                45.866902412345894
              ],
              [
                -111.29344476526401,
                45.86688233107431
              ],
              [
                -111.29386309330863,
                45.867211079943736
              ],
              [
                -111.29413073553987,
                45.86730960138894
              ],
              [
                -111.29490181615444,
                45.86727548040245
              ],
              [
                -111.29501053609835,
                45.86746154303356
              ],
              [
                -111.29546283047182,
                45.867543043949475
              ],
              [
                -111.29586437242948,
                45.867848416464916
              ],
              [
                -111.29616525371908,
                45.86788651917356
              ],
              [
                -111.29628851838801,
                45.87355881770724
              ],
              [
                -111.29595097311535,
                45.87385609400408
              ],
              [
                -111.29630188117466,
                45.87417373612428
              ],
              [
                -111.29632140471735,
                45.875517080229336
              ],
              [
                -111.29620964263614,
                45.87563955813043
              ],
              [
                -111.29620178170684,
                45.87494827618383
              ],
              [
                -111.28591231775133,
                45.874988331629915
              ],
              [
                -111.28589600140452,
                45.87131830871034
              ],
              [
                -111.26448229964514,
                45.87134260018408
              ],
              [
                -111.26455863640342,
                45.87863886124749
              ],
              [
                -111.2662987516174,
                45.8786396939859
              ],
              [
                -111.26455863744192,
                45.878638861607165
              ],
              [
                -111.26454522454844,
                45.881820036319816
              ],
              [
                -111.26443917595861,
                45.8750227312389
              ],
              [
                -111.24833682501023,
                45.87492901563446
              ],
              [
                -111.25403409013869,
                45.87494401999832
              ],
              [
                -111.2536692011991,
                45.86774768972944
              ],
              [
                -111.25903273393072,
                45.86771202434353
              ],
              [
                -111.25877270980398,
                45.86063918946454
              ],
              [
                -111.24594192315523,
                45.8607793834461
              ],
              [
                -111.24473267524132,
                45.861062410980246
              ],
              [
                -111.24381251671508,
                45.86164302754305
              ],
              [
                -111.24311399696967,
                45.862477220249616
              ],
              [
                -111.24294110540362,
                45.86347093713383
              ],
              [
                -111.2433676342325,
                45.868634822295995
              ],
              [
                -111.24310972293954,
                45.86985475642605
              ],
              [
                -111.24339307817259,
                45.87352101645121
              ],
              [
                -111.24504520023704,
                45.87489942657455
              ],
              [
                -111.24476831413448,
                45.87489693759113
              ],
              [
                -111.243383055462,
                45.873677109866925
              ],
              [
                -111.24309809745964,
                45.87042240060401
              ],
              [
                -111.24296329821419,
                45.8703873139064
              ],
              [
                -111.2428309137408,
                45.86934976682864
              ],
              [
                -111.24283939728949,
                45.86831216754282
              ],
              [
                -111.24271290595192,
                45.86842489525304
              ],
              [
                -111.24174768909478,
                45.8605210565945
              ],
              [
                -111.24251261653913,
                45.84582245140458
              ],
              [
                -111.24244277371564,
                45.83903513256797
              ],
              [
                -111.24258826478724,
                45.83903292111525
              ],
              [
                -111.24273520201628,
                45.831182778858924
              ],
              [
                -111.24238066146106,
                45.831158118373494
              ],
              [
                -111.26464308568318,
                45.83108352796577
              ],
              [
                -111.26447335584147,
                45.81647224062215
              ],
              [
                -111.2707862959206,
                45.81661936801465
              ],
              [
                -111.27090133345159,
                45.81651916871083
              ]
            ],
            [
              [
                -111.26900272972807,
                45.8254771129792
              ],
              [
                -111.26876371240004,
                45.82568228820525
              ],
              [
                -111.26907959801663,
                45.82585916646729
              ],
              [
                -111.26903276659105,
                45.8256265232848
              ],
              [
                -111.26900272972807,
                45.8254771129792
              ]
            ]
          ],
          [
            [
              [
                -111.32266091850106,
                45.80915686283435
              ],
              [
                -111.32150836495919,
                45.80915868688564
              ],
              [
                -111.3198486084655,
                45.8091564152774
              ],
              [
                -111.32316617852568,
                45.80915607002241
              ],
              [
                -111.32266091850106,
                45.80915686283435
              ]
            ]
          ],
          [
            [
              [
                -111.27492084967434,
                45.8859533911609
              ],
              [
                -111.27499479041364,
                45.88227115458299
              ],
              [
                -111.27492149578013,
                45.885953511638505
              ],
              [
                -111.27492084967434,
                45.8859533911609
              ]
            ]
          ],
          [
            [
              [
                -111.30097309291982,
                45.88948626749809
              ],
              [
                -111.30158679015706,
                45.88948337706384
              ],
              [
                -111.30117902430328,
                45.889857377203086
              ],
              [
                -111.30097309291982,
                45.88948626749809
              ]
            ]
          ],
          [
            [
              [
                -111.30522393975373,
                45.88986498602267
              ],
              [
                -111.3047707836227,
                45.88982176423297
              ],
              [
                -111.30560391005278,
                45.890014495651315
              ],
              [
                -111.30602796521727,
                45.88992185588293
              ],
              [
                -111.30619669300538,
                45.8897150833646
              ],
              [
                -111.30611738831246,
                45.88947324830075
              ],
              [
                -111.30621653847403,
                45.889660409748465
              ],
              [
                -111.30634026656236,
                45.88945957867688
              ],
              [
                -111.30678171276386,
                45.88945734223036
              ],
              [
                -111.30677978114134,
                45.889001518388454
              ],
              [
                -111.30691921734254,
                45.88895380829021
              ],
              [
                -111.3080032012453,
                45.889318405469616
              ],
              [
                -111.30877396755554,
                45.889373549183816
              ],
              [
                -111.30932721542568,
                45.889202625001985
              ],
              [
                -111.3096961254234,
                45.88878084473774
              ],
              [
                -111.30933199942932,
                45.88799807802979
              ],
              [
                -111.3088266017286,
                45.88789171035534
              ],
              [
                -111.30795825416959,
                45.88725704022212
              ],
              [
                -111.30748030986172,
                45.887262295985394
              ],
              [
                -111.30790648272512,
                45.88694829526544
              ],
              [
                -111.3076247980799,
                45.886347354398524
              ],
              [
                -111.30799339509815,
                45.886093360287234
              ],
              [
                -111.30803677276698,
                45.88599044616909
              ],
              [
                -111.3079551944952,
                45.88582061955315
              ],
              [
                -111.30774559829956,
                45.885753944114164
              ],
              [
                -111.30720239038892,
                45.88594620417994
              ],
              [
                -111.30689113469832,
                45.88569542668984
              ],
              [
                -111.30709516078187,
                45.88539138736464
              ],
              [
                -111.30751764694247,
                45.88521920852826
              ],
              [
                -111.30771382938431,
                45.88487171293986
              ],
              [
                -111.30788294879544,
                45.88482394128705
              ],
              [
                -111.30815655396889,
                45.88492097363332
              ],
              [
                -111.30842286292504,
                45.884876419838264
              ],
              [
                -111.30861355390117,
                45.88449927194117
              ],
              [
                -111.30855927185512,
                45.88440812393556
              ],
              [
                -111.30846420135526,
                45.884373138646346
              ],
              [
                -111.30798421790922,
                45.88449825307477
              ],
              [
                -111.3076752357613,
                45.88398775561701
              ],
              [
                -111.30768911957716,
                45.88382969640511
              ],
              [
                -111.30819600892251,
                45.88355687572959
              ],
              [
                -111.30812753000302,
                45.883387677755486
              ],
              [
                -111.30769931788592,
                45.883223499792415
              ],
              [
                -111.30790193217271,
                45.88308003032131
              ],
              [
                -111.30806603151093,
                45.88253956880754
              ],
              [
                -111.30754125718599,
                45.88239162818098
              ],
              [
                -111.30712481108966,
                45.88179280506813
              ],
              [
                -111.30674903252014,
                45.88168374032535
              ],
              [
                -111.30678378799912,
                45.879468897997356
              ],
              [
                -111.30680573253744,
                45.88089975935429
              ],
              [
                -111.30754188423967,
                45.88094312708669
              ],
              [
                -111.3075893415903,
                45.881096479327645
              ],
              [
                -111.30741535935647,
                45.881114051228366
              ],
              [
                -111.30769664973232,
                45.88141644293903
              ],
              [
                -111.30745928593561,
                45.88182504525993
              ],
              [
                -111.30783415763746,
                45.88177217503028
              ],
              [
                -111.30818996842358,
                45.88207770471075
              ],
              [
                -111.3081010167829,
                45.8823822927782
              ],
              [
                -111.30836520680806,
                45.882960485934255
              ],
              [
                -111.30813357018883,
                45.88324609161287
              ],
              [
                -111.3085300922024,
                45.88372497617253
              ],
              [
                -111.30920241429696,
                45.88375839241894
              ],
              [
                -111.30987732443738,
                45.88447197430514
              ],
              [
                -111.30983018161766,
                45.88540189854339
              ],
              [
                -111.30956489294049,
                45.88567181565082
              ],
              [
                -111.30867160022146,
                45.88600456438551
              ],
              [
                -111.3085106388003,
                45.886234006035224
              ],
              [
                -111.30859613957978,
                45.88659122853934
              ],
              [
                -111.30972718791567,
                45.88702908882888
              ],
              [
                -111.30950308058858,
                45.88721350523221
              ],
              [
                -111.30970765688865,
                45.887704863136776
              ],
              [
                -111.30991042838048,
                45.88779020796678
              ],
              [
                -111.30991066294206,
                45.8884631573079
              ],
              [
                -111.31041943444963,
                45.88902746528646
              ],
              [
                -111.31205039159994,
                45.88933566134121
              ],
              [
                -111.31352297380883,
                45.8892266282955
              ],
              [
                -111.31393141913887,
                45.889968998131735
              ],
              [
                -111.31385831192208,
                45.890255466869974
              ],
              [
                -111.31323885876608,
                45.890468121172795
              ],
              [
                -111.31237309910055,
                45.889725202626636
              ],
              [
                -111.31099990266237,
                45.88933856367583
              ],
              [
                -111.3111963196541,
                45.88960330360193
              ],
              [
                -111.31081093652371,
                45.889703866889036
              ],
              [
                -111.31088953532064,
                45.89003834037165
              ],
              [
                -111.30896724806182,
                45.890580293768814
              ],
              [
                -111.30822519123518,
                45.8912266515768
              ],
              [
                -111.30655320992237,
                45.89114279729332
              ],
              [
                -111.30571380762493,
                45.891400163857305
              ],
              [
                -111.30523837263287,
                45.89131144664473
              ],
              [
                -111.30476607699852,
                45.89158897297255
              ],
              [
                -111.3045816605565,
                45.89139365357893
              ],
              [
                -111.3046026833865,
                45.89115856463188
              ],
              [
                -111.30378242047271,
                45.89047612416692
              ],
              [
                -111.30317136094335,
                45.89033006554875
              ],
              [
                -111.30246413214793,
                45.89040568352226
              ],
              [
                -111.30235752994547,
                45.890218600655594
              ],
              [
                -111.30271318343364,
                45.889814233806426
              ],
              [
                -111.30336283637004,
                45.88972692831545
              ],
              [
                -111.30447560813604,
                45.88975430430782
              ],
              [
                -111.30411728674561,
                45.889652879325915
              ],
              [
                -111.30522393975373,
                45.88986498602267
              ]
            ]
          ],
          [
            [
              [
                -111.30265549004696,
                45.88962178676287
              ],
              [
                -111.30265701936736,
                45.889621189302964
              ],
              [
                -111.30411728674561,
                45.889652879325915
              ],
              [
                -111.30265549004696,
                45.88962178676287
              ]
            ]
          ],
          [
            [
              [
                -111.30457936421787,
                45.89143754765728
              ],
              [
                -111.30457165157907,
                45.89137639859143
              ],
              [
                -111.3045816605565,
                45.89139365357893
              ],
              [
                -111.30457936421787,
                45.89143754765728
              ]
            ]
          ],
          [
            [
              [
                -111.30673220491332,
                45.8783564862514
              ],
              [
                -111.30673164363782,
                45.8782537241313
              ],
              [
                -111.30676178337401,
                45.8782269332046
              ],
              [
                -111.30673220491332,
                45.8783564862514
              ]
            ]
          ],
          [
            [
              [
                -111.29632894981467,
                45.87691429334234
              ],
              [
                -111.296357851578,
                45.88226636781297
              ],
              [
                -111.2962850008263,
                45.88226647899084
              ],
              [
                -111.29622428887298,
                45.87692753296326
              ],
              [
                -111.29632894981467,
                45.87691429334234
              ]
            ]
          ],
          [
            [
              [
                -111.28835339070021,
                45.86006946817581
              ],
              [
                -111.28835349670058,
                45.860070325363516
              ],
              [
                -111.28712371097116,
                45.859967241859266
              ],
              [
                -111.28835339070021,
                45.86006946817581
              ]
            ]
          ],
          [
            [
              [
                -111.28528365780632,
                45.829410484200054
              ],
              [
                -111.28550841267189,
                45.82940502603772
              ],
              [
                -111.28547216436877,
                45.830340101494045
              ],
              [
                -111.28521906704074,
                45.83025650177182
              ],
              [
                -111.28528365780632,
                45.829410484200054
              ]
            ]
          ],
          [
            [
              [
                -111.29556676696262,
                45.8336983178739
              ],
              [
                -111.29554859180804,
                45.8311459309388
              ],
              [
                -111.29556775831976,
                45.83369907013988
              ],
              [
                -111.29556676696262,
                45.8336983178739
              ]
            ]
          ],
          [
            [
              [
                -111.2955706323861,
                45.83408191974563
              ],
              [
                -111.29557141572627,
                45.83418626718837
              ],
              [
                -111.29557022264859,
                45.83418360935748
              ],
              [
                -111.2955706323861,
                45.83408191974563
              ]
            ]
          ],
          [
            [
              [
                -111.3107350484213,
                45.81646751686718
              ],
              [
                -111.31110357086013,
                45.81646732368409
              ],
              [
                -111.31105393209636,
                45.823800978631205
              ],
              [
                -111.3118196374401,
                45.8238067023281
              ],
              [
                -111.31179245302876,
                45.824723841947886
              ],
              [
                -111.30882104758946,
                45.824686707566
              ],
              [
                -111.30899640710751,
                45.82402549875633
              ],
              [
                -111.30929014297132,
                45.82385973162828
              ],
              [
                -111.30814417643855,
                45.823780998473566
              ],
              [
                -111.30835476381912,
                45.82362081806845
              ],
              [
                -111.30881803848183,
                45.82364317414509
              ],
              [
                -111.30884102188439,
                45.82336353011811
              ],
              [
                -111.3087071221727,
                45.82323253269586
              ],
              [
                -111.30795110277734,
                45.82314389408992
              ],
              [
                -111.30728576247073,
                45.82269285582533
              ],
              [
                -111.30869159059644,
                45.82239681718016
              ],
              [
                -111.30984334717732,
                45.82123156815152
              ],
              [
                -111.3100393725393,
                45.82130318498855
              ],
              [
                -111.30980742151009,
                45.82113030029995
              ],
              [
                -111.31080072599387,
                45.8201440547895
              ],
              [
                -111.31079672490026,
                45.81992708648214
              ],
              [
                -111.31016927213186,
                45.81947502797861
              ],
              [
                -111.31091540727984,
                45.818819334820205
              ],
              [
                -111.31080143158209,
                45.818450973548686
              ],
              [
                -111.31106366218243,
                45.81823353373397
              ],
              [
                -111.31071192981048,
                45.818402654476905
              ],
              [
                -111.31011420533534,
                45.81805154950397
              ],
              [
                -111.30999332630174,
                45.81743343094902
              ],
              [
                -111.31012856045992,
                45.81698968748841
              ],
              [
                -111.3107383639227,
                45.816669723809504
              ],
              [
                -111.3107350484213,
                45.81646751686718
              ]
            ]
          ],
          [
            [
              [
                -111.35188491505035,
                45.88077225555649
              ],
              [
                -111.35374347623019,
                45.881851093566645
              ],
              [
                -111.35084310021303,
                45.88121112240868
              ],
              [
                -111.35188491505035,
                45.88077225555649
              ]
            ]
          ],
          [
            [
              [
                -111.34072441091773,
                45.88546838936371
              ],
              [
                -111.34091125215457,
                45.885385654731216
              ],
              [
                -111.34091080288472,
                45.885571802965195
              ],
              [
                -111.34061978357134,
                45.885503072513835
              ],
              [
                -111.34072441091773,
                45.88546838936371
              ]
            ]
          ],
          [
            [
              [
                -111.33996043318984,
                45.88572164202799
              ],
              [
                -111.34367631272,
                45.886640468102456
              ],
              [
                -111.34204015156857,
                45.88640633883186
              ],
              [
                -111.3436861686679,
                45.88679862506738
              ],
              [
                -111.34347610233395,
                45.88690961988438
              ],
              [
                -111.3391823697377,
                45.88598071629095
              ],
              [
                -111.3387716496582,
                45.886029664052934
              ],
              [
                -111.34486067334892,
                45.887630262151355
              ],
              [
                -111.34652473128196,
                45.88845860405165
              ],
              [
                -111.34687097232967,
                45.88899263371251
              ],
              [
                -111.34579820590886,
                45.88930130150444
              ],
              [
                -111.34437817946727,
                45.88883088800715
              ],
              [
                -111.34145772324159,
                45.88850872833924
              ],
              [
                -111.33874976528436,
                45.887409136207715
              ],
              [
                -111.3376563752955,
                45.89000632716403
              ],
              [
                -111.3373516310779,
                45.89062636871265
              ],
              [
                -111.33721659267151,
                45.89059869862099
              ],
              [
                -111.33869571892228,
                45.88702210554032
              ],
              [
                -111.33852192818085,
                45.88598811392688
              ],
              [
                -111.33996043318984,
                45.88572164202799
              ]
            ]
          ],
          [
            [
              [
                -111.3440541370719,
                45.8866945335225
              ],
              [
                -111.34403187462696,
                45.88669134783997
              ],
              [
                -111.34404728887617,
                45.8866605366081
              ],
              [
                -111.34406333864081,
                45.88666445574326
              ],
              [
                -111.3440541370719,
                45.8866945335225
              ]
            ]
          ],
          [
            [
              [
                -111.40975769289871,
                45.88828924294589
              ],
              [
                -111.40993271873533,
                45.88832586841271
              ],
              [
                -111.40925146013723,
                45.8887972131957
              ],
              [
                -111.40946283176395,
                45.88837756732917
              ],
              [
                -111.40975769289871,
                45.88828924294589
              ]
            ]
          ],
          [
            [
              [
                -111.31339604982445,
                45.86773514889906
              ],
              [
                -111.31334106389113,
                45.86770455246489
              ],
              [
                -111.31338226809706,
                45.86754946551864
              ],
              [
                -111.31338487351809,
                45.86754951536113
              ],
              [
                -111.31339604982445,
                45.86773514889906
              ]
            ]
          ],
          [
            [
              [
                -111.31239456274491,
                45.88068541004745
              ],
              [
                -111.31199823717587,
                45.88010881692501
              ],
              [
                -111.31341759485018,
                45.87949632213228
              ],
              [
                -111.31465663907854,
                45.87928471686203
              ],
              [
                -111.31491089130222,
                45.879046379699446
              ],
              [
                -111.31623028624846,
                45.88084983977276
              ],
              [
                -111.31788734080877,
                45.882169614240965
              ],
              [
                -111.31715790039692,
                45.88217069167972
              ],
              [
                -111.3171619958217,
                45.882957370525844
              ],
              [
                -111.31628709433892,
                45.88279034555221
              ],
              [
                -111.31567007323768,
                45.882959073418206
              ],
              [
                -111.31419121622491,
                45.88224399989007
              ],
              [
                -111.31398311036894,
                45.881822769742946
              ],
              [
                -111.31422925943045,
                45.881292033854045
              ],
              [
                -111.31239456274491,
                45.88068541004745
              ]
            ]
          ],
          [
            [
              [
                -111.31891555361179,
                45.8834764612047
              ],
              [
                -111.31900299911325,
                45.88275746933365
              ],
              [
                -111.32097065891139,
                45.8833228190247
              ],
              [
                -111.32076681098951,
                45.883568406216675
              ],
              [
                -111.32019434488156,
                45.88326232780358
              ],
              [
                -111.31891555361179,
                45.8834764612047
              ]
            ]
          ],
          [
            [
              [
                -111.32312633285474,
                45.88396783010352
              ],
              [
                -111.32277459439538,
                45.883441369480046
              ],
              [
                -111.32673353062731,
                45.883414099488164
              ],
              [
                -111.32747305211471,
                45.88409400238133
              ],
              [
                -111.3288263339381,
                45.88498418176351
              ],
              [
                -111.33069536635416,
                45.885695474227134
              ],
              [
                -111.33064393253841,
                45.88605845274413
              ],
              [
                -111.33154553921469,
                45.88650862791158
              ],
              [
                -111.33026678605474,
                45.886734931689816
              ],
              [
                -111.32853267908153,
                45.88665696177356
              ],
              [
                -111.32827499820046,
                45.88643018665784
              ],
              [
                -111.3277664625242,
                45.886332213988396
              ],
              [
                -111.32735205574068,
                45.8865174135942
              ],
              [
                -111.32689199629162,
                45.88631785874372
              ],
              [
                -111.32574565236952,
                45.88633519368528
              ],
              [
                -111.32580722787422,
                45.88584752379512
              ],
              [
                -111.32551722951462,
                45.885720683290124
              ],
              [
                -111.32547369458746,
                45.88531882712199
              ],
              [
                -111.32520573801851,
                45.885136999988816
              ],
              [
                -111.32475164024268,
                45.88514688413466
              ],
              [
                -111.32457789247914,
                45.88536510843525
              ],
              [
                -111.32470739955666,
                45.8855472499031
              ],
              [
                -111.32419556879874,
                45.88574068605232
              ],
              [
                -111.32370585836098,
                45.88561557171531
              ],
              [
                -111.32352065741931,
                45.88539240605182
              ],
              [
                -111.32337444288989,
                45.88546967154126
              ],
              [
                -111.32347029922752,
                45.88567973786255
              ],
              [
                -111.32290128414819,
                45.885578312900456
              ],
              [
                -111.32283931561946,
                45.885434450552374
              ],
              [
                -111.3225921462291,
                45.885481672149794
              ],
              [
                -111.32309770100525,
                45.88514633553755
              ],
              [
                -111.32334369423441,
                45.88471310219343
              ],
              [
                -111.32312633285474,
                45.88396783010352
              ]
            ]
          ],
          [
            [
              [
                -111.33190503658498,
                45.88605837404484
              ],
              [
                -111.33124502931119,
                45.88583269778278
              ],
              [
                -111.33123572504306,
                45.88581970042707
              ],
              [
                -111.3321155194347,
                45.88593512706745
              ],
              [
                -111.33190503658498,
                45.88605837404484
              ]
            ]
          ],
          [
            [
              [
                -111.30318148002719,
                45.893165097932936
              ],
              [
                -111.30414224778025,
                45.893185786008836
              ],
              [
                -111.30396793491394,
                45.8932214976222
              ],
              [
                -111.30318148002719,
                45.893165097932936
              ]
            ]
          ],
          [
            [
              [
                -111.30437141643667,
                45.89313883604681
              ],
              [
                -111.30452298750096,
                45.89298389798146
              ],
              [
                -111.30442203267374,
                45.8931284662587
              ],
              [
                -111.30437141643667,
                45.89313883604681
              ]
            ]
          ],
          [
            [
              [
                -111.28713738144666,
                45.857989925087615
              ],
              [
                -111.28668373712989,
                45.856947478895854
              ],
              [
                -111.28714363463827,
                45.85793199934544
              ],
              [
                -111.28713738144666,
                45.857989925087615
              ]
            ]
          ],
          [
            [
              [
                -111.28658691452974,
                45.85672498663245
              ],
              [
                -111.2865747765012,
                45.85669709420405
              ],
              [
                -111.28619919853284,
                45.854921178793035
              ],
              [
                -111.28658691452974,
                45.85672498663245
              ]
            ]
          ],
          [
            [
              [
                -111.27680333766054,
                45.83416977444661
              ],
              [
                -111.27675188717681,
                45.83398896325547
              ],
              [
                -111.27680394024284,
                45.83414931864135
              ],
              [
                -111.27680333766054,
                45.83416977444661
              ]
            ]
          ],
          [
            [
              [
                -111.27669694511107,
                45.83381970797759
              ],
              [
                -111.27670070974827,
                45.833831305370325
              ],
              [
                -111.27652813998561,
                45.83368110135771
              ],
              [
                -111.27669694511107,
                45.83381970797759
              ]
            ]
          ],
          [
            [
              [
                -111.27416728478019,
                45.83279934057481
              ],
              [
                -111.27413879995531,
                45.83278347894963
              ],
              [
                -111.27652813998561,
                45.83368110135771
              ],
              [
                -111.27416728478019,
                45.83279934057481
              ]
            ]
          ],
          [
            [
              [
                -111.26977238394329,
                45.822089311871856
              ],
              [
                -111.26976577204806,
                45.822083368913546
              ],
              [
                -111.26976471426516,
                45.8220655329684
              ],
              [
                -111.26977238394329,
                45.822089311871856
              ]
            ]
          ],
          [
            [
              [
                -111.2697520951653,
                45.82185275436033
              ],
              [
                -111.26975000615,
                45.82181753015466
              ],
              [
                -111.26977320091633,
                45.821811426576076
              ],
              [
                -111.2697520951653,
                45.82185275436033
              ]
            ]
          ],
          [
            [
              [
                -111.271070290528,
                45.82145831287844
              ],
              [
                -111.27119255650636,
                45.821387483353604
              ],
              [
                -111.27109872857832,
                45.821450737733954
              ],
              [
                -111.271070290528,
                45.82145831287844
              ]
            ]
          ],
          [
            [
              [
                -111.271319941715,
                45.82130160623143
              ],
              [
                -111.27142834053751,
                45.82111963662114
              ],
              [
                -111.27134668243997,
                45.82128357889114
              ],
              [
                -111.271319941715,
                45.82130160623143
              ]
            ]
          ],
          [
            [
              [
                -111.27153056738136,
                45.819424928282785
              ],
              [
                -111.27155695948724,
                45.81923161157113
              ],
              [
                -111.27154239441234,
                45.81939094273787
              ],
              [
                -111.27153056738136,
                45.819424928282785
              ]
            ]
          ],
          [
            [
              [
                -111.27157560807434,
                45.81902760979539
              ],
              [
                -111.27128146361977,
                45.818295675363096
              ],
              [
                -111.271578477145,
                45.818996224280575
              ],
              [
                -111.27157560807434,
                45.81902760979539
              ]
            ]
          ],
          [
            [
              [
                -111.27112383515029,
                45.81790344051886
              ],
              [
                -111.27111457362882,
                45.81788039460945
              ],
              [
                -111.27112056463177,
                45.81745321443309
              ],
              [
                -111.27112383515029,
                45.81790344051886
              ]
            ]
          ],
          [
            [
              [
                -111.27111565302779,
                45.81677707325564
              ],
              [
                -111.27109005730716,
                45.81659961143551
              ],
              [
                -111.27111496499079,
                45.81668235671269
              ],
              [
                -111.27111565302779,
                45.81677707325564
              ]
            ]
          ],
          [
            [
              [
                -111.30822330604784,
                45.88151300377916
              ],
              [
                -111.30829632791922,
                45.880895454266245
              ],
              [
                -111.30830271920125,
                45.880895435807155
              ],
              [
                -111.30822330604784,
                45.88151300377916
              ]
            ]
          ],
          [
            [
              [
                -111.29606767251003,
                45.86339610230209
              ],
              [
                -111.29616482553148,
                45.86786681516636
              ],
              [
                -111.29480941214345,
                45.867209666717294
              ],
              [
                -111.29492801610007,
                45.8669212373941
              ],
              [
                -111.29466445217275,
                45.8667260751687
              ],
              [
                -111.29416438749779,
                45.86680702742124
              ],
              [
                -111.2945321215754,
                45.86724724126537
              ],
              [
                -111.29436880663475,
                45.86728708939521
              ],
              [
                -111.29393478875072,
                45.86719931252398
              ],
              [
                -111.2934697878734,
                45.866839423561046
              ],
              [
                -111.29289802774399,
                45.86686821153979
              ],
              [
                -111.2928447658641,
                45.86641764339038
              ],
              [
                -111.29234917234241,
                45.86612937128571
              ],
              [
                -111.29233889658161,
                45.865796072573396
              ],
              [
                -111.29214796973771,
                45.86551768454321
              ],
              [
                -111.29129052532029,
                45.86545995161323
              ],
              [
                -111.29101041101387,
                45.86506852832344
              ],
              [
                -111.29095338381991,
                45.864600468180065
              ],
              [
                -111.29143564199856,
                45.86359484741357
              ],
              [
                -111.29128071942834,
                45.86355209707802
              ],
              [
                -111.29115544910752,
                45.86318138232505
              ],
              [
                -111.29176407641755,
                45.86251886578259
              ],
              [
                -111.29167802561673,
                45.862375553499476
              ],
              [
                -111.29129138780559,
                45.86240489021386
              ],
              [
                -111.29109708723192,
                45.86206727745556
              ],
              [
                -111.2915369881337,
                45.86197573650148
              ],
              [
                -111.29318767708804,
                45.862218510713426
              ],
              [
                -111.29572215673277,
                45.86321228756142
              ],
              [
                -111.2960256331466,
                45.86317603164607
              ],
              [
                -111.29606767251003,
                45.86339610230209
              ]
            ]
          ],
          [
            [
              [
                -111.2962905863035,
                45.87365397744824
              ],
              [
                -111.29630087654407,
                45.87412750580798
              ],
              [
                -111.29606439868908,
                45.87390582621096
              ],
              [
                -111.2962905863035,
                45.87365397744824
              ]
            ]
          ],
          [
            [
              [
                -111.29215981365914,
                45.86155889891968
              ],
              [
                -111.29260124609819,
                45.86186905820122
              ],
              [
                -111.29103710383961,
                45.86092991009348
              ],
              [
                -111.29215981365914,
                45.86155889891968
              ]
            ]
          ],
          [
            [
              [
                -111.29091646429876,
                45.86080934303387
              ],
              [
                -111.290792891772,
                45.860685844750506
              ],
              [
                -111.2907870290381,
                45.86066647750469
              ],
              [
                -111.29091646429876,
                45.86080934303387
              ]
            ]
          ],
          [
            [
              [
                -111.33732283591162,
                45.88878413727092
              ],
              [
                -111.33757016247223,
                45.88878601924782
              ],
              [
                -111.33714902722572,
                45.888830447018485
              ],
              [
                -111.33732283591162,
                45.88878413727092
              ]
            ]
          ],
          [
            [
              [
                -111.3261170302378,
                45.886410184955956
              ],
              [
                -111.32608941505408,
                45.886413805855504
              ],
              [
                -111.32553566328681,
                45.88634554798075
              ],
              [
                -111.3261170302378,
                45.886410184955956
              ]
            ]
          ],
          [
            [
              [
                -111.32451911849941,
                45.8860811596022
              ],
              [
                -111.32484843707329,
                45.886120421783986
              ],
              [
                -111.32553566328681,
                45.88634554798075
              ],
              [
                -111.32451911849941,
                45.8860811596022
              ]
            ]
          ],
          [
            [
              [
                -111.32446156350642,
                45.88607429775238
              ],
              [
                -111.32451193348814,
                45.88608030298724
              ],
              [
                -111.3224193555886,
                45.88596486834253
              ],
              [
                -111.32446156350642,
                45.88607429775238
              ]
            ]
          ],
          [
            [
              [
                -111.31266474378648,
                45.88342195671226
              ],
              [
                -111.31404256856894,
                45.88359656744193
              ],
              [
                -111.31431758556542,
                45.88366936035791
              ],
              [
                -111.31209972976713,
                45.883362890507634
              ],
              [
                -111.31266474378648,
                45.88342195671226
              ]
            ]
          ],
          [
            [
              [
                -111.31184948601037,
                45.88319480403574
              ],
              [
                -111.31161723557585,
                45.88296189745541
              ],
              [
                -111.31149941590772,
                45.88218469814473
              ],
              [
                -111.31172375897133,
                45.881976357942385
              ],
              [
                -111.31155267761811,
                45.88175734918012
              ],
              [
                -111.31208160879065,
                45.88161866522382
              ],
              [
                -111.31223527664606,
                45.88141385328756
              ],
              [
                -111.31215683476654,
                45.88088430447865
              ],
              [
                -111.31253053244504,
                45.88088322517743
              ],
              [
                -111.31244423492821,
                45.88075767548148
              ],
              [
                -111.31413246278557,
                45.88127964042644
              ],
              [
                -111.31393016158334,
                45.881799001800076
              ],
              [
                -111.31417121361213,
                45.88238488142993
              ],
              [
                -111.31366550027582,
                45.88225608036457
              ],
              [
                -111.31445171947014,
                45.882565375314705
              ],
              [
                -111.31349324295313,
                45.882643345484766
              ],
              [
                -111.31381273514772,
                45.88273253419437
              ],
              [
                -111.3134832816205,
                45.88286274716606
              ],
              [
                -111.31354525013957,
                45.88295656297508
              ],
              [
                -111.31272200658381,
                45.88317619916453
              ],
              [
                -111.31237921661018,
                45.88308183462892
              ],
              [
                -111.3125080177795,
                45.88329354720625
              ],
              [
                -111.31225284755358,
                45.883125918238186
              ],
              [
                -111.31242753705389,
                45.88333033724154
              ],
              [
                -111.31209972976713,
                45.883362890507634
              ],
              [
                -111.31184948601037,
                45.88319480403574
              ]
            ]
          ],
          [
            [
              [
                -111.28566312542553,
                45.839980110904186
              ],
              [
                -111.28537007145171,
                45.84209506711073
              ],
              [
                -111.28536985347435,
                45.842095068425145
              ],
              [
                -111.28566329096263,
                45.83995327103285
              ],
              [
                -111.28566312542553,
                45.839980110904186
              ]
            ]
          ],
          [
            [
              [
                -111.28566595030257,
                45.83952209070936
              ],
              [
                -111.28566429528786,
                45.83979043165019
              ],
              [
                -111.28566136706625,
                45.83950780969445
              ],
              [
                -111.28566595030257,
                45.83952209070936
              ]
            ]
          ],
          [
            [
              [
                -111.28555753673794,
                45.83921209142724
              ],
              [
                -111.28557189867882,
                45.83922903302127
              ],
              [
                -111.28561923819342,
                45.83937653933906
              ],
              [
                -111.28559242517863,
                45.83930507677376
              ],
              [
                -111.28555753673794,
                45.83921209142724
              ]
            ]
          ],
          [
            [
              [
                -111.28092797231045,
                45.83735002163599
              ],
              [
                -111.28135786351359,
                45.837692129387264
              ],
              [
                -111.28093396542796,
                45.837359772368785
              ],
              [
                -111.28092797231045,
                45.83735002163599
              ]
            ]
          ],
          [
            [
              [
                -111.28057689803805,
                45.833795861084376
              ],
              [
                -111.28054709147474,
                45.83530688073801
              ],
              [
                -111.28056649688361,
                45.83375840413132
              ],
              [
                -111.28057689803805,
                45.833795861084376
              ]
            ]
          ],
          [
            [
              [
                -111.28046221641779,
                45.83338286615286
              ],
              [
                -111.2805144189315,
                45.83357085942959
              ],
              [
                -111.28044494961995,
                45.83335195417175
              ],
              [
                -111.28046221641779,
                45.83338286615286
              ]
            ]
          ],
          [
            [
              [
                -111.2801972349737,
                45.832922244098086
              ],
              [
                -111.28021575284727,
                45.83294163337152
              ],
              [
                -111.2803274966461,
                45.83314168333042
              ],
              [
                -111.28029162843114,
                45.83308125962012
              ],
              [
                -111.2801972349737,
                45.832922244098086
              ]
            ]
          ],
          [
            [
              [
                -111.27991069451764,
                45.832622219841355
              ],
              [
                -111.28000840472575,
                45.83272452802138
              ],
              [
                -111.27988691015076,
                45.832608130576276
              ],
              [
                -111.27991069451764,
                45.832622219841355
              ]
            ]
          ],
          [
            [
              [
                -111.27872012836076,
                45.83192330058928
              ],
              [
                -111.27875030945249,
                45.83193483670164
              ],
              [
                -111.27950616373822,
                45.832382585908086
              ],
              [
                -111.27894643836811,
                45.832055534922304
              ],
              [
                -111.27872012836076,
                45.83192330058928
              ]
            ]
          ],
          [
            [
              [
                -111.27540063778768,
                45.83033180142485
              ],
              [
                -111.27548753323742,
                45.83053959770049
              ],
              [
                -111.27539395312718,
                45.83040813010179
              ],
              [
                -111.27540063778768,
                45.83033180142485
              ]
            ]
          ],
          [
            [
              [
                -111.27573354165759,
                45.82995822313443
              ],
              [
                -111.27540363857105,
                45.83029753703339
              ],
              [
                -111.27540540488518,
                45.830277368406946
              ],
              [
                -111.27573354165759,
                45.82995822313443
              ]
            ]
          ],
          [
            [
              [
                -111.27589045283284,
                45.82975660581857
              ],
              [
                -111.27588374200495,
                45.82980373817335
              ],
              [
                -111.2758675588588,
                45.82982038295977
              ],
              [
                -111.2758844338789,
                45.82977337318604
              ],
              [
                -111.27589045283284,
                45.82975660581857
              ]
            ]
          ],
          [
            [
              [
                -111.27592743395618,
                45.82949687520792
              ],
              [
                -111.27592242018044,
                45.829532088606506
              ],
              [
                -111.27557424372026,
                45.8290022489651
              ],
              [
                -111.27592743395618,
                45.82949687520792
              ]
            ]
          ],
          [
            [
              [
                -111.27502794486617,
                45.82823718322381
              ],
              [
                -111.27512093571386,
                45.82836741251368
              ],
              [
                -111.2749679602549,
                45.82818646317422
              ],
              [
                -111.27502794486617,
                45.82823718322381
              ]
            ]
          ],
          [
            [
              [
                -111.27337305375286,
                45.826185540614034
              ],
              [
                -111.27351802348086,
                45.82631387599607
              ],
              [
                -111.27353036396457,
                45.826346041438704
              ],
              [
                -111.27349481540993,
                45.82630977187761
              ],
              [
                -111.27337305375286,
                45.826185540614034
              ]
            ]
          ],
          [
            [
              [
                -111.27298548294321,
                45.82013503862639
              ],
              [
                -111.27376832825654,
                45.81959967430215
              ],
              [
                -111.27436848452002,
                45.818520397507854
              ],
              [
                -111.274429591211,
                45.818286641804235
              ],
              [
                -111.27430557429706,
                45.818172274610326
              ],
              [
                -111.2746768377902,
                45.81781332591391
              ],
              [
                -111.27385155493914,
                45.81733750079072
              ],
              [
                -111.27436079768763,
                45.816648548505555
              ],
              [
                -111.27464255958893,
                45.817176146368126
              ],
              [
                -111.27518231531988,
                45.81760224061027
              ],
              [
                -111.27530193841575,
                45.818423052036145
              ],
              [
                -111.27601254096898,
                45.818551617341235
              ],
              [
                -111.27522098766626,
                45.81923398068749
              ],
              [
                -111.27479010791639,
                45.81996207385625
              ],
              [
                -111.2747660269971,
                45.820187437171036
              ],
              [
                -111.27552487009345,
                45.820511479043425
              ],
              [
                -111.27571540409976,
                45.82112567512086
              ],
              [
                -111.27561923485563,
                45.821462817733924
              ],
              [
                -111.2750764984306,
                45.82167288411535
              ],
              [
                -111.27471582509929,
                45.82277867390979
              ],
              [
                -111.27587197463198,
                45.82321190581253
              ],
              [
                -111.2762891265873,
                45.82352778976314
              ],
              [
                -111.27652445137153,
                45.82389089530501
              ],
              [
                -111.27656955530558,
                45.82438986242565
              ],
              [
                -111.27708664197121,
                45.82517694449248
              ],
              [
                -111.27658618446603,
                45.82563104226315
              ],
              [
                -111.27424603905173,
                45.82437205632828
              ],
              [
                -111.2742388213644,
                45.82396706217979
              ],
              [
                -111.27398914267711,
                45.82420740686663
              ],
              [
                -111.27324292876355,
                45.82390117130887
              ],
              [
                -111.27301285972463,
                45.823675260574646
              ],
              [
                -111.27300179937772,
                45.82286378317894
              ],
              [
                -111.27283173830193,
                45.822862135626124
              ],
              [
                -111.27261421996108,
                45.82315111371173
              ],
              [
                -111.27260739535552,
                45.82368098650363
              ],
              [
                -111.28535375124925,
                45.830400362803445
              ],
              [
                -111.28989943780037,
                45.832986972034576
              ],
              [
                -111.29050131914457,
                45.833160876923735
              ],
              [
                -111.29072715270514,
                45.83341290908878
              ],
              [
                -111.29638906078229,
                45.83644584957676
              ],
              [
                -111.29581949708322,
                45.8370367492601
              ],
              [
                -111.29550306423188,
                45.83666925108227
              ],
              [
                -111.29438582247994,
                45.83627249357249
              ],
              [
                -111.29578616066337,
                45.83705667332043
              ],
              [
                -111.29531676598086,
                45.837467627836155
              ],
              [
                -111.29536830179202,
                45.83833801563474
              ],
              [
                -111.29554871851167,
                45.838636877785966
              ],
              [
                -111.29539426615763,
                45.83881995962586
              ],
              [
                -111.29544878398687,
                45.83912933322542
              ],
              [
                -111.2958062410116,
                45.83932841791303
              ],
              [
                -111.29535873226521,
                45.839666500904414
              ],
              [
                -111.29541764277927,
                45.840186725328124
              ],
              [
                -111.2952800564389,
                45.84058356022664
              ],
              [
                -111.29498770464578,
                45.84071275426916
              ],
              [
                -111.29457518111286,
                45.84058952192506
              ],
              [
                -111.2940287566599,
                45.840861400949315
              ],
              [
                -111.29378660844273,
                45.8403159967673
              ],
              [
                -111.29315272261667,
                45.84016327060528
              ],
              [
                -111.29222075752921,
                45.838753363046095
              ],
              [
                -111.29171653585534,
                45.83833628982918
              ],
              [
                -111.29203069355519,
                45.837410758209245
              ],
              [
                -111.29159691265697,
                45.83698474253759
              ],
              [
                -111.29144089245317,
                45.83628049464268
              ],
              [
                -111.29083744078841,
                45.83599081072045
              ],
              [
                -111.28965352360807,
                45.8357928249263
              ],
              [
                -111.28913784880741,
                45.83519941470169
              ],
              [
                -111.28813230640715,
                45.83447500708823
              ],
              [
                -111.28699890596894,
                45.8344038605121
              ],
              [
                -111.28666835219727,
                45.83391666083132
              ],
              [
                -111.28669470928762,
                45.83347817309923
              ],
              [
                -111.28647742655996,
                45.83310196689544
              ],
              [
                -111.28572124994713,
                45.83271980041995
              ],
              [
                -111.28508367740416,
                45.83263680911339
              ],
              [
                -111.2849844486379,
                45.83232241554093
              ],
              [
                -111.28391403574273,
                45.832855190668504
              ],
              [
                -111.28355030280031,
                45.83284663984684
              ],
              [
                -111.28359854326712,
                45.83264512436772
              ],
              [
                -111.28437236883018,
                45.83195272106904
              ],
              [
                -111.28201065180664,
                45.830794532818686
              ],
              [
                -111.28176513003967,
                45.83112469226863
              ],
              [
                -111.28141316319717,
                45.83109112014086
              ],
              [
                -111.28111579136855,
                45.83091988171752
              ],
              [
                -111.28077535473115,
                45.83006322193971
              ],
              [
                -111.27979758136392,
                45.82949703200472
              ],
              [
                -111.2795288403387,
                45.82951193480048
              ],
              [
                -111.27978040242841,
                45.8297511033537
              ],
              [
                -111.27943031755564,
                45.82955758870516
              ],
              [
                -111.27894641163834,
                45.82968411496152
              ],
              [
                -111.27877274237078,
                45.82946487045818
              ],
              [
                -111.27865084453931,
                45.82951224920461
              ],
              [
                -111.27870504801734,
                45.829667799076454
              ],
              [
                -111.27842618844849,
                45.82964199199378
              ],
              [
                -111.27847270413795,
                45.82976451714885
              ],
              [
                -111.2779986823045,
                45.8297850685841
              ],
              [
                -111.27766216815826,
                45.82903038257471
              ],
              [
                -111.27770962412569,
                45.82880235407295
              ],
              [
                -111.27806245402628,
                45.82874948384543
              ],
              [
                -111.2779935049272,
                45.828543810165144
              ],
              [
                -111.27749869593036,
                45.828413440110175
              ],
              [
                -111.27737546351119,
                45.8283015049792
              ],
              [
                -111.2775342299655,
                45.82830793676897
              ],
              [
                -111.27663552421033,
                45.82782881651516
              ],
              [
                -111.27638333484718,
                45.827901688061196
              ],
              [
                -111.27627469347472,
                45.82766879544806
              ],
              [
                -111.27544697856118,
                45.82719728438847
              ],
              [
                -111.2750932855858,
                45.827249761714086
              ],
              [
                -111.27511383824778,
                45.827037654911024
              ],
              [
                -111.27474586847349,
                45.826827432764134
              ],
              [
                -111.27465581798485,
                45.82696674401249
              ],
              [
                -111.27444802651846,
                45.826897087757246
              ],
              [
                -111.27441406140638,
                45.8266619988153
              ],
              [
                -111.2718696208129,
                45.82538270294285
              ],
              [
                -111.27277031847065,
                45.82242843213814
              ],
              [
                -111.27306235568682,
                45.82097091129717
              ],
              [
                -111.27298548294321,
                45.82013503862639
              ]
            ],
            [
              [
                -111.27532578637458,
                45.825846364430355
              ],
              [
                -111.27289245245842,
                45.82453913669471
              ],
              [
                -111.27237748366537,
                45.824432456009134
              ],
              [
                -111.2729660299715,
                45.82489361412524
              ],
              [
                -111.2791405546982,
                45.828188313694135
              ],
              [
                -111.28124482657599,
                45.82908819382879
              ],
              [
                -111.27532578637458,
                45.825846364430355
              ]
            ],
            [
              [
                -111.27713488287988,
                45.82727196048158
              ],
              [
                -111.27219675404798,
                45.824726689809545
              ],
              [
                -111.27219338172856,
                45.8251909859581
              ],
              [
                -111.27252989577113,
                45.825406699567395
              ],
              [
                -111.28389183651294,
                45.83146457974744
              ],
              [
                -111.28366937668436,
                45.83128345852368
              ],
              [
                -111.28364568724946,
                45.830947650478834
              ],
              [
                -111.28327724729357,
                45.83069130295424
              ],
              [
                -111.28244686462581,
                45.83048123670193
              ],
              [
                -111.28221710988623,
                45.83013993721706
              ],
              [
                -111.28187698774758,
                45.830203397460295
              ],
              [
                -111.28176057996777,
                45.829737846656116
              ],
              [
                -111.27905434809863,
                45.82831687907413
              ],
              [
                -111.27898108369473,
                45.82846795773391
              ],
              [
                -111.2780668478399,
                45.82802068349328
              ],
              [
                -111.27778445732514,
                45.8276479295939
              ],
              [
                -111.27713488287988,
                45.82727196048158
              ]
            ]
          ],
          [
            [
              [
                -111.27284930843663,
                45.82056379942657
              ],
              [
                -111.27284762250194,
                45.820547541766715
              ],
              [
                -111.27306235568682,
                45.82097091129717
              ],
              [
                -111.27284930843663,
                45.82056379942657
              ]
            ]
          ],
          [
            [
              [
                -111.27187133623102,
                45.82538682396999
              ],
              [
                -111.27195055670033,
                45.82551638996148
              ],
              [
                -111.27191428648105,
                45.8254900053134
              ],
              [
                -111.27187133623102,
                45.82538682396999
              ]
            ]
          ],
          [
            [
              [
                -111.27222689020857,
                45.82571740783536
              ],
              [
                -111.27239789319987,
                45.825771363079696
              ],
              [
                -111.27224036767036,
                45.82572721196926
              ],
              [
                -111.27222689020857,
                45.82571740783536
              ]
            ]
          ],
          [
            [
              [
                -111.27286093417058,
                45.82019227773684
              ],
              [
                -111.27283977818453,
                45.82047189812213
              ],
              [
                -111.27281808838707,
                45.82026274093946
              ],
              [
                -111.27286093417058,
                45.82019227773684
              ]
            ]
          ],
          [
            [
              [
                -111.273709106115,
                45.81946726504517
              ],
              [
                -111.27289608956328,
                45.820134461976295
              ],
              [
                -111.27292225845719,
                45.82009142520761
              ],
              [
                -111.273709106115,
                45.81946726504517
              ]
            ]
          ],
          [
            [
              [
                -111.32081928829712,
                45.88361452897012
              ],
              [
                -111.32190068287805,
                45.88347396165186
              ],
              [
                -111.32254045308242,
                45.88371030651312
              ],
              [
                -111.32299117730356,
                45.88454735523479
              ],
              [
                -111.3228942236051,
                45.88508977863257
              ],
              [
                -111.32247142443514,
                45.88527466522728
              ],
              [
                -111.32247777762157,
                45.88507464016018
              ],
              [
                -111.32207945225096,
                45.88492207113686
              ],
              [
                -111.32217671901967,
                45.88468141214285
              ],
              [
                -111.32176537149736,
                45.88416526738425
              ],
              [
                -111.32097303354128,
                45.884020777771546
              ],
              [
                -111.32081928829712,
                45.88361452897012
              ]
            ]
          ],
          [
            [
              [
                -111.29574293886625,
                45.837266818235314
              ],
              [
                -111.2965912049319,
                45.83648656074677
              ],
              [
                -111.29981193546745,
                45.83825337628137
              ],
              [
                -111.29943172953482,
                45.83866158571379
              ],
              [
                -111.29727097925674,
                45.8375030844328
              ],
              [
                -111.2962316290431,
                45.837260229223816
              ],
              [
                -111.29926425773273,
                45.83891746311611
              ],
              [
                -111.29903889443577,
                45.83913764800228
              ],
              [
                -111.298838790709,
                45.838847256818696
              ],
              [
                -111.29643957775541,
                45.83777190277777
              ],
              [
                -111.29574293886625,
                45.837266818235314
              ]
            ]
          ],
          [
            [
              [
                -111.30656645801217,
                45.82377013588634
              ],
              [
                -111.30591407047524,
                45.82376564419987
              ],
              [
                -111.30591772212091,
                45.82291409302934
              ],
              [
                -111.30621032955435,
                45.82299909155435
              ],
              [
                -111.30683903833877,
                45.82365533333646
              ],
              [
                -111.30656645801217,
                45.82377013588634
              ]
            ]
          ],
          [
            [
              [
                -111.28120066286753,
                45.82115909091494
              ],
              [
                -111.28125361039545,
                45.8214529331011
              ],
              [
                -111.28022045769467,
                45.821931897685495
              ],
              [
                -111.27816858459764,
                45.82135621534058
              ],
              [
                -111.27798565851552,
                45.82090894103115
              ],
              [
                -111.27792235659204,
                45.81999823625607
              ],
              [
                -111.2783021696402,
                45.81968015590871
              ],
              [
                -111.27845842537903,
                45.81931297069827
              ],
              [
                -111.27799938608786,
                45.81870944193367
              ],
              [
                -111.27826859720173,
                45.818257069024206
              ],
              [
                -111.27806206033208,
                45.81782211088299
              ],
              [
                -111.27822772870871,
                45.81753791834782
              ],
              [
                -111.27791835502516,
                45.81731992852409
              ],
              [
                -111.27799538467369,
                45.81682488517269
              ],
              [
                -111.27873234309806,
                45.81698537637705
              ],
              [
                -111.27861993655458,
                45.81747861631193
              ],
              [
                -111.27895692077081,
                45.817699899960964
              ],
              [
                -111.27898014001879,
                45.81796173766781
              ],
              [
                -111.27960445606651,
                45.81813721023361
              ],
              [
                -111.27992755649556,
                45.81866645566108
              ],
              [
                -111.28044989873814,
                45.81871571634723
              ],
              [
                -111.28087277672235,
                45.819745968051244
              ],
              [
                -111.28071189404912,
                45.820847521034324
              ],
              [
                -111.28120066286753,
                45.82115909091494
              ]
            ]
          ],
          [
            [
              [
                -111.30171846356322,
                45.845569256584895
              ],
              [
                -111.30080401230448,
                45.845578111387915
              ],
              [
                -111.30054583583791,
                45.84538433682448
              ],
              [
                -111.2998822990188,
                45.845283932106554
              ],
              [
                -111.2990941191047,
                45.84425297583298
              ],
              [
                -111.2983191942064,
                45.84224903065256
              ],
              [
                -111.29906846745745,
                45.842247461593665
              ],
              [
                -111.29908713687459,
                45.842374850877334
              ],
              [
                -111.30051587129417,
                45.84264006086012
              ],
              [
                -111.30103970269396,
                45.842994223926716
              ],
              [
                -111.30105099867039,
                45.8432244500544
              ],
              [
                -111.3004755519189,
                45.84381495814605
              ],
              [
                -111.3006409075516,
                45.84492223829885
              ],
              [
                -111.30093294510927,
                45.8452400828418
              ],
              [
                -111.30171846356322,
                45.845569256584895
              ]
            ]
          ],
          [
            [
              [
                -111.30305576886099,
                45.834823507289734
              ],
              [
                -111.30411157424591,
                45.83483074316171
              ],
              [
                -111.30390328743391,
                45.8353058583054
              ],
              [
                -111.30349037238878,
                45.835598288707764
              ],
              [
                -111.30322092544664,
                45.83559734707814
              ],
              [
                -111.30340589052533,
                45.83518882334252
              ],
              [
                -111.30305576886099,
                45.834823507289734
              ]
            ]
          ],
          [
            [
              [
                -111.29850149304231,
                45.843148519375625
              ],
              [
                -111.29900461739673,
                45.844534816188
              ],
              [
                -111.29705134428299,
                45.84354817805291
              ],
              [
                -111.29769330958064,
                45.84420496989649
              ],
              [
                -111.29828169999573,
                45.84445841385501
              ],
              [
                -111.29832468615642,
                45.844791946995755
              ],
              [
                -111.2981353283935,
                45.844992443562504
              ],
              [
                -111.29713300268642,
                45.844972441019216
              ],
              [
                -111.2965644577059,
                45.844487280521975
              ],
              [
                -111.29492291314693,
                45.84412660586581
              ],
              [
                -111.29483239109256,
                45.84383299942441
              ],
              [
                -111.29512889974342,
                45.84346903075793
              ],
              [
                -111.29515196172994,
                45.84320821328215
              ],
              [
                -111.29499735345084,
                45.843007167994784
              ],
              [
                -111.29478336462515,
                45.84301367840001
              ],
              [
                -111.29477591250313,
                45.84259283982614
              ],
              [
                -111.29502064979883,
                45.84238269489231
              ],
              [
                -111.29565932111151,
                45.84222612602959
              ],
              [
                -111.29575376418337,
                45.84177085090099
              ],
              [
                -111.29560966740077,
                45.841874786573676
              ],
              [
                -111.29501006094331,
                45.84161945930621
              ],
              [
                -111.29511407380554,
                45.84120379785965
              ],
              [
                -111.29491930320265,
                45.84161059544703
              ],
              [
                -111.29465950592297,
                45.84155654919069
              ],
              [
                -111.29492785408762,
                45.84175665281238
              ],
              [
                -111.29472876936298,
                45.841862313329706
              ],
              [
                -111.2942266654512,
                45.841551214932785
              ],
              [
                -111.29398726100483,
                45.84103318684785
              ],
              [
                -111.29438088062543,
                45.84069863474028
              ],
              [
                -111.29505186947837,
                45.84076225073949
              ],
              [
                -111.29529080231981,
                45.8406440383112
              ],
              [
                -111.29546541313935,
                45.84032807703422
              ],
              [
                -111.29547953259551,
                45.83964524358856
              ],
              [
                -111.29589527261953,
                45.83942348838641
              ],
              [
                -111.29589284051825,
                45.83922636555571
              ],
              [
                -111.2955213424855,
                45.83902335839843
              ],
              [
                -111.29563539532104,
                45.83870080685204
              ],
              [
                -111.29539991466744,
                45.83824325816191
              ],
              [
                -111.29545388221962,
                45.837440095874854
              ],
              [
                -111.2956981480202,
                45.83716366707461
              ],
              [
                -111.29569579588434,
                45.83735773181901
              ],
              [
                -111.2960777267781,
                45.837579485636425
              ],
              [
                -111.29641777175058,
                45.83805899884465
              ],
              [
                -111.29880113899237,
                45.83926511589048
              ],
              [
                -111.29845199588988,
                45.83966979444121
              ],
              [
                -111.2984559956718,
                45.83987593960989
              ],
              [
                -111.29921844839568,
                45.84107154406205
              ],
              [
                -111.29828248390895,
                45.84144218033454
              ],
              [
                -111.29784297582415,
                45.84109240990372
              ],
              [
                -111.29750081451888,
                45.841128258308665
              ],
              [
                -111.29755972373268,
                45.84169742914604
              ],
              [
                -111.29727702036813,
                45.842166588137154
              ],
              [
                -111.29795451962164,
                45.84230652795637
              ],
              [
                -111.29848188194936,
                45.84291374344425
              ],
              [
                -111.29850149304231,
                45.843148519375625
              ]
            ]
          ],
          [
            [
              [
                -111.29396161124016,
                45.842001625951454
              ],
              [
                -111.2948040730341,
                45.842261188678975
              ],
              [
                -111.2946990400016,
                45.84301501165518
              ],
              [
                -111.2950011187857,
                45.84313267396989
              ],
              [
                -111.29506465632925,
                45.84341318106329
              ],
              [
                -111.29470123645189,
                45.843680587536596
              ],
              [
                -111.29455917899656,
                45.8446462815763
              ],
              [
                -111.29431499043096,
                45.84473695943737
              ],
              [
                -111.29377727387273,
                45.84437110884912
              ],
              [
                -111.29365529749296,
                45.84458478334046
              ],
              [
                -111.29343511260346,
                45.84459380438964
              ],
              [
                -111.29299725201068,
                45.84384460984932
              ],
              [
                -111.29302627426712,
                45.843307755188
              ],
              [
                -111.29281565909723,
                45.84298920472351
              ],
              [
                -111.29295873691025,
                45.84265802504785
              ],
              [
                -111.29328505378278,
                45.84259417321364
              ],
              [
                -111.29293457599515,
                45.842333983106435
              ],
              [
                -111.29236085532388,
                45.84256538537569
              ],
              [
                -111.2913862200576,
                45.84264202229993
              ],
              [
                -111.29193523133911,
                45.84353186262657
              ],
              [
                -111.29165135186909,
                45.84390336191229
              ],
              [
                -111.29186824302343,
                45.844377776574674
              ],
              [
                -111.29105237284887,
                45.84418630113103
              ],
              [
                -111.29077288586473,
                45.84373589016357
              ],
              [
                -111.2905172926661,
                45.84363386582304
              ],
              [
                -111.29051242540241,
                45.842064058420874
              ],
              [
                -111.29015455426838,
                45.842066216404376
              ],
              [
                -111.29011028903501,
                45.84178708875939
              ],
              [
                -111.29033525941803,
                45.84150477821897
              ],
              [
                -111.29024481724602,
                45.84117116650233
              ],
              [
                -111.29047127663505,
                45.84040832248614
              ],
              [
                -111.28973777042364,
                45.83980267600599
              ],
              [
                -111.28857667949268,
                45.83936489429939
              ],
              [
                -111.28840300890933,
                45.83911403821588
              ],
              [
                -111.28850176739077,
                45.838846081704816
              ],
              [
                -111.28883075073387,
                45.83865609656148
              ],
              [
                -111.29014715700846,
                45.83846909214124
              ],
              [
                -111.29059835246997,
                45.83805217468551
              ],
              [
                -111.29003992723133,
                45.8370288275911
              ],
              [
                -111.29170406363805,
                45.83730494058056
              ],
              [
                -111.29125702512977,
                45.83798275408992
              ],
              [
                -111.29133115272082,
                45.83841567308248
              ],
              [
                -111.2919982191763,
                45.83886365195044
              ],
              [
                -111.29254793770787,
                45.83989123583826
              ],
              [
                -111.29378715724995,
                45.840596895458866
              ],
              [
                -111.29396341575617,
                45.84089183513951
              ],
              [
                -111.29392639138274,
                45.84136013103287
              ],
              [
                -111.29366306331963,
                45.84180316859172
              ],
              [
                -111.29396161124016,
                45.842001625951454
              ]
            ]
          ],
          [
            [
              [
                -111.29118962793012,
                45.84567047361754
              ],
              [
                -111.29052362691876,
                45.84567681179465
              ],
              [
                -111.2905190420586,
                45.844198086194474
              ],
              [
                -111.29067185256024,
                45.84441597723294
              ],
              [
                -111.29163958593776,
                45.84480347798708
              ],
              [
                -111.29098373697627,
                45.84509457516503
              ],
              [
                -111.29118962793012,
                45.84567047361754
              ]
            ]
          ],
          [
            [
              [
                -111.2898670576941,
                45.842067950025246
              ],
              [
                -111.28539153033073,
                45.84209493771246
              ],
              [
                -111.28618774272265,
                45.840819121509575
              ],
              [
                -111.28627214577068,
                45.840008035697245
              ],
              [
                -111.28653406204938,
                45.839790438721714
              ],
              [
                -111.28620311678249,
                45.83980769631562
              ],
              [
                -111.28571889762455,
                45.838746383100045
              ],
              [
                -111.28645020739863,
                45.838753835071316
              ],
              [
                -111.28720708991607,
                45.83908760388609
              ],
              [
                -111.28749355887847,
                45.840109382017665
              ],
              [
                -111.28813599429266,
                45.84047444941156
              ],
              [
                -111.28990814601312,
                45.84080209933794
              ],
              [
                -111.28961202898093,
                45.841302791330115
              ],
              [
                -111.28988469120698,
                45.841490580095034
              ],
              [
                -111.2898670576941,
                45.842067950025246
              ]
            ]
          ],
          [
            [
              [
                -111.30738153884491,
                45.8225222460081
              ],
              [
                -111.3071706094387,
                45.822646888928844
              ],
              [
                -111.3072103803335,
                45.822887233588446
              ],
              [
                -111.3083075408744,
                45.8233338005884
              ],
              [
                -111.3086613910153,
                45.82330642445778
              ],
              [
                -111.3087495595863,
                45.823597834577626
              ],
              [
                -111.30846685611886,
                45.82353280671424
              ],
              [
                -111.30799219243065,
                45.823779952064065
              ],
              [
                -111.30718135683222,
                45.82376201403825
              ],
              [
                -111.30609643247467,
                45.822826598446895
              ],
              [
                -111.3060699180674,
                45.82245368736275
              ],
              [
                -111.30696368089359,
                45.82177940469014
              ],
              [
                -111.30673651404247,
                45.82130310802845
              ],
              [
                -111.30605697554341,
                45.820724601899386
              ],
              [
                -111.3062075040269,
                45.820076909590114
              ],
              [
                -111.30593805830597,
                45.81961606576555
              ],
              [
                -111.30670631385367,
                45.81905403256885
              ],
              [
                -111.30771365951409,
                45.818948136234354
              ],
              [
                -111.30754375555837,
                45.81873461893128
              ],
              [
                -111.3068035819349,
                45.81882749316076
              ],
              [
                -111.30656825713744,
                45.818394888504926
              ],
              [
                -111.30593614339764,
                45.81861831485568
              ],
              [
                -111.30594522461429,
                45.81650060646726
              ],
              [
                -111.31060179840654,
                45.81646758671815
              ],
              [
                -111.31059167920388,
                45.81666046836329
              ],
              [
                -111.31004384292494,
                45.8169418372791
              ],
              [
                -111.30982852098604,
                45.81764608520902
              ],
              [
                -111.30947820176421,
                45.817880861175205
              ],
              [
                -111.3104344034776,
                45.818316918061605
              ],
              [
                -111.31028246308065,
                45.8185195323662
              ],
              [
                -111.30977878894277,
                45.81858267699358
              ],
              [
                -111.30972615585617,
                45.81891119016624
              ],
              [
                -111.3104165972614,
                45.8188457706191
              ],
              [
                -111.3104954316828,
                45.81857522488611
              ],
              [
                -111.3107958628987,
                45.818697358425
              ],
              [
                -111.31007012199944,
                45.81943816068947
              ],
              [
                -111.31073130544588,
                45.82011236463545
              ],
              [
                -111.30949804789881,
                45.82128788936708
              ],
              [
                -111.30901406351225,
                45.82199166714954
              ],
              [
                -111.30824408179264,
                45.822436352324836
              ],
              [
                -111.30738153884491,
                45.8225222460081
              ]
            ]
          ],
          [
            [
              [
                -111.30673122953986,
                45.878177908271354
              ],
              [
                -111.30672351393162,
                45.87676528244523
              ],
              [
                -111.30676337826453,
                45.878138111261045
              ],
              [
                -111.30673122953986,
                45.878177908271354
              ]
            ]
          ],
          [
            [
              [
                -111.3092264961061,
                45.88813895826801
              ],
              [
                -111.30949939413883,
                45.8886649085623
              ],
              [
                -111.30938675182252,
                45.888991695591415
              ],
              [
                -111.3084930688042,
                45.889238001971016
              ],
              [
                -111.30715030655132,
                45.88883897089024
              ],
              [
                -111.30677918266886,
                45.88886029098768
              ],
              [
                -111.30677354743365,
                45.887530489466684
              ],
              [
                -111.30795574354725,
                45.887367486266555
              ],
              [
                -111.3092264961061,
                45.88813895826801
              ]
            ]
          ],
          [
            [
              [
                -111.30773979364874,
                45.884828335253886
              ],
              [
                -111.30746548396559,
                45.88522030734891
              ],
              [
                -111.30710222121952,
                45.88533436026717
              ],
              [
                -111.3068290875976,
                45.88559494333497
              ],
              [
                -111.30684344295432,
                45.885739354440595
              ],
              [
                -111.3071464621077,
                45.88598001339691
              ],
              [
                -111.30786498681674,
                45.885809010619084
              ],
              [
                -111.30797888389678,
                45.88598260123252
              ],
              [
                -111.30754023903954,
                45.88642493289398
              ],
              [
                -111.3067673909315,
                45.886077679491194
              ],
              [
                -111.30674919633006,
                45.88172719751564
              ],
              [
                -111.3070378199672,
                45.88177280243873
              ],
              [
                -111.30748164217466,
                45.88242637774355
              ],
              [
                -111.30801480888307,
                45.882559257128456
              ],
              [
                -111.30761232547185,
                45.88329723439752
              ],
              [
                -111.3081300393629,
                45.88352165600616
              ],
              [
                -111.3077102995989,
                45.88375431292774
              ],
              [
                -111.30760346173126,
                45.88396061526761
              ],
              [
                -111.30791299263653,
                45.88449299736326
              ],
              [
                -111.30824605565911,
                45.88454821969914
              ],
              [
                -111.30851534410488,
                45.8844147914856
              ],
              [
                -111.30857323430124,
                45.884507901381184
              ],
              [
                -111.30842152836169,
                45.884843788022835
              ],
              [
                -111.30820769670581,
                45.88489697124917
              ],
              [
                -111.30796696040336,
                45.884803155456986
              ],
              [
                -111.30773979364874,
                45.884828335253886
              ]
            ]
          ],
          [
            [
              [
                -111.29632211253566,
                45.87564815514976
              ],
              [
                -111.29632851504901,
                45.87683378274743
              ],
              [
                -111.29622353935048,
                45.87686162073508
              ],
              [
                -111.29621097627094,
                45.87575683658779
              ],
              [
                -111.29632211253566,
                45.87564815514976
              ]
            ]
          ],
          [
            [
              [
                -111.30677323943628,
                45.88745780831609
              ],
              [
                -111.30676798273882,
                45.88621733404662
              ],
              [
                -111.30743693070728,
                45.88645489822482
              ],
              [
                -111.30775618855124,
                45.88696257071668
              ],
              [
                -111.30734178176397,
                45.88712839632797
              ],
              [
                -111.30733684040905,
                45.88734764084803
              ],
              [
                -111.30677323943628,
                45.88745780831609
              ]
            ]
          ],
          [
            [
              [
                -111.34667918395242,
                45.88774693945398
              ],
              [
                -111.3466926594344,
                45.88766359619615
              ],
              [
                -111.34669706710635,
                45.88766454005289
              ],
              [
                -111.34667918395242,
                45.88774693945398
              ]
            ]
          ],
          [
            [
              [
                -111.37823283366468,
                45.88735320851356
              ],
              [
                -111.37729660078625,
                45.887462517748276
              ],
              [
                -111.37753464807743,
                45.88737764641237
              ],
              [
                -111.37823283366468,
                45.88735320851356
              ]
            ]
          ],
          [
            [
              [
                -111.35591567169006,
                45.88941809981888
              ],
              [
                -111.35871030840914,
                45.889909629111315
              ],
              [
                -111.3587128323245,
                45.89001346984517
              ],
              [
                -111.34404103776619,
                45.88693456386543
              ],
              [
                -111.35591567169006,
                45.88941809981888
              ]
            ]
          ],
          [
            [
              [
                -111.30607360050416,
                45.88969605399817
              ],
              [
                -111.3060739320869,
                45.8896984544565
              ],
              [
                -111.3056818814187,
                45.88984482618115
              ],
              [
                -111.30607360050416,
                45.88969605399817
              ]
            ]
          ],
          [
            [
              [
                -111.30475325639607,
                45.889467618758204
              ],
              [
                -111.30478471565195,
                45.88946745937991
              ],
              [
                -111.3047195177981,
                45.889482781971104
              ],
              [
                -111.30472089417177,
                45.889476935162214
              ],
              [
                -111.30475325639607,
                45.889467618758204
              ]
            ]
          ],
          [
            [
              [
                -111.30228555719222,
                45.8895384285406
              ],
              [
                -111.30195821564203,
                45.889922763255925
              ],
              [
                -111.30222527770148,
                45.88956463372916
              ],
              [
                -111.30228555719222,
                45.8895384285406
              ]
            ]
          ],
          [
            [
              [
                -111.30188519254752,
                45.890020687035644
              ],
              [
                -111.30171144603611,
                45.89053668623181
              ],
              [
                -111.3018705645725,
                45.89004030311208
              ],
              [
                -111.30188519254752,
                45.890020687035644
              ]
            ]
          ],
          [
            [
              [
                -111.3017023652193,
                45.8905650145729
              ],
              [
                -111.30172552624784,
                45.89072870530011
              ],
              [
                -111.30170066076032,
                45.890570331770306
              ],
              [
                -111.3017023652193,
                45.8905650145729
              ]
            ]
          ],
          [
            [
              [
                -111.30193226938518,
                45.89096349720379
              ],
              [
                -111.30193308331486,
                45.89096442155902
              ],
              [
                -111.30167508951969,
                45.89124398833736
              ],
              [
                -111.30193226938518,
                45.89096349720379
              ]
            ]
          ],
          [
            [
              [
                -111.30057426611309,
                45.892319777161035
              ],
              [
                -111.30057078893424,
                45.89232216636314
              ],
              [
                -111.30055665872442,
                45.89231966040801
              ],
              [
                -111.30057426611309,
                45.892319777161035
              ]
            ]
          ],
          [
            [
              [
                -111.3003888362554,
                45.89228989753958
              ],
              [
                -111.30036511521588,
                45.892285690676324
              ],
              [
                -111.30031430972312,
                45.8922050261331
              ],
              [
                -111.3003888362554,
                45.89228989753958
              ]
            ]
          ],
          [
            [
              [
                -111.30024955422749,
                45.89210221298843
              ],
              [
                -111.3002144294007,
                45.89204644484299
              ],
              [
                -111.30015951990615,
                45.89136070916836
              ],
              [
                -111.30024955422749,
                45.89210221298843
              ]
            ]
          ],
          [
            [
              [
                -111.29950837772128,
                45.890672462906444
              ],
              [
                -111.29910593523954,
                45.89076144201101
              ],
              [
                -111.29911091415629,
                45.89073027453494
              ],
              [
                -111.29950837772128,
                45.890672462906444
              ]
            ]
          ],
          [
            [
              [
                -111.30386036237525,
                45.890640244940556
              ],
              [
                -111.30442964148945,
                45.89113158014315
              ],
              [
                -111.30401531319342,
                45.890836327473245
              ],
              [
                -111.30386036237525,
                45.890640244940556
              ]
            ]
          ],
          [
            [
              [
                -111.30382979923995,
                45.89061386641392
              ],
              [
                -111.30383539137317,
                45.8906186928898
              ],
              [
                -111.3031890101454,
                45.890562330836886
              ],
              [
                -111.30382979923995,
                45.89061386641392
              ]
            ]
          ],
          [
            [
              [
                -111.30203270351569,
                45.89046145468319
              ],
              [
                -111.30204127296386,
                45.89040710361263
              ],
              [
                -111.30212216471763,
                45.890702699182874
              ],
              [
                -111.30211075354086,
                45.89069952574659
              ],
              [
                -111.30203270351569,
                45.89046145468319
              ]
            ]
          ],
          [
            [
              [
                -111.30213735600093,
                45.890091879482824
              ],
              [
                -111.30205442862659,
                45.89032366482649
              ],
              [
                -111.30207278732698,
                45.89020722617137
              ],
              [
                -111.30213735600093,
                45.890091879482824
              ]
            ]
          ],
          [
            [
              [
                -111.30234085466387,
                45.889744705430935
              ],
              [
                -111.30231107290524,
                45.889781548351124
              ],
              [
                -111.30232913351863,
                45.889749284533096
              ],
              [
                -111.30234085466387,
                45.889744705430935
              ]
            ]
          ],
          [
            [
              [
                -111.30195033978279,
                45.892065191340485
              ],
              [
                -111.3020918487064,
                45.89224803872096
              ],
              [
                -111.30208774264224,
                45.89230963063389
              ],
              [
                -111.30195033978279,
                45.892065191340485
              ]
            ]
          ],
          [
            [
              [
                -111.30203305245439,
                45.891654095982354
              ],
              [
                -111.30205388248051,
                45.89169369338148
              ],
              [
                -111.30205082916605,
                45.89170464828333
              ],
              [
                -111.30203305245439,
                45.891654095982354
              ]
            ]
          ],
          [
            [
              [
                -111.30190170236095,
                45.891415427106935
              ],
              [
                -111.30190657037582,
                45.89141365646869
              ],
              [
                -111.30191615691116,
                45.89143188025124
              ],
              [
                -111.30190170236095,
                45.891415427106935
              ]
            ]
          ],
          [
            [
              [
                -111.30135927423807,
                45.89164304288749
              ],
              [
                -111.30137410833471,
                45.89160732836109
              ],
              [
                -111.30140515731905,
                45.891596034944676
              ],
              [
                -111.30135927423807,
                45.89164304288749
              ]
            ]
          ],
          [
            [
              [
                -111.30117471067689,
                45.89212002218861
              ],
              [
                -111.30114134944968,
                45.89216771795172
              ],
              [
                -111.30122712328472,
                45.891961209124794
              ],
              [
                -111.30117471067689,
                45.89212002218861
              ]
            ]
          ],
          [
            [
              [
                -111.30054066784935,
                45.892792344256065
              ],
              [
                -111.30028290973891,
                45.89277955925135
              ],
              [
                -111.30057252638649,
                45.89277360829493
              ],
              [
                -111.30054066784935,
                45.892792344256065
              ]
            ]
          ],
          [
            [
              [
                -111.30029708808466,
                45.892673604128824
              ],
              [
                -111.30030236229511,
                45.89267091662517
              ],
              [
                -111.30043649772897,
                45.89270284251429
              ],
              [
                -111.30029708808466,
                45.892673604128824
              ]
            ]
          ],
          [
            [
              [
                -111.30009704762918,
                45.892779561815814
              ],
              [
                -111.30010115982822,
                45.892773440475615
              ],
              [
                -111.30010310351643,
                45.89277245005834
              ],
              [
                -111.30009704762918,
                45.892779561815814
              ]
            ]
          ],
          [
            [
              [
                -111.31420201910785,
                45.82335457388006
              ],
              [
                -111.3146550531092,
                45.82337284638013
              ],
              [
                -111.31463565630536,
                45.823822432208374
              ],
              [
                -111.31594307556689,
                45.82383644076958
              ],
              [
                -111.31320444284768,
                45.82381703281708
              ],
              [
                -111.31341736277228,
                45.82332292153959
              ],
              [
                -111.31420201910785,
                45.82335457388006
              ]
            ]
          ],
          [
            [
              [
                -111.31218542674621,
                45.82412495657567
              ],
              [
                -111.3121378217233,
                45.82380907999511
              ],
              [
                -111.31319764414957,
                45.82381698518796
              ],
              [
                -111.31281483696279,
                45.824652295000604
              ],
              [
                -111.31211069269096,
                45.82460199230094
              ],
              [
                -111.31218542674621,
                45.82412495657567
              ]
            ]
          ],
          [
            [
              [
                -111.28589998855938,
                45.8749884845333
              ],
              [
                -111.28580536697352,
                45.87498908838123
              ],
              [
                -111.28333000951636,
                45.87498732320926
              ],
              [
                -111.28398509518276,
                45.87498663232266
              ],
              [
                -111.28591151221904,
                45.87498849563256
              ],
              [
                -111.28589998855938,
                45.8749884845333
              ]
            ]
          ],
          [
            [
              [
                -111.27506971930832,
                45.87863486269663
              ],
              [
                -111.27514163228336,
                45.8749982118129
              ],
              [
                -111.28023496867326,
                45.87499053615046
              ],
              [
                -111.28018095150927,
                45.87864454286349
              ],
              [
                -111.27009412585369,
                45.878641029235254
              ],
              [
                -111.27506971930832,
                45.87863486269663
              ]
            ]
          ]
        ]
      }
    }
  ]
}